source_event_id,event_id,source,disaster_type,year,month,date,date_precision,latitude,longitude,coord_source,state_name,district_name,duration_days,cause,fatalities,alert_level,alert_score,description,episode_id,event_name,glide,country,iso3,from_date,to_date,date_modified,source_name,severity_data
HIST_FL_000001,HIST_FL_000001,HISTORICAL,FLOOD,1990,3,1990-03-01,month,,,missing,Jammu and Kashmir,,1.0,heavy rains,5.0,,,,,,,,,,,,,
HIST_FL_000002,HIST_FL_000002,HISTORICAL,FLOOD,1990,3,1990-03-01,month,,,missing,Jammu and Kashmir,,1.0,heavy rains,32.0,,,,,,,,,,,,,
HIST_FL_000003,HIST_FL_000003,HISTORICAL,FLOOD,1990,5,1990-05-01,month,,,missing,Karnataka,,1.0,heavy rains,2.0,,,,,,,,,,,,,
HIST_FL_000004,HIST_FL_000004,HISTORICAL,FLOOD,1990,5,1990-05-01,month,,,missing,Karnataka,,1.0,heavy rains,,,,,,,,,,,,,,
HIST_FL_000005,HIST_FL_000005,HISTORICAL,FLOOD,1990,5,1990-05-01,month,,,missing,Kerala,,1.0,heavy rains,,,,,,,,,,,,,,
HIST_FL_000006,HIST_FL_000006,HISTORICAL,FLOOD,1990,5,1990-05-01,month,,,missing,Maharashtra,,1.0,heavy rains,,,,,,,,,,,,,,
HIST_FL_000007,HIST_FL_000007,HISTORICAL,FLOOD,1990,5,1990-05-01,month,,,missing,West Bengal,,2.0,heavy rains,1.0,,,,,,,,,,,,,
HIST_FL_000008,HIST_FL_000008,HISTORICAL,FLOOD,1990,6,1990-06-01,month,,,missing,Arunachal Pradesh,,7.0,severe,1.0,,,,,,,,,,,,,
HIST_FL_000009,HIST_FL_000009,HISTORICAL,FLOOD,1990,6,1990-06-01,month,,,missing,Assam,,54.0,severe,118.0,,,,,,,,,,,,,
HIST_FL_000010,HIST_FL_000010,HISTORICAL,FLOOD,1990,6,1990-06-01,month,,,missing,Karnataka,,1.0,heavy rains,,,,,,,,,,,,,,
HIST_FL_000011,HIST_FL_000011,HISTORICAL,FLOOD,1990,6,1990-06-01,month,,,missing,Maharashtra,,2.0,heavy rains,22.0,,,,,,,,,,,,,
HIST_FL_000012,HIST_FL_000012,HISTORICAL,FLOOD,1990,6,1990-06-01,month,,,missing,Maharashtra,,2.0,heavy rains,7.0,,,,,,,,,,,,,
HIST_FL_000013,HIST_FL_000013,HISTORICAL,FLOOD,1990,6,1990-06-01,month,,,missing,Maharashtra,,1.0,heavy rains,21.0,,,,,,,,,,,,,
HIST_FL_000014,HIST_FL_000014,HISTORICAL,FLOOD,1990,6,1990-06-01,month,,,missing,Maharashtra,,2.0,heavy rains,10.0,,,,,,,,,,,,,
HIST_FL_000015,HIST_FL_000015,HISTORICAL,FLOOD,1990,6,1990-06-01,month,,,missing,Odisha,,1.0,heavy rains,3.0,,,,,,,,,,,,,
HIST_FL_000016,HIST_FL_000016,HISTORICAL,FLOOD,1990,6,1990-06-01,month,,,missing,Odisha,,2.0,heavy rains,2.0,,,,,,,,,,,,,
HIST_FL_000017,HIST_FL_000017,HISTORICAL,FLOOD,1990,6,1990-06-01,month,,,missing,Tripura,,1.0,heavy rains,,,,,,,,,,,,,,
HIST_FL_000018,HIST_FL_000018,HISTORICAL,FLOOD,1990,6,1990-06-01,month,,,missing,West Bengal,,1.0,heavy rains,,,,,,,,,,,,,,
HIST_FL_000019,HIST_FL_000019,HISTORICAL,FLOOD,1990,7,1990-07-01,month,,,missing,Arunachal Pradesh,,1.0,heavy rains,,,,,,,,,,,,,,
HIST_FL_000020,HIST_FL_000020,HISTORICAL,FLOOD,1990,7,1990-07-01,month,,,missing,Arunachal Pradesh,,1.0,heavy rains,8.0,,,,,,,,,,,,,
HIST_FL_000021,HIST_FL_000021,HISTORICAL,FLOOD,1990,7,1990-07-01,month,,,missing,Bihar,,38.0,severe,4.0,,,,,,,,,,,,,
HIST_FL_000022,HIST_FL_000022,HISTORICAL,FLOOD,1990,7,1990-07-01,month,,,missing,Chandigarh,,1.0,heavy rains,,,,,,,,,,,,,,
HIST_FL_000023,HIST_FL_000023,HISTORICAL,FLOOD,1990,7,1990-07-01,month,,,missing,Gujarat,,7.0,severe,38.0,,,,,,,,,,,,,
HIST_FL_000024,HIST_FL_000024,HISTORICAL,FLOOD,1990,7,1990-07-01,month,,,missing,Haryana,,5.0,heavy rains,12.0,,,,,,,,,,,,,
HIST_FL_000025,HIST_FL_000025,HISTORICAL,FLOOD,1990,7,1990-07-01,month,,,missing,Himachal Pradesh,,5.0,heavy rains,1.0,,,,,,,,,,,,,
HIST_FL_000026,HIST_FL_000026,HISTORICAL,FLOOD,1990,7,1990-07-01,month,,,missing,Himachal Pradesh,,5.0,heavy rains,18.0,,,,,,,,,,,,,
HIST_FL_000027,HIST_FL_000027,HISTORICAL,FLOOD,1990,7,1990-07-01,month,,,missing,Himachal Pradesh,,1.0,heavy rains,3.0,,,,,,,,,,,,,
HIST_FL_000028,HIST_FL_000028,HISTORICAL,FLOOD,1990,7,1990-07-01,month,,,missing,Himachal Pradesh,,1.0,heavy rains,4.0,,,,,,,,,,,,,
HIST_FL_000029,HIST_FL_000029,HISTORICAL,FLOOD,1990,7,1990-07-01,month,,,missing,Kerala,,1.0,heavy rains,,,,,,,,,,,,,,
HIST_FL_000030,HIST_FL_000030,HISTORICAL,FLOOD,1990,7,1990-07-01,month,,,missing,Madhya Pradesh,,6.0,heavy rains,,,,,,,,,,,,,,
HIST_FL_000031,HIST_FL_000031,HISTORICAL,FLOOD,1990,7,1990-07-01,month,,,missing,Maharashtra,,1.0,heavy rains,3.0,,,,,,,,,,,,,
HIST_FL_000032,HIST_FL_000032,HISTORICAL,FLOOD,1990,7,1990-07-01,month,,,missing,Manipur,,1.0,severe,,,,,,,,,,,,,,
HIST_FL_000033,HIST_FL_000033,HISTORICAL,FLOOD,1990,7,1990-07-01,month,,,missing,Nagaland,,1.0,severe,,,,,,,,,,,,,,
HIST_FL_000034,HIST_FL_000034,HISTORICAL,FLOOD,1990,7,1990-07-01,month,,,missing,Punjab,,5.0,heavy rains,2.0,,,,,,,,,,,,,
HIST_FL_000035,HIST_FL_000035,HISTORICAL,FLOOD,1990,7,1990-07-01,month,,,missing,Rajasthan,,6.0,severe,90.0,,,,,,,,,,,,,
HIST_FL_000036,HIST_FL_000036,HISTORICAL,FLOOD,1990,7,1990-07-01,month,,,missing,Uttarakhand,,1.0,heavy rains,70.0,,,,,,,,,,,,,
HIST_FL_000037,HIST_FL_000037,HISTORICAL,FLOOD,1990,7,1990-07-01,month,,,missing,Uttar Pradesh,,14.0,severe,210.0,,,,,,,,,,,,,
HIST_FL_000038,HIST_FL_000038,HISTORICAL,FLOOD,1990,7,1990-07-01,month,,,missing,West Bengal,,2.0,heavy rains,3.0,,,,,,,,,,,,,
HIST_FL_000039,HIST_FL_000039,HISTORICAL,FLOOD,1990,7,1990-07-01,month,,,missing,West Bengal,,1.0,heavy rains,4.0,,,,,,,,,,,,,
HIST_FL_000040,HIST_FL_000040,HISTORICAL,FLOOD,1990,7,1990-07-01,month,,,missing,West Bengal,,1.0,heavy rains,4.0,,,,,,,,,,,,,
HIST_FL_000041,HIST_FL_000041,HISTORICAL,FLOOD,1990,7,1990-07-01,month,,,missing,West Bengal,,7.0,heavy rains,3.0,,,,,,,,,,,,,
HIST_FL_000042,HIST_FL_000042,HISTORICAL,FLOOD,1990,7,1990-07-01,month,,,missing,West Bengal,,1.0,heavy rains,1.0,,,,,,,,,,,,,
HIST_FL_000043,HIST_FL_000043,HISTORICAL,FLOOD,1990,7,1990-07-01,month,,,missing,West Bengal,,1.0,heavy rains,12.0,,,,,,,,,,,,,
HIST_FL_000044,HIST_FL_000044,HISTORICAL,FLOOD,1990,7,1990-07-01,month,,,missing,West Bengal,,3.0,severe,4.0,,,,,,,,,,,,,
HIST_FL_000045,HIST_FL_000045,HISTORICAL,FLOOD,1990,7,1990-07-01,month,,,missing,West Bengal,,1.0,heavy rains,,,,,,,,,,,,,,
HIST_FL_000046,HIST_FL_000046,HISTORICAL,FLOOD,1990,7,1990-07-01,month,,,missing,West Bengal,,2.0,heavy rains,1.0,,,,,,,,,,,,,
HIST_FL_000047,HIST_FL_000047,HISTORICAL,FLOOD,1990,7,1990-07-01,month,,,missing,West Bengal,,3.0,severe,,,,,,,,,,,,,,
HIST_FL_000048,HIST_FL_000048,HISTORICAL,FLOOD,1990,7,1990-07-01,month,,,missing,West Bengal,,1.0,heavy rains,1.0,,,,,,,,,,,,,
HIST_FL_000049,HIST_FL_000049,HISTORICAL,FLOOD,1990,8,1990-08-01,month,,,missing,Andhra Pradesh,,31.0,severe,36.0,,,,,,,,,,,,,
HIST_FL_000050,HIST_FL_000050,HISTORICAL,FLOOD,1990,8,1990-08-01,month,,,missing,Arunachal Pradesh,,14.0,severe,,,,,,,,,,,,,,
HIST_FL_000051,HIST_FL_000051,HISTORICAL,FLOOD,1990,8,1990-08-01,month,,,missing,Assam,,14.0,severe,7.0,,,,,,,,,,,,,
HIST_FL_000052,HIST_FL_000052,HISTORICAL,FLOOD,1990,8,1990-08-01,month,,,missing,Delhi,,1.0,heavy rains,3.0,,,,,,,,,,,,,
HIST_FL_000053,HIST_FL_000053,HISTORICAL,FLOOD,1990,8,1990-08-01,month,,,missing,Gujarat,,1.0,heavy rains,4.0,,,,,,,,,,,,,
HIST_FL_000054,HIST_FL_000054,HISTORICAL,FLOOD,1990,8,1990-08-01,month,,,missing,Gujarat,,6.0,severe,96.0,,,,,,,,,,,,,
HIST_FL_000055,HIST_FL_000055,HISTORICAL,FLOOD,1990,8,1990-08-01,month,,,missing,Himachal Pradesh,,3.0,heavy rains,26.0,,,,,,,,,,,,,
HIST_FL_000056,HIST_FL_000056,HISTORICAL,FLOOD,1990,8,1990-08-01,month,,,missing,Jammu and Kashmir,,1.0,heavy rains,3.0,,,,,,,,,,,,,
HIST_FL_000057,HIST_FL_000057,HISTORICAL,FLOOD,1990,8,1990-08-01,month,,,missing,Karnataka,,1.0,heavy rains,15.0,,,,,,,,,,,,,
HIST_FL_000058,HIST_FL_000058,HISTORICAL,FLOOD,1990,8,1990-08-01,month,,,missing,Karnataka,,1.0,heavy rains,13.0,,,,,,,,,,,,,
HIST_FL_000059,HIST_FL_000059,HISTORICAL,FLOOD,1990,8,1990-08-01,month,,,missing,Madhya Pradesh,,3.0,heavy rains,7.0,,,,,,,,,,,,,
HIST_FL_000060,HIST_FL_000060,HISTORICAL,FLOOD,1990,8,1990-08-01,month,,,missing,Maharashtra,,1.0,heavy rains,2.0,,,,,,,,,,,,,
HIST_FL_000061,HIST_FL_000061,HISTORICAL,FLOOD,1990,8,1990-08-01,month,,,missing,Maharashtra,,3.0,heavy rains,13.0,,,,,,,,,,,,,
HIST_FL_000062,HIST_FL_000062,HISTORICAL,FLOOD,1990,8,1990-08-01,month,,,missing,Maharashtra,,1.0,heavy rains,8.0,,,,,,,,,,,,,
HIST_FL_000063,HIST_FL_000063,HISTORICAL,FLOOD,1990,8,1990-08-01,month,,,missing,Maharashtra,,4.0,heavy rains,3.0,,,,,,,,,,,,,
HIST_FL_000064,HIST_FL_000064,HISTORICAL,FLOOD,1990,8,1990-08-01,month,,,missing,Maharashtra,,1.0,heavy rains,6.0,,,,,,,,,,,,,
HIST_FL_000065,HIST_FL_000065,HISTORICAL,FLOOD,1990,8,1990-08-01,month,,,missing,Maharashtra,,1.0,heavy rains,2.0,,,,,,,,,,,,,
HIST_FL_000066,HIST_FL_000066,HISTORICAL,FLOOD,1990,8,1990-08-01,month,,,missing,Maharashtra,,1.0,heavy rains,11.0,,,,,,,,,,,,,
HIST_FL_000067,HIST_FL_000067,HISTORICAL,FLOOD,1990,8,1990-08-01,month,,,missing,Maharashtra,,1.0,heavy rains,10.0,,,,,,,,,,,,,
HIST_FL_000068,HIST_FL_000068,HISTORICAL,FLOOD,1990,8,1990-08-01,month,,,missing,Maharashtra,,3.0,severe,46.0,,,,,,,,,,,,,
HIST_FL_000069,HIST_FL_000069,HISTORICAL,FLOOD,1990,8,1990-08-01,month,,,missing,Maharashtra,,1.0,heavy rains,1.0,,,,,,,,,,,,,
HIST_FL_000070,HIST_FL_000070,HISTORICAL,FLOOD,1990,8,1990-08-01,month,,,missing,Odisha,,7.0,severe,3.0,,,,,,,,,,,,,
HIST_FL_000071,HIST_FL_000071,HISTORICAL,FLOOD,1990,8,1990-08-01,month,,,missing,Odisha,,2.0,severe,,,,,,,,,,,,,,
HIST_FL_000072,HIST_FL_000072,HISTORICAL,FLOOD,1990,8,1990-08-01,month,,,missing,Rajasthan,,4.0,heavy rains,17.0,,,,,,,,,,,,,
HIST_FL_000073,HIST_FL_000073,HISTORICAL,FLOOD,1990,8,1990-08-01,month,,,missing,Sikkim,,1.0,heavy rains,,,,,,,,,,,,,,
HIST_FL_000074,HIST_FL_000074,HISTORICAL,FLOOD,1990,8,1990-08-01,month,,,missing,West Bengal,,1.0,severe,,,,,,,,,,,,,,
HIST_FL_000075,HIST_FL_000075,HISTORICAL,FLOOD,1990,8,1990-08-01,month,,,missing,West Bengal,,1.0,severe,,,,,,,,,,,,,,
HIST_FL_000076,HIST_FL_000076,HISTORICAL,FLOOD,1990,8,1990-08-01,month,,,missing,West Bengal,,1.0,severe,,,,,,,,,,,,,,
HIST_FL_000077,HIST_FL_000077,HISTORICAL,FLOOD,1990,9,1990-09-01,month,,,missing,Assam,,7.0,severe,,,,,,,,,,,,,,
HIST_FL_000078,HIST_FL_000078,HISTORICAL,FLOOD,1990,9,1990-09-01,month,,,missing,Himachal Pradesh,,4.0,heavy rains,2.0,,,,,,,,,,,,,
HIST_FL_000079,HIST_FL_000079,HISTORICAL,FLOOD,1990,9,1990-09-01,month,,,missing,Jammu and Kashmir,,3.0,heavy rains,21.0,,,,,,,,,,,,,
HIST_FL_000080,HIST_FL_000080,HISTORICAL,FLOOD,1990,9,1990-09-01,month,,,missing,Madhya Pradesh,,2.0,heavy rains,,,,,,,,,,,,,,
HIST_FL_000081,HIST_FL_000081,HISTORICAL,FLOOD,1990,9,1990-09-01,month,,,missing,Madhya Pradesh,,4.0,heavy rains,8.0,,,,,,,,,,,,,
HIST_FL_000082,HIST_FL_000082,HISTORICAL,FLOOD,1990,9,1990-09-01,month,,,missing,Maharashtra,,1.0,heavy rains,,,,,,,,,,,,,,
HIST_FL_000083,HIST_FL_000083,HISTORICAL,FLOOD,1990,9,1990-09-01,month,,,missing,Odisha,,1.0,heavy rains,2.0,,,,,,,,,,,,,
HIST_FL_000084,HIST_FL_000084,HISTORICAL,FLOOD,1990,9,1990-09-01,month,,,missing,Odisha,,1.0,heavy rains,,,,,,,,,,,,,,
HIST_FL_000085,HIST_FL_000085,HISTORICAL,FLOOD,1990,9,1990-09-01,month,,,missing,Punjab,,4.0,heavy rains,5.0,,,,,,,,,,,,,
HIST_FL_000086,HIST_FL_000086,HISTORICAL,FLOOD,1990,9,1990-09-01,month,,,missing,Sikkim,,1.0,heavy rains,37.0,,,,,,,,,,,,,
HIST_FL_000087,HIST_FL_000087,HISTORICAL,FLOOD,1990,9,1990-09-01,month,,,missing,West Bengal,,1.0,heavy rains,12.0,,,,,,,,,,,,,
HIST_FL_000088,HIST_FL_000088,HISTORICAL,FLOOD,1990,9,1990-09-01,month,,,missing,West Bengal,,1.0,severe,,,,,,,,,,,,,,
HIST_FL_000089,HIST_FL_000089,HISTORICAL,FLOOD,1990,9,1990-09-01,month,,,missing,West Bengal,,1.0,heavy rains,16.0,,,,,,,,,,,,,
HIST_FL_000090,HIST_FL_000090,HISTORICAL,FLOOD,1990,10,1990-10-01,month,,,missing,Assam,,19.0,severe,15.0,,,,,,,,,,,,,
HIST_FL_000091,HIST_FL_000091,HISTORICAL,FLOOD,1990,10,1990-10-01,month,,,missing,Maharashtra,,3.0,severe,6.0,,,,,,,,,,,,,
HIST_FL_000092,HIST_FL_000092,HISTORICAL,FLOOD,1990,10,1990-10-01,month,,,missing,Meghalaya,,9.0,severe,9.0,,,,,,,,,,,,,
HIST_FL_000093,HIST_FL_000093,HISTORICAL,FLOOD,1990,10,1990-10-01,month,,,missing,Odisha,,4.0,heavy rains,,,,,,,,,,,,,,
HIST_FL_000094,HIST_FL_000094,HISTORICAL,FLOOD,1990,10,1990-10-01,month,,,missing,Odisha,,2.0,severe,5.0,,,,,,,,,,,,,
HIST_FL_000095,HIST_FL_000095,HISTORICAL,FLOOD,1990,10,1990-10-01,month,,,missing,Odisha,,1.0,heavy rains,,,,,,,,,,,,,,
HIST_FL_000096,HIST_FL_000096,HISTORICAL,FLOOD,1990,10,1990-10-01,month,,,missing,Tamil Nadu,,14.0,heavy rains,62.0,,,,,,,,,,,,,
HIST_FL_000097,HIST_FL_000097,HISTORICAL,FLOOD,1990,10,1990-10-01,month,,,missing,West Bengal,,1.0,heavy rains,2.0,,,,,,,,,,,,,
HIST_FL_000098,HIST_FL_000098,HISTORICAL,FLOOD,1990,10,1990-10-01,month,,,missing,West Bengal,,5.0,severe,8.0,,,,,,,,,,,,,
HIST_FL_000099,HIST_FL_000099,HISTORICAL,FLOOD,1990,10,1990-10-01,month,,,missing,West Bengal,,1.0,heavy rains,,,,,,,,,,,,,,
HIST_FL_000100,HIST_FL_000100,HISTORICAL,FLOOD,1990,11,1990-11-01,month,,,missing,Kerala,,1.0,heavy rains,,,,,,,,,,,,,,
HIST_FL_000101,HIST_FL_000101,HISTORICAL,FLOOD,1990,11,1990-11-01,month,,,missing,Odisha,,4.0,"heavy rains, flash flood",77.0,,,,,,,,,,,,,
HIST_FL_000102,HIST_FL_000102,HISTORICAL,FLOOD,1990,11,1990-11-01,month,,,missing,Odisha,,2.0,flash flood,159.0,,,,,,,,,,,,,
HIST_FL_000103,HIST_FL_000103,HISTORICAL,FLOOD,1991,3,1991-03-01,month,,,missing,Kerala,,1.0,heavy rains,,,,,,,,,,,,,,
HIST_FL_000104,HIST_FL_000104,HISTORICAL,FLOOD,1991,4,1991-04-01,month,,,missing,Jammu and Kashmir,,11.0,heavy rains,21.0,,,,,,,,,,,,,
HIST_FL_000105,HIST_FL_000105,HISTORICAL,FLOOD,1991,4,1991-04-01,month,,,missing,Karnataka,,1.0,heavy rains,2.0,,,,,,,,,,,,,
HIST_FL_000106,HIST_FL_000106,HISTORICAL,FLOOD,1991,4,1991-04-01,month,,,missing,Mizoram,,2.0,heavy rains,2.0,,,,,,,,,,,,,
HIST_FL_000107,HIST_FL_000107,HISTORICAL,FLOOD,1991,4,1991-04-01,month,,,missing,Odisha,,3.0,heavy rains,,,,,,,,,,,,,,
HIST_FL_000108,HIST_FL_000108,HISTORICAL,FLOOD,1991,4,1991-04-01,month,,,missing,Tripura,,2.0,heavy rains,5.0,,,,,,,,,,,,,
HIST_FL_000109,HIST_FL_000109,HISTORICAL,FLOOD,1991,4,1991-04-01,month,,,missing,West Bengal,,1.0,heavy rains,,,,,,,,,,,,,,
HIST_FL_000110,HIST_FL_000110,HISTORICAL,FLOOD,1991,5,1991-05-01,month,,,missing,Arunachal Pradesh,,1.0,heavy rains,10.0,,,,,,,,,,,,,
HIST_FL_000111,HIST_FL_000111,HISTORICAL,FLOOD,1991,5,1991-05-01,month,,,missing,Arunachal Pradesh,,1.0,heavy rains,44.0,,,,,,,,,,,,,
HIST_FL_000112,HIST_FL_000112,HISTORICAL,FLOOD,1991,5,1991-05-01,month,,,missing,Arunachal Pradesh,,2.0,heavy rains,,,,,,,,,,,,,,
HIST_FL_000113,HIST_FL_000113,HISTORICAL,FLOOD,1991,5,1991-05-01,month,,,missing,Arunachal Pradesh,,1.0,heavy rains,,,,,,,,,,,,,,
HIST_FL_000114,HIST_FL_000114,HISTORICAL,FLOOD,1991,5,1991-05-01,month,,,missing,Assam,,1.0,heavy rains,,,,,,,,,,,,,,
HIST_FL_000115,HIST_FL_000115,HISTORICAL,FLOOD,1991,5,1991-05-01,month,,,missing,Assam,,3.0,heavy rains,,,,,,,,,,,,,,
HIST_FL_000116,HIST_FL_000116,HISTORICAL,FLOOD,1991,5,1991-05-01,month,,,missing,Assam,,15.0,severe floods,39.0,,,,,,,,,,,,,
HIST_FL_000117,HIST_FL_000117,HISTORICAL,FLOOD,1991,5,1991-05-01,month,,,missing,Karnataka,,1.0,heavy rains,2.0,,,,,,,,,,,,,
HIST_FL_000118,HIST_FL_000118,HISTORICAL,FLOOD,1991,5,1991-05-01,month,,,missing,Karnataka,,1.0,heavy rains,8.0,,,,,,,,,,,,,
HIST_FL_000119,HIST_FL_000119,HISTORICAL,FLOOD,1991,5,1991-05-01,month,,,missing,Karnataka,,1.0,heavy rains,4.0,,,,,,,,,,,,,
HIST_FL_000120,HIST_FL_000120,HISTORICAL,FLOOD,1991,5,1991-05-01,month,,,missing,Kerala,,1.0,heavy rains,,,,,,,,,,,,,,
HIST_FL_000121,HIST_FL_000121,HISTORICAL,FLOOD,1991,5,1991-05-01,month,,,missing,Maharashtra,,1.0,heavy rains,2.0,,,,,,,,,,,,,
HIST_FL_000122,HIST_FL_000122,HISTORICAL,FLOOD,1991,5,1991-05-01,month,,,missing,Manipur,,6.0,heavy rains,,,,,,,,,,,,,,
HIST_FL_000123,HIST_FL_000123,HISTORICAL,FLOOD,1991,5,1991-05-01,month,,,missing,Meghalaya,,1.0,heavy rains,,,,,,,,,,,,,,
HIST_FL_000124,HIST_FL_000124,HISTORICAL,FLOOD,1991,5,1991-05-01,month,,,missing,Mizoram,,1.0,severe flood,5.0,,,,,,,,,,,,,
HIST_FL_000125,HIST_FL_000125,HISTORICAL,FLOOD,1991,5,1991-05-01,month,,,missing,Tripura,,2.0,heavy rains,7.0,,,,,,,,,,,,,
HIST_FL_000126,HIST_FL_000126,HISTORICAL,FLOOD,1991,6,1991-06-01,month,,,missing,Andhra Pradesh,,1.0,heavy rains,9.0,,,,,,,,,,,,,
HIST_FL_000127,HIST_FL_000127,HISTORICAL,FLOOD,1991,6,1991-06-01,month,,,missing,Assam,,19.0,severe floods,36.0,,,,,,,,,,,,,
HIST_FL_000128,HIST_FL_000128,HISTORICAL,FLOOD,1991,6,1991-06-01,month,,,missing,Karnataka,,1.0,heavy rains,1.0,,,,,,,,,,,,,
HIST_FL_000129,HIST_FL_000129,HISTORICAL,FLOOD,1991,6,1991-06-01,month,,,missing,Karnataka,,1.0,heavy rains,,,,,,,,,,,,,,
HIST_FL_000130,HIST_FL_000130,HISTORICAL,FLOOD,1991,6,1991-06-01,month,,,missing,Kerala,,1.0,heavy rains,,,,,,,,,,,,,,
HIST_FL_000131,HIST_FL_000131,HISTORICAL,FLOOD,1991,6,1991-06-01,month,,,missing,Kerala,,1.0,heavy rains,22.0,,,,,,,,,,,,,
HIST_FL_000132,HIST_FL_000132,HISTORICAL,FLOOD,1991,6,1991-06-01,month,,,missing,Kerala,,1.0,heavy rains,8.0,,,,,,,,,,,,,
HIST_FL_000133,HIST_FL_000133,HISTORICAL,FLOOD,1991,6,1991-06-01,month,,,missing,Kerala,,1.0,heavy rains,,,,,,,,,,,,,,
HIST_FL_000134,HIST_FL_000134,HISTORICAL,FLOOD,1991,6,1991-06-01,month,,,missing,Madhya Pradesh,,1.0,heavy rains,,,,,,,,,,,,,,
HIST_FL_000135,HIST_FL_000135,HISTORICAL,FLOOD,1991,6,1991-06-01,month,,,missing,Maharashtra,,1.0,heavy rains,3.0,,,,,,,,,,,,,
HIST_FL_000136,HIST_FL_000136,HISTORICAL,FLOOD,1991,6,1991-06-01,month,,,missing,Maharashtra,,1.0,heavy rains,14.0,,,,,,,,,,,,,
HIST_FL_000137,HIST_FL_000137,HISTORICAL,FLOOD,1991,6,1991-06-01,month,,,missing,Maharashtra,,2.0,heavy rains,,,,,,,,,,,,,,
HIST_FL_000138,HIST_FL_000138,HISTORICAL,FLOOD,1991,6,1991-06-01,month,,,missing,Maharashtra,,4.0,heavy rains,74.0,,,,,,,,,,,,,
HIST_FL_000139,HIST_FL_000139,HISTORICAL,FLOOD,1991,6,1991-06-01,month,,,missing,Maharashtra,,2.0,heavy rains,,,,,,,,,,,,,,
HIST_FL_000140,HIST_FL_000140,HISTORICAL,FLOOD,1991,6,1991-06-01,month,,,missing,Maharashtra,,1.0,heavy rains,4.0,,,,,,,,,,,,,
HIST_FL_000141,HIST_FL_000141,HISTORICAL,FLOOD,1991,6,1991-06-01,month,,,missing,Maharashtra,,2.0,heavy rains,5.0,,,,,,,,,,,,,
HIST_FL_000142,HIST_FL_000142,HISTORICAL,FLOOD,1991,6,1991-06-01,month,,,missing,West Bengal,,1.0,heavy rains,8.0,,,,,,,,,,,,,
HIST_FL_000143,HIST_FL_000143,HISTORICAL,FLOOD,1991,6,1991-06-01,month,,,missing,West Bengal,,1.0,heavy rains,,,,,,,,,,,,,,
HIST_FL_000144,HIST_FL_000144,HISTORICAL,FLOOD,1991,6,1991-06-01,month,,,missing,West Bengal,,1.0,heavy rains,1.0,,,,,,,,,,,,,
HIST_FL_000145,HIST_FL_000145,HISTORICAL,FLOOD,1991,7,1991-07-01,month,,,missing,Andhra Pradesh,,2.0,severe flood,15.0,,,,,,,,,,,,,
HIST_FL_000146,HIST_FL_000146,HISTORICAL,FLOOD,1991,7,1991-07-01,month,,,missing,Arunachal Pradesh,,1.0,flash flood,25.0,,,,,,,,,,,,,
HIST_FL_000147,HIST_FL_000147,HISTORICAL,FLOOD,1991,7,1991-07-01,month,,,missing,Arunachal Pradesh,,1.0,heavy rains,,,,,,,,,,,,,,
HIST_FL_000148,HIST_FL_000148,HISTORICAL,FLOOD,1991,7,1991-07-01,month,,,missing,Karnataka,,5.0,heavy rains,,,,,,,,,,,,,,
HIST_FL_000149,HIST_FL_000149,HISTORICAL,FLOOD,1991,7,1991-07-01,month,,,missing,Karnataka,,1.0,heavy rains,,,,,,,,,,,,,,
HIST_FL_000150,HIST_FL_000150,HISTORICAL,FLOOD,1991,7,1991-07-01,month,,,missing,Karnataka,,2.0,heavy rains,2.0,,,,,,,,,,,,,
HIST_FL_000151,HIST_FL_000151,HISTORICAL,FLOOD,1991,7,1991-07-01,month,,,missing,Karnataka,,1.0,heavy rains,1.0,,,,,,,,,,,,,
HIST_FL_000152,HIST_FL_000152,HISTORICAL,FLOOD,1991,7,1991-07-01,month,,,missing,Karnataka,,1.0,heavy rains,1.0,,,,,,,,,,,,,
HIST_FL_000153,HIST_FL_000153,HISTORICAL,FLOOD,1991,7,1991-07-01,month,,,missing,Karnataka,,3.0,severe flood,7.0,,,,,,,,,,,,,
HIST_FL_000154,HIST_FL_000154,HISTORICAL,FLOOD,1991,7,1991-07-01,month,,,missing,Kerala,,1.0,heavy rains,,,,,,,,,,,,,,
HIST_FL_000155,HIST_FL_000155,HISTORICAL,FLOOD,1991,7,1991-07-01,month,,,missing,Madhya Pradesh,,1.0,heavy rains,,,,,,,,,,,,,,
HIST_FL_000156,HIST_FL_000156,HISTORICAL,FLOOD,1991,7,1991-07-01,month,,,missing,Madhya Pradesh,,2.0,heavy rains,22.0,,,,,,,,,,,,,
HIST_FL_000157,HIST_FL_000157,HISTORICAL,FLOOD,1991,7,1991-07-01,month,,,missing,Maharashtra,,1.0,heavy rains,5.0,,,,,,,,,,,,,
HIST_FL_000158,HIST_FL_000158,HISTORICAL,FLOOD,1991,7,1991-07-01,month,,,missing,Maharashtra,,2.0,heavy rains,,,,,,,,,,,,,,
HIST_FL_000159,HIST_FL_000159,HISTORICAL,FLOOD,1991,7,1991-07-01,month,,,missing,Maharashtra,,13.0,flash flood,500.0,,,,,,,,,,,,,
HIST_FL_000160,HIST_FL_000160,HISTORICAL,FLOOD,1991,7,1991-07-01,month,,,missing,Maharashtra,,1.0,heavy rains,,,,,,,,,,,,,,
HIST_FL_000161,HIST_FL_000161,HISTORICAL,FLOOD,1991,7,1991-07-01,month,,,missing,Maharashtra,,1.0,heavy rains,4.0,,,,,,,,,,,,,
HIST_FL_000162,HIST_FL_000162,HISTORICAL,FLOOD,1991,7,1991-07-01,month,,,missing,Maharashtra,,2.0,heavy rains,1.0,,,,,,,,,,,,,
HIST_FL_000163,HIST_FL_000163,HISTORICAL,FLOOD,1991,7,1991-07-01,month,,,missing,Meghalaya,,1.0,heavy rains,,,,,,,,,,,,,,
HIST_FL_000164,HIST_FL_000164,HISTORICAL,FLOOD,1991,7,1991-07-01,month,,,missing,Meghalaya,,1.0,severe flood,2.0,,,,,,,,,,,,,
HIST_FL_000165,HIST_FL_000165,HISTORICAL,FLOOD,1991,7,1991-07-01,month,,,missing,Odisha,,1.0,heavy rains,,,,,,,,,,,,,,
HIST_FL_000166,HIST_FL_000166,HISTORICAL,FLOOD,1991,7,1991-07-01,month,,,missing,Odisha,,1.0,"severe, heavy rains",7.0,,,,,,,,,,,,,
HIST_FL_000167,HIST_FL_000167,HISTORICAL,FLOOD,1991,7,1991-07-01,month,,,missing,Odisha,,2.0,severe floods,48.0,,,,,,,,,,,,,
HIST_FL_000168,HIST_FL_000168,HISTORICAL,FLOOD,1991,7,1991-07-01,month,,,missing,Rajasthan,,3.0,heavy rains,5.0,,,,,,,,,,,,,
HIST_FL_000169,HIST_FL_000169,HISTORICAL,FLOOD,1991,7,1991-07-01,month,,,missing,Rajasthan,,1.0,heavy rains,2.0,,,,,,,,,,,,,
HIST_FL_000170,HIST_FL_000170,HISTORICAL,FLOOD,1991,7,1991-07-01,month,,,missing,West Bengal,,1.0,heavy rains,,,,,,,,,,,,,,
HIST_FL_000171,HIST_FL_000171,HISTORICAL,FLOOD,1991,8,1991-08-01,month,,,missing,Assam,,1.0,heavy rains,,,,,,,,,,,,,,
HIST_FL_000172,HIST_FL_000172,HISTORICAL,FLOOD,1991,8,1991-08-01,month,,,missing,Assam,,1.0,heavy rains,,,,,,,,,,,,,,
HIST_FL_000173,HIST_FL_000173,HISTORICAL,FLOOD,1991,8,1991-08-01,month,,,missing,Assam,,1.0,severe flood,1.0,,,,,,,,,,,,,
HIST_FL_000174,HIST_FL_000174,HISTORICAL,FLOOD,1991,8,1991-08-01,month,,,missing,Delhi,,2.0,heavy rains,5.0,,,,,,,,,,,,,
HIST_FL_000175,HIST_FL_000175,HISTORICAL,FLOOD,1991,8,1991-08-01,month,,,missing,Gujarat,,32.0,severe flood,15.0,,,,,,,,,,,,,
HIST_FL_000176,HIST_FL_000176,HISTORICAL,FLOOD,1991,8,1991-08-01,month,,,missing,Haryana,,1.0,heavy rains,,,,,,,,,,,,,,
HIST_FL_000177,HIST_FL_000177,HISTORICAL,FLOOD,1991,8,1991-08-01,month,,,missing,Himachal Pradesh,,1.0,heavy rains,2.0,,,,,,,,,,,,,
HIST_FL_000178,HIST_FL_000178,HISTORICAL,FLOOD,1991,8,1991-08-01,month,,,missing,Himachal Pradesh,,1.0,heavy rains,5.0,,,,,,,,,,,,,
HIST_FL_000179,HIST_FL_000179,HISTORICAL,FLOOD,1991,8,1991-08-01,month,,,missing,Madhya Pradesh,,1.0,heavy rains,6.0,,,,,,,,,,,,,
HIST_FL_000180,HIST_FL_000180,HISTORICAL,FLOOD,1991,8,1991-08-01,month,,,missing,Madhya Pradesh,,1.0,heavy rains,2.0,,,,,,,,,,,,,
HIST_FL_000181,HIST_FL_000181,HISTORICAL,FLOOD,1991,8,1991-08-01,month,,,missing,Madhya Pradesh,,4.0,heavy rains,7.0,,,,,,,,,,,,,
HIST_FL_000182,HIST_FL_000182,HISTORICAL,FLOOD,1991,8,1991-08-01,month,,,missing,Maharashtra,,1.0,heavy rains,,,,,,,,,,,,,,
HIST_FL_000183,HIST_FL_000183,HISTORICAL,FLOOD,1991,8,1991-08-01,month,,,missing,Maharashtra,,5.0,severe flood,,,,,,,,,,,,,,
HIST_FL_000184,HIST_FL_000184,HISTORICAL,FLOOD,1991,8,1991-08-01,month,,,missing,Maharashtra,,1.0,heavy rains,2.0,,,,,,,,,,,,,
HIST_FL_000185,HIST_FL_000185,HISTORICAL,FLOOD,1991,8,1991-08-01,month,,,missing,Odisha,,1.0,heavy rains,,,,,,,,,,,,,,
HIST_FL_000186,HIST_FL_000186,HISTORICAL,FLOOD,1991,8,1991-08-01,month,,,missing,Odisha,,1.0,severe flood,1.0,,,,,,,,,,,,,
HIST_FL_000187,HIST_FL_000187,HISTORICAL,FLOOD,1991,8,1991-08-01,month,,,missing,Odisha,,1.0,severe flood,32.0,,,,,,,,,,,,,
HIST_FL_000188,HIST_FL_000188,HISTORICAL,FLOOD,1991,8,1991-08-01,month,,,missing,Odisha,,1.0,severe flood,16.0,,,,,,,,,,,,,
HIST_FL_000189,HIST_FL_000189,HISTORICAL,FLOOD,1991,8,1991-08-01,month,,,missing,Odisha,,1.0,severe floods,1.0,,,,,,,,,,,,,
HIST_FL_000190,HIST_FL_000190,HISTORICAL,FLOOD,1991,8,1991-08-01,month,,,missing,Punjab,,1.0,heavy rains,4.0,,,,,,,,,,,,,
HIST_FL_000191,HIST_FL_000191,HISTORICAL,FLOOD,1991,8,1991-08-01,month,,,missing,Rajasthan,,2.0,heavy rains,,,,,,,,,,,,,,
HIST_FL_000192,HIST_FL_000192,HISTORICAL,FLOOD,1991,8,1991-08-01,month,,,missing,Uttarakhand,,2.0,heavy rains,32.0,,,,,,,,,,,,,
HIST_FL_000193,HIST_FL_000193,HISTORICAL,FLOOD,1991,8,1991-08-01,month,,,missing,Uttarakhand,,2.0,heavy rains,1.0,,,,,,,,,,,,,
HIST_FL_000194,HIST_FL_000194,HISTORICAL,FLOOD,1991,8,1991-08-01,month,,,missing,Uttarakhand,,1.0,heavy rains,,,,,,,,,,,,,,
HIST_FL_000195,HIST_FL_000195,HISTORICAL,FLOOD,1991,8,1991-08-01,month,,,missing,Uttar Pradesh,,1.0,severe flood,3.0,,,,,,,,,,,,,
HIST_FL_000196,HIST_FL_000196,HISTORICAL,FLOOD,1991,8,1991-08-01,month,,,missing,Uttar Pradesh,,1.0,severe flood,2.0,,,,,,,,,,,,,
HIST_FL_000197,HIST_FL_000197,HISTORICAL,FLOOD,1991,8,1991-08-01,month,,,missing,Uttar Pradesh,,1.0,severe flood,1.0,,,,,,,,,,,,,
HIST_FL_000198,HIST_FL_000198,HISTORICAL,FLOOD,1991,8,1991-08-01,month,,,missing,Uttar Pradesh,,1.0,severe flood,10.0,,,,,,,,,,,,,
HIST_FL_000199,HIST_FL_000199,HISTORICAL,FLOOD,1991,8,1991-08-01,month,,,missing,Uttar Pradesh,,1.0,severe flood,6.0,,,,,,,,,,,,,
HIST_FL_000200,HIST_FL_000200,HISTORICAL,FLOOD,1991,8,1991-08-01,month,,,missing,Uttar Pradesh,,1.0,severe flood,,,,,,,,,,,,,,
HIST_FL_000201,HIST_FL_000201,HISTORICAL,FLOOD,1991,8,1991-08-01,month,,,missing,Uttar Pradesh,,7.0,heavy rains,3.0,,,,,,,,,,,,,
HIST_FL_000202,HIST_FL_000202,HISTORICAL,FLOOD,1991,8,1991-08-01,month,,,missing,Uttar Pradesh,,1.0,heavy rains,62.0,,,,,,,,,,,,,
HIST_FL_000203,HIST_FL_000203,HISTORICAL,FLOOD,1991,8,1991-08-01,month,,,missing,Uttar Pradesh,,1.0,"severe flood, heavy rains",12.0,,,,,,,,,,,,,
HIST_FL_000204,HIST_FL_000204,HISTORICAL,FLOOD,1991,8,1991-08-01,month,,,missing,Uttar Pradesh,,1.0,severe flood,9.0,,,,,,,,,,,,,
HIST_FL_000205,HIST_FL_000205,HISTORICAL,FLOOD,1991,8,1991-08-01,month,,,missing,Uttar Pradesh,,1.0,"heavy rains, severe flood",3.0,,,,,,,,,,,,,
HIST_FL_000206,HIST_FL_000206,HISTORICAL,FLOOD,1991,8,1991-08-01,month,,,missing,Uttar Pradesh,,1.0,severe flood,7.0,,,,,,,,,,,,,
HIST_FL_000207,HIST_FL_000207,HISTORICAL,FLOOD,1991,9,1991-09-01,month,,,missing,Andhra Pradesh,,2.0,heavy rains,21.0,,,,,,,,,,,,,
HIST_FL_000208,HIST_FL_000208,HISTORICAL,FLOOD,1991,9,1991-09-01,month,,,missing,Assam,,1.0,heavy rains,,,,,,,,,,,,,,
HIST_FL_000209,HIST_FL_000209,HISTORICAL,FLOOD,1991,9,1991-09-01,month,,,missing,Himachal Pradesh,,1.0,heavy rains,,,,,,,,,,,,,,
HIST_FL_000210,HIST_FL_000210,HISTORICAL,FLOOD,1991,9,1991-09-01,month,,,missing,Rajasthan,,1.0,heavy rains,10.0,,,,,,,,,,,,,
HIST_FL_000211,HIST_FL_000211,HISTORICAL,FLOOD,1991,9,1991-09-01,month,,,missing,Sikkim,,1.0,heavy rains,,,,,,,,,,,,,,
HIST_FL_000212,HIST_FL_000212,HISTORICAL,FLOOD,1991,9,1991-09-01,month,,,missing,Uttar Pradesh,,1.0,severe flood,2.0,,,,,,,,,,,,,
HIST_FL_000213,HIST_FL_000213,HISTORICAL,FLOOD,1991,9,1991-09-01,month,,,missing,Uttar Pradesh,,1.0,severe flood,6.0,,,,,,,,,,,,,
HIST_FL_000214,HIST_FL_000214,HISTORICAL,FLOOD,1991,9,1991-09-01,month,,,missing,Uttar Pradesh,,1.0,"severe flood, heavy rains",3.0,,,,,,,,,,,,,
HIST_FL_000215,HIST_FL_000215,HISTORICAL,FLOOD,1991,9,1991-09-01,month,,,missing,Uttar Pradesh,,1.0,heavy rains,18.0,,,,,,,,,,,,,
HIST_FL_000216,HIST_FL_000216,HISTORICAL,FLOOD,1991,9,1991-09-01,month,,,missing,Uttar Pradesh,,1.0,severe flood,3.0,,,,,,,,,,,,,
HIST_FL_000217,HIST_FL_000217,HISTORICAL,FLOOD,1991,9,1991-09-01,month,,,missing,Uttar Pradesh,,1.0,severe flood,,,,,,,,,,,,,,
HIST_FL_000218,HIST_FL_000218,HISTORICAL,FLOOD,1991,9,1991-09-01,month,,,missing,Uttar Pradesh,,1.0,severe flood,,,,,,,,,,,,,,
HIST_FL_000219,HIST_FL_000219,HISTORICAL,FLOOD,1991,9,1991-09-01,month,,,missing,West Bengal,,9.0,severe flood,64.0,,,,,,,,,,,,,
HIST_FL_000220,HIST_FL_000220,HISTORICAL,FLOOD,1991,9,1991-09-01,month,,,missing,West Bengal,,1.0,heavy rains,,,,,,,,,,,,,,
HIST_FL_000221,HIST_FL_000221,HISTORICAL,FLOOD,1991,10,1991-10-01,month,,,missing,Andhra Pradesh,,3.0,heavy rains,18.0,,,,,,,,,,,,,
HIST_FL_000222,HIST_FL_000222,HISTORICAL,FLOOD,1991,10,1991-10-01,month,,,missing,Assam,,2.0,heavy rains,20.0,,,,,,,,,,,,,
HIST_FL_000223,HIST_FL_000223,HISTORICAL,FLOOD,1991,10,1991-10-01,month,,,missing,Assam,,6.0,severe flood,18.0,,,,,,,,,,,,,
HIST_FL_000224,HIST_FL_000224,HISTORICAL,FLOOD,1991,10,1991-10-01,month,,,missing,Himachal Pradesh,,2.0,heavy rains,,,,,,,,,,,,,,
HIST_FL_000225,HIST_FL_000225,HISTORICAL,FLOOD,1991,10,1991-10-01,month,,,missing,Karnataka,,3.0,heavy rains,42.0,,,,,,,,,,,,,
HIST_FL_000226,HIST_FL_000226,HISTORICAL,FLOOD,1991,10,1991-10-01,month,,,missing,Tamil Nadu,,11.0,heavy rains,21.0,,,,,,,,,,,,,
HIST_FL_000227,HIST_FL_000227,HISTORICAL,FLOOD,1991,11,1991-11-01,month,,,missing,Karnataka,,8.0,severe flood,27.0,,,,,,,,,,,,,
HIST_FL_000228,HIST_FL_000228,HISTORICAL,FLOOD,1991,11,1991-11-01,month,,,missing,Manipur,,1.0,heavy rains,,,,,,,,,,,,,,
HIST_FL_000229,HIST_FL_000229,HISTORICAL,FLOOD,1992,3,1992-03-01,month,,,missing,Assam,,2.0,severe,,,,,,,,,,,,,,
HIST_FL_000230,HIST_FL_000230,HISTORICAL,FLOOD,1992,4,1992-04-01,month,,,missing,Assam,,2.0,severe,14.0,,,,,,,,,,,,,
HIST_FL_000231,HIST_FL_000231,HISTORICAL,FLOOD,1992,4,1992-04-01,month,,,missing,West Bengal,,1.0,heavy rains,1.0,,,,,,,,,,,,,
HIST_FL_000232,HIST_FL_000232,HISTORICAL,FLOOD,1992,5,1992-05-01,month,,,missing,Kerala,,2.0,heavy rains,5.0,,,,,,,,,,,,,
HIST_FL_000233,HIST_FL_000233,HISTORICAL,FLOOD,1992,5,1992-05-01,month,,,missing,Odisha,,1.0,heavy rains,5.0,,,,,,,,,,,,,
HIST_FL_000234,HIST_FL_000234,HISTORICAL,FLOOD,1992,6,1992-06-01,month,,,missing,Arunachal Pradesh,,1.0,flash flood,,,,,,,,,,,,,,
HIST_FL_000235,HIST_FL_000235,HISTORICAL,FLOOD,1992,6,1992-06-01,month,,,missing,Assam,,1.0,heavy rains,,,,,,,,,,,,,,
HIST_FL_000236,HIST_FL_000236,HISTORICAL,FLOOD,1992,6,1992-06-01,month,,,missing,Assam,,9.0,severe,17.0,,,,,,,,,,,,,
HIST_FL_000237,HIST_FL_000237,HISTORICAL,FLOOD,1992,6,1992-06-01,month,,,missing,Goa,,1.0,heavy rains,,,,,,,,,,,,,,
HIST_FL_000238,HIST_FL_000238,HISTORICAL,FLOOD,1992,6,1992-06-01,month,,,missing,Gujarat,,8.0,severe,30.0,,,,,,,,,,,,,
HIST_FL_000239,HIST_FL_000239,HISTORICAL,FLOOD,1992,6,1992-06-01,month,,,missing,Kerala,,2.0,heavy rains,7.0,,,,,,,,,,,,,
HIST_FL_000240,HIST_FL_000240,HISTORICAL,FLOOD,1992,6,1992-06-01,month,,,missing,Maharashtra,,4.0,flash flood,8.0,,,,,,,,,,,,,
HIST_FL_000241,HIST_FL_000241,HISTORICAL,FLOOD,1992,6,1992-06-01,month,,,missing,Odisha,,1.0,heavy rains,76.0,,,,,,,,,,,,,
HIST_FL_000242,HIST_FL_000242,HISTORICAL,FLOOD,1992,6,1992-06-01,month,,,missing,Odisha,,1.0,severe,,,,,,,,,,,,,,
HIST_FL_000243,HIST_FL_000243,HISTORICAL,FLOOD,1992,6,1992-06-01,month,,,missing,Odisha,,1.0,heavy rains,7.0,,,,,,,,,,,,,
HIST_FL_000244,HIST_FL_000244,HISTORICAL,FLOOD,1992,6,1992-06-01,month,,,missing,West Bengal,,1.0,heavy rains,,,,,,,,,,,,,,
HIST_FL_000245,HIST_FL_000245,HISTORICAL,FLOOD,1992,6,1992-06-01,month,,,missing,West Bengal,,5.0,heavy rains,11.0,,,,,,,,,,,,,
HIST_FL_000246,HIST_FL_000246,HISTORICAL,FLOOD,1992,6,1992-06-01,month,,,missing,West Bengal,,2.0,heavy rains,,,,,,,,,,,,,,
HIST_FL_000247,HIST_FL_000247,HISTORICAL,FLOOD,1992,6,1992-06-01,month,,,missing,West Bengal,,1.0,heavy rains,,,,,,,,,,,,,,
HIST_FL_000248,HIST_FL_000248,HISTORICAL,FLOOD,1992,7,1992-07-01,month,,,missing,Delhi,,1.0,heavy rains,1.0,,,,,,,,,,,,,
HIST_FL_000249,HIST_FL_000249,HISTORICAL,FLOOD,1992,7,1992-07-01,month,,,missing,Gujarat,,12.0,heavy rains,112.0,,,,,,,,,,,,,
HIST_FL_000250,HIST_FL_000250,HISTORICAL,FLOOD,1992,7,1992-07-01,month,,,missing,Himachal Pradesh,,1.0,heavy rains,35.0,,,,,,,,,,,,,
HIST_FL_000251,HIST_FL_000251,HISTORICAL,FLOOD,1992,7,1992-07-01,month,,,missing,Kerala,,1.0,heavy rains,55.0,,,,,,,,,,,,,
HIST_FL_000252,HIST_FL_000252,HISTORICAL,FLOOD,1992,7,1992-07-01,month,,,missing,Kerala,,1.0,heavy rains,9.0,,,,,,,,,,,,,
HIST_FL_000253,HIST_FL_000253,HISTORICAL,FLOOD,1992,7,1992-07-01,month,,,missing,Kerala,,2.0,heavy rains,1.0,,,,,,,,,,,,,
HIST_FL_000254,HIST_FL_000254,HISTORICAL,FLOOD,1992,7,1992-07-01,month,,,missing,Kerala,,1.0,heavy rains,,,,,,,,,,,,,,
HIST_FL_000255,HIST_FL_000255,HISTORICAL,FLOOD,1992,7,1992-07-01,month,,,missing,Kerala,,1.0,heavy rains,1.0,,,,,,,,,,,,,
HIST_FL_000256,HIST_FL_000256,HISTORICAL,FLOOD,1992,7,1992-07-01,month,,,missing,Maharashtra,,2.0,heavy rains,7.0,,,,,,,,,,,,,
HIST_FL_000257,HIST_FL_000257,HISTORICAL,FLOOD,1992,7,1992-07-01,month,,,missing,Maharashtra,,7.0,heavy rains,9.0,,,,,,,,,,,,,
HIST_FL_000258,HIST_FL_000258,HISTORICAL,FLOOD,1992,7,1992-07-01,month,,,missing,Odisha,,2.0,heavy rains,1.0,,,,,,,,,,,,,
HIST_FL_000259,HIST_FL_000259,HISTORICAL,FLOOD,1992,7,1992-07-01,month,,,missing,Rajasthan,,1.0,heavy rains,1.0,,,,,,,,,,,,,
HIST_FL_000260,HIST_FL_000260,HISTORICAL,FLOOD,1992,7,1992-07-01,month,,,missing,Rajasthan,,1.0,heavy rains,,,,,,,,,,,,,,
HIST_FL_000261,HIST_FL_000261,HISTORICAL,FLOOD,1992,7,1992-07-01,month,,,missing,Rajasthan,,1.0,heavy rains,6.0,,,,,,,,,,,,,
HIST_FL_000262,HIST_FL_000262,HISTORICAL,FLOOD,1992,7,1992-07-01,month,,,missing,Rajasthan,,1.0,heavy rains,2.0,,,,,,,,,,,,,
HIST_FL_000263,HIST_FL_000263,HISTORICAL,FLOOD,1992,7,1992-07-01,month,,,missing,Rajasthan,,1.0,heavy rains,,,,,,,,,,,,,,
HIST_FL_000264,HIST_FL_000264,HISTORICAL,FLOOD,1992,7,1992-07-01,month,,,missing,Sikkim,,1.0,heavy rains,,,,,,,,,,,,,,
HIST_FL_000265,HIST_FL_000265,HISTORICAL,FLOOD,1992,7,1992-07-01,month,,,missing,West Bengal,,1.0,heavy rains,,,,,,,,,,,,,,
HIST_FL_000266,HIST_FL_000266,HISTORICAL,FLOOD,1992,7,1992-07-01,month,,,missing,West Bengal,,1.0,heavy rains,,,,,,,,,,,,,,
HIST_FL_000267,HIST_FL_000267,HISTORICAL,FLOOD,1992,7,1992-07-01,month,,,missing,West Bengal,,1.0,heavy rains,,,,,,,,,,,,,,
HIST_FL_000268,HIST_FL_000268,HISTORICAL,FLOOD,1992,7,1992-07-01,month,,,missing,West Bengal,,1.0,heavy rains,,,,,,,,,,,,,,
HIST_FL_000269,HIST_FL_000269,HISTORICAL,FLOOD,1992,8,1992-08-01,month,,,missing,Andhra Pradesh,,6.0,severe,7.0,,,,,,,,,,,,,
HIST_FL_000270,HIST_FL_000270,HISTORICAL,FLOOD,1992,8,1992-08-01,month,,,missing,Assam,,1.0,severe,,,,,,,,,,,,,,
HIST_FL_000271,HIST_FL_000271,HISTORICAL,FLOOD,1992,8,1992-08-01,month,,,missing,Assam,,1.0,severe,,,,,,,,,,,,,,
HIST_FL_000272,HIST_FL_000272,HISTORICAL,FLOOD,1992,8,1992-08-01,month,,,missing,Himachal Pradesh,,1.0,heavy rains,2.0,,,,,,,,,,,,,
HIST_FL_000273,HIST_FL_000273,HISTORICAL,FLOOD,1992,8,1992-08-01,month,,,missing,Himachal Pradesh,,1.0,heavy rains,1.0,,,,,,,,,,,,,
HIST_FL_000274,HIST_FL_000274,HISTORICAL,FLOOD,1992,8,1992-08-01,month,,,missing,Himachal Pradesh,,1.0,heavy rains,9.0,,,,,,,,,,,,,
HIST_FL_000275,HIST_FL_000275,HISTORICAL,FLOOD,1992,8,1992-08-01,month,,,missing,Kerala,,1.0,heavy rains,,,,,,,,,,,,,,
HIST_FL_000276,HIST_FL_000276,HISTORICAL,FLOOD,1992,8,1992-08-01,month,,,missing,Kerala,,1.0,heavy rains,4.0,,,,,,,,,,,,,
HIST_FL_000277,HIST_FL_000277,HISTORICAL,FLOOD,1992,8,1992-08-01,month,,,missing,Maharashtra,,1.0,heavy rains,2.0,,,,,,,,,,,,,
HIST_FL_000278,HIST_FL_000278,HISTORICAL,FLOOD,1992,8,1992-08-01,month,,,missing,Maharashtra,,1.0,heavy rains,,,,,,,,,,,,,,
HIST_FL_000279,HIST_FL_000279,HISTORICAL,FLOOD,1992,8,1992-08-01,month,,,missing,Maharashtra,,1.0,heavy rains,,,,,,,,,,,,,,
HIST_FL_000280,HIST_FL_000280,HISTORICAL,FLOOD,1992,8,1992-08-01,month,,,missing,Maharashtra,,4.0,heavy rains,19.0,,,,,,,,,,,,,
HIST_FL_000281,HIST_FL_000281,HISTORICAL,FLOOD,1992,8,1992-08-01,month,,,missing,Maharashtra,,1.0,heavy rains,3.0,,,,,,,,,,,,,
HIST_FL_000282,HIST_FL_000282,HISTORICAL,FLOOD,1992,8,1992-08-01,month,,,missing,Maharashtra,,1.0,heavy rains,29.0,,,,,,,,,,,,,
HIST_FL_000283,HIST_FL_000283,HISTORICAL,FLOOD,1992,8,1992-08-01,month,,,missing,Maharashtra,,1.0,heavy rains,5.0,,,,,,,,,,,,,
HIST_FL_000284,HIST_FL_000284,HISTORICAL,FLOOD,1992,8,1992-08-01,month,,,missing,Mizoram,,2.0,heavy rains,106.0,,,,,,,,,,,,,
HIST_FL_000285,HIST_FL_000285,HISTORICAL,FLOOD,1992,8,1992-08-01,month,,,missing,Odisha,,18.0,severe,62.0,,,,,,,,,,,,,
HIST_FL_000286,HIST_FL_000286,HISTORICAL,FLOOD,1992,8,1992-08-01,month,,,missing,Punjab,,1.0,heavy rains,1.0,,,,,,,,,,,,,
HIST_FL_000287,HIST_FL_000287,HISTORICAL,FLOOD,1992,8,1992-08-01,month,,,missing,Rajasthan,,1.0,heavy rains,,,,,,,,,,,,,,
HIST_FL_000288,HIST_FL_000288,HISTORICAL,FLOOD,1992,8,1992-08-01,month,,,missing,Rajasthan,,1.0,heavy rains,2.0,,,,,,,,,,,,,
HIST_FL_000289,HIST_FL_000289,HISTORICAL,FLOOD,1992,8,1992-08-01,month,,,missing,Rajasthan,,1.0,heavy rains,,,,,,,,,,,,,,
HIST_FL_000290,HIST_FL_000290,HISTORICAL,FLOOD,1992,8,1992-08-01,month,,,missing,Rajasthan,,2.0,heavy rains,,,,,,,,,,,,,,
HIST_FL_000291,HIST_FL_000291,HISTORICAL,FLOOD,1992,8,1992-08-01,month,,,missing,Rajasthan,,1.0,heavy rains,,,,,,,,,,,,,,
HIST_FL_000292,HIST_FL_000292,HISTORICAL,FLOOD,1992,8,1992-08-01,month,,,missing,Rajasthan,,1.0,heavy rains,,,,,,,,,,,,,,
HIST_FL_000293,HIST_FL_000293,HISTORICAL,FLOOD,1992,8,1992-08-01,month,,,missing,Sikkim,,1.0,heavy rains,2.0,,,,,,,,,,,,,
HIST_FL_000294,HIST_FL_000294,HISTORICAL,FLOOD,1992,8,1992-08-01,month,,,missing,West Bengal,,1.0,heavy rains,,,,,,,,,,,,,,
HIST_FL_000295,HIST_FL_000295,HISTORICAL,FLOOD,1992,8,1992-08-01,month,,,missing,West Bengal,,1.0,heavy rains,,,,,,,,,,,,,,
HIST_FL_000296,HIST_FL_000296,HISTORICAL,FLOOD,1992,8,1992-08-01,month,,,missing,West Bengal,,1.0,heavy rains,,,,,,,,,,,,,,
HIST_FL_000297,HIST_FL_000297,HISTORICAL,FLOOD,1992,9,1992-09-01,month,,,missing,Arunachal Pradesh,,1.0,heavy rains,,,,,,,,,,,,,,
HIST_FL_000298,HIST_FL_000298,HISTORICAL,FLOOD,1992,9,1992-09-01,month,,,missing,Assam,,1.0,severe,,,,,,,,,,,,,,
HIST_FL_000299,HIST_FL_000299,HISTORICAL,FLOOD,1992,9,1992-09-01,month,,,missing,Assam,,1.0,heavy rains,,,,,,,,,,,,,,
HIST_FL_000300,HIST_FL_000300,HISTORICAL,FLOOD,1992,9,1992-09-01,month,,,missing,Bihar,,1.0,severe,,,,,,,,,,,,,,
HIST_FL_000301,HIST_FL_000301,HISTORICAL,FLOOD,1992,9,1992-09-01,month,,,missing,Jammu and Kashmir,,6.0,severe,350.0,,,,,,,,,,,,,
HIST_FL_000302,HIST_FL_000302,HISTORICAL,FLOOD,1992,9,1992-09-01,month,,,missing,Madhya Pradesh,,2.0,heavy rains,2.0,,,,,,,,,,,,,
HIST_FL_000303,HIST_FL_000303,HISTORICAL,FLOOD,1992,9,1992-09-01,month,,,missing,Madhya Pradesh,,1.0,heavy rains,,,,,,,,,,,,,,
HIST_FL_000304,HIST_FL_000304,HISTORICAL,FLOOD,1992,9,1992-09-01,month,,,missing,Maharashtra,,1.0,heavy rains,2.0,,,,,,,,,,,,,
HIST_FL_000305,HIST_FL_000305,HISTORICAL,FLOOD,1992,9,1992-09-01,month,,,missing,Mizoram,,1.0,heavy rains,2.0,,,,,,,,,,,,,
HIST_FL_000306,HIST_FL_000306,HISTORICAL,FLOOD,1992,9,1992-09-01,month,,,missing,Rajasthan,,1.0,heavy rains,,,,,,,,,,,,,,
HIST_FL_000307,HIST_FL_000307,HISTORICAL,FLOOD,1992,9,1992-09-01,month,,,missing,Rajasthan,,1.0,heavy rains,3.0,,,,,,,,,,,,,
HIST_FL_000308,HIST_FL_000308,HISTORICAL,FLOOD,1992,9,1992-09-01,month,,,missing,Rajasthan,,1.0,heavy rains,3.0,,,,,,,,,,,,,
HIST_FL_000309,HIST_FL_000309,HISTORICAL,FLOOD,1992,9,1992-09-01,month,,,missing,Sikkim,,1.0,heavy rains,,,,,,,,,,,,,,
HIST_FL_000310,HIST_FL_000310,HISTORICAL,FLOOD,1992,9,1992-09-01,month,,,missing,Uttar Pradesh,,18.0,severe,107.0,,,,,,,,,,,,,
HIST_FL_000311,HIST_FL_000311,HISTORICAL,FLOOD,1992,9,1992-09-01,month,,,missing,West Bengal,,1.0,flash flood,15.0,,,,,,,,,,,,,
HIST_FL_000312,HIST_FL_000312,HISTORICAL,FLOOD,1992,10,1992-10-01,month,,,missing,Assam,,5.0,severe,,,,,,,,,,,,,,
HIST_FL_000313,HIST_FL_000313,HISTORICAL,FLOOD,1992,10,1992-10-01,month,,,missing,Karnataka,,1.0,heavy rains,3.0,,,,,,,,,,,,,
HIST_FL_000314,HIST_FL_000314,HISTORICAL,FLOOD,1992,10,1992-10-01,month,,,missing,Kerala,,2.0,heavy rains,79.0,,,,,,,,,,,,,
HIST_FL_000315,HIST_FL_000315,HISTORICAL,FLOOD,1992,10,1992-10-01,month,,,missing,Manipur,,1.0,severe,,,,,,,,,,,,,,
HIST_FL_000316,HIST_FL_000316,HISTORICAL,FLOOD,1992,10,1992-10-01,month,,,missing,Tamil Nadu,,3.0,heavy rains,7.0,,,,,,,,,,,,,
HIST_FL_000317,HIST_FL_000317,HISTORICAL,FLOOD,1992,11,1992-11-01,month,,,missing,Andhra Pradesh,,4.0,heavy rains,35.0,,,,,,,,,,,,,
HIST_FL_000318,HIST_FL_000318,HISTORICAL,FLOOD,1992,11,1992-11-01,month,,,missing,Karnataka,,3.0,heavy rains,55.0,,,,,,,,,,,,,
HIST_FL_000319,HIST_FL_000319,HISTORICAL,FLOOD,1993,3,1993-03-01,month,,,missing,Jammu and Kashmir,,3.0,heavy rains,32.0,,,,,,,,,,,,,
HIST_FL_000320,HIST_FL_000320,HISTORICAL,FLOOD,1993,4,1993-04-01,month,,,missing,West Bengal,,1.0,heavy rains,1.0,,,,,,,,,,,,,
HIST_FL_000321,HIST_FL_000321,HISTORICAL,FLOOD,1993,5,1993-05-01,month,,,missing,Assam,,9.0,"severe flood (brahmaputra,its tributaries)",2.0,,,,,,,,,,,,,
HIST_FL_000322,HIST_FL_000322,HISTORICAL,FLOOD,1993,5,1993-05-01,month,,,missing,Tripura,,8.0,severe flood,21.0,,,,,,,,,,,,,
HIST_FL_000323,HIST_FL_000323,HISTORICAL,FLOOD,1993,6,1993-06-01,month,,,missing,Arunachal Pradesh,,1.0,heavy rains,,,,,,,,,,,,,,
HIST_FL_000324,HIST_FL_000324,HISTORICAL,FLOOD,1993,6,1993-06-01,month,,,missing,Assam,,15.0,,13.0,,,,,,,,,,,,,
HIST_FL_000325,HIST_FL_000325,HISTORICAL,FLOOD,1993,6,1993-06-01,month,,,missing,Gujarat,,3.0,,1.0,,,,,,,,,,,,,
HIST_FL_000326,HIST_FL_000326,HISTORICAL,FLOOD,1993,6,1993-06-01,month,,,missing,Kerala,,1.0,,1.0,,,,,,,,,,,,,
HIST_FL_000327,HIST_FL_000327,HISTORICAL,FLOOD,1993,6,1993-06-01,month,,,missing,Kerala,,1.0,,,,,,,,,,,,,,,
HIST_FL_000328,HIST_FL_000328,HISTORICAL,FLOOD,1993,6,1993-06-01,month,,,missing,Kerala,,1.0,,,,,,,,,,,,,,,
HIST_FL_000329,HIST_FL_000329,HISTORICAL,FLOOD,1993,6,1993-06-01,month,,,missing,Maharashtra,,1.0,,1.0,,,,,,,,,,,,,
HIST_FL_000330,HIST_FL_000330,HISTORICAL,FLOOD,1993,6,1993-06-01,month,,,missing,Maharashtra,,1.0,,,,,,,,,,,,,,,
HIST_FL_000331,HIST_FL_000331,HISTORICAL,FLOOD,1993,6,1993-06-01,month,,,missing,Maharashtra,,1.0,,3.0,,,,,,,,,,,,,
HIST_FL_000332,HIST_FL_000332,HISTORICAL,FLOOD,1993,6,1993-06-01,month,,,missing,Mizoram,,17.0,,14.0,,,,,,,,,,,,,
HIST_FL_000333,HIST_FL_000333,HISTORICAL,FLOOD,1993,6,1993-06-01,month,,,missing,Tripura,,3.0,,4.0,,,,,,,,,,,,,
HIST_FL_000334,HIST_FL_000334,HISTORICAL,FLOOD,1993,7,1993-07-01,month,,,missing,Arunachal Pradesh,,6.0,,,,,,,,,,,,,,,
HIST_FL_000335,HIST_FL_000335,HISTORICAL,FLOOD,1993,7,1993-07-01,month,,,missing,Assam,,21.0,,35.0,,,,,,,,,,,,,
HIST_FL_000336,HIST_FL_000336,HISTORICAL,FLOOD,1993,7,1993-07-01,month,,,missing,Bihar,,10.0,,35.0,,,,,,,,,,,,,
HIST_FL_000337,HIST_FL_000337,HISTORICAL,FLOOD,1993,7,1993-07-01,month,,,missing,Delhi,,1.0,,1.0,,,,,,,,,,,,,
HIST_FL_000338,HIST_FL_000338,HISTORICAL,FLOOD,1993,7,1993-07-01,month,,,missing,Delhi,,1.0,,1.0,,,,,,,,,,,,,
HIST_FL_000339,HIST_FL_000339,HISTORICAL,FLOOD,1993,7,1993-07-01,month,,,missing,Delhi,,1.0,,1.0,,,,,,,,,,,,,
HIST_FL_000340,HIST_FL_000340,HISTORICAL,FLOOD,1993,7,1993-07-01,month,,,missing,Gujarat,,7.0,,45.0,,,,,,,,,,,,,
HIST_FL_000341,HIST_FL_000341,HISTORICAL,FLOOD,1993,7,1993-07-01,month,,,missing,Haryana,,14.0,,51.0,,,,,,,,,,,,,
HIST_FL_000342,HIST_FL_000342,HISTORICAL,FLOOD,1993,7,1993-07-01,month,,,missing,Himachal Pradesh,,5.0,,58.0,,,,,,,,,,,,,
HIST_FL_000343,HIST_FL_000343,HISTORICAL,FLOOD,1993,7,1993-07-01,month,,,missing,Jammu and Kashmir,,6.0,,20.0,,,,,,,,,,,,,
HIST_FL_000344,HIST_FL_000344,HISTORICAL,FLOOD,1993,7,1993-07-01,month,,,missing,Kerala,,1.0,,,,,,,,,,,,,,,
HIST_FL_000345,HIST_FL_000345,HISTORICAL,FLOOD,1993,7,1993-07-01,month,,,missing,Kerala,,1.0,,1.0,,,,,,,,,,,,,
HIST_FL_000346,HIST_FL_000346,HISTORICAL,FLOOD,1993,7,1993-07-01,month,,,missing,Kerala,,1.0,,,,,,,,,,,,,,,
HIST_FL_000347,HIST_FL_000347,HISTORICAL,FLOOD,1993,7,1993-07-01,month,,,missing,Kerala,,1.0,,2.0,,,,,,,,,,,,,
HIST_FL_000348,HIST_FL_000348,HISTORICAL,FLOOD,1993,7,1993-07-01,month,,,missing,Kerala,,1.0,,2.0,,,,,,,,,,,,,
HIST_FL_000349,HIST_FL_000349,HISTORICAL,FLOOD,1993,7,1993-07-01,month,,,missing,Kerala,,1.0,,,,,,,,,,,,,,,
HIST_FL_000350,HIST_FL_000350,HISTORICAL,FLOOD,1993,7,1993-07-01,month,,,missing,Madhya Pradesh,,2.0,,9.0,,,,,,,,,,,,,
HIST_FL_000351,HIST_FL_000351,HISTORICAL,FLOOD,1993,7,1993-07-01,month,,,missing,Maharashtra,,1.0,,,,,,,,,,,,,,,
HIST_FL_000352,HIST_FL_000352,HISTORICAL,FLOOD,1993,7,1993-07-01,month,,,missing,Maharashtra,,1.0,,,,,,,,,,,,,,,
HIST_FL_000353,HIST_FL_000353,HISTORICAL,FLOOD,1993,7,1993-07-01,month,,,missing,Maharashtra,,3.0,,,,,,,,,,,,,,,
HIST_FL_000354,HIST_FL_000354,HISTORICAL,FLOOD,1993,7,1993-07-01,month,,,missing,Maharashtra,,1.0,,,,,,,,,,,,,,,
HIST_FL_000355,HIST_FL_000355,HISTORICAL,FLOOD,1993,7,1993-07-01,month,,,missing,Maharashtra,,1.0,,1.0,,,,,,,,,,,,,
HIST_FL_000356,HIST_FL_000356,HISTORICAL,FLOOD,1993,7,1993-07-01,month,,,missing,Maharashtra,,1.0,,,,,,,,,,,,,,,
HIST_FL_000357,HIST_FL_000357,HISTORICAL,FLOOD,1993,7,1993-07-01,month,,,missing,Maharashtra,,1.0,,,,,,,,,,,,,,,
HIST_FL_000358,HIST_FL_000358,HISTORICAL,FLOOD,1993,7,1993-07-01,month,,,missing,Meghalaya,,1.0,,,,,,,,,,,,,,,
HIST_FL_000359,HIST_FL_000359,HISTORICAL,FLOOD,1993,7,1993-07-01,month,,,missing,Mizoram,,1.0,,,,,,,,,,,,,,,
HIST_FL_000360,HIST_FL_000360,HISTORICAL,FLOOD,1993,7,1993-07-01,month,,,missing,Punjab,,5.0,,320.0,,,,,,,,,,,,,
HIST_FL_000361,HIST_FL_000361,HISTORICAL,FLOOD,1993,7,1993-07-01,month,,,missing,Rajasthan,,12.0,,19.0,,,,,,,,,,,,,
HIST_FL_000362,HIST_FL_000362,HISTORICAL,FLOOD,1993,7,1993-07-01,month,,,missing,Tripura,,1.0,,2.0,,,,,,,,,,,,,
HIST_FL_000363,HIST_FL_000363,HISTORICAL,FLOOD,1993,7,1993-07-01,month,,,missing,Uttar Pradesh,,31.0,,35.0,,,,,,,,,,,,,
HIST_FL_000364,HIST_FL_000364,HISTORICAL,FLOOD,1993,7,1993-07-01,month,,,missing,West Bengal,,1.0,,18.0,,,,,,,,,,,,,
HIST_FL_000365,HIST_FL_000365,HISTORICAL,FLOOD,1993,7,1993-07-01,month,,,missing,West Bengal,,1.0,,4.0,,,,,,,,,,,,,
HIST_FL_000366,HIST_FL_000366,HISTORICAL,FLOOD,1993,7,1993-07-01,month,,,missing,West Bengal,,1.0,,,,,,,,,,,,,,,
HIST_FL_000367,HIST_FL_000367,HISTORICAL,FLOOD,1993,7,1993-07-01,month,,,missing,West Bengal,,1.0,,1.0,,,,,,,,,,,,,
HIST_FL_000368,HIST_FL_000368,HISTORICAL,FLOOD,1993,7,1993-07-01,month,,,missing,West Bengal,,1.0,,,,,,,,,,,,,,,
HIST_FL_000369,HIST_FL_000369,HISTORICAL,FLOOD,1993,7,1993-07-01,month,,,missing,West Bengal,,3.0,,336.0,,,,,,,,,,,,,
HIST_FL_000370,HIST_FL_000370,HISTORICAL,FLOOD,1993,7,1993-07-01,month,,,missing,West Bengal,,1.0,,6.0,,,,,,,,,,,,,
HIST_FL_000371,HIST_FL_000371,HISTORICAL,FLOOD,1993,7,1993-07-01,month,,,missing,West Bengal,,1.0,,18.0,,,,,,,,,,,,,
HIST_FL_000372,HIST_FL_000372,HISTORICAL,FLOOD,1993,8,1993-08-01,month,,,missing,Assam,,26.0,,3.0,,,,,,,,,,,,,
HIST_FL_000373,HIST_FL_000373,HISTORICAL,FLOOD,1993,8,1993-08-01,month,,,missing,Bihar,,31.0,,25.0,,,,,,,,,,,,,
HIST_FL_000374,HIST_FL_000374,HISTORICAL,FLOOD,1993,8,1993-08-01,month,,,missing,Karnataka,,1.0,,,,,,,,,,,,,,,
HIST_FL_000375,HIST_FL_000375,HISTORICAL,FLOOD,1993,8,1993-08-01,month,,,missing,Madhya Pradesh,,4.0,,4.0,,,,,,,,,,,,,
HIST_FL_000376,HIST_FL_000376,HISTORICAL,FLOOD,1993,8,1993-08-01,month,,,missing,Maharashtra,,1.0,,6.0,,,,,,,,,,,,,
HIST_FL_000377,HIST_FL_000377,HISTORICAL,FLOOD,1993,8,1993-08-01,month,,,missing,Maharashtra,,1.0,,,,,,,,,,,,,,,
HIST_FL_000378,HIST_FL_000378,HISTORICAL,FLOOD,1993,8,1993-08-01,month,,,missing,Mizoram,,1.0,,6.0,,,,,,,,,,,,,
HIST_FL_000379,HIST_FL_000379,HISTORICAL,FLOOD,1993,8,1993-08-01,month,,,missing,Nagaland,,7.0,,1.0,,,,,,,,,,,,,
HIST_FL_000380,HIST_FL_000380,HISTORICAL,FLOOD,1993,8,1993-08-01,month,,,missing,Rajasthan,,31.0,,5.0,,,,,,,,,,,,,
HIST_FL_000381,HIST_FL_000381,HISTORICAL,FLOOD,1993,8,1993-08-01,month,,,missing,Sikkim,,1.0,,7.0,,,,,,,,,,,,,
HIST_FL_000382,HIST_FL_000382,HISTORICAL,FLOOD,1993,8,1993-08-01,month,,,missing,Tamil Nadu,,1.0,,3.0,,,,,,,,,,,,,
HIST_FL_000383,HIST_FL_000383,HISTORICAL,FLOOD,1993,8,1993-08-01,month,,,missing,West Bengal,,1.0,,,,,,,,,,,,,,,
HIST_FL_000384,HIST_FL_000384,HISTORICAL,FLOOD,1993,8,1993-08-01,month,,,missing,West Bengal,,1.0,,5.0,,,,,,,,,,,,,
HIST_FL_000385,HIST_FL_000385,HISTORICAL,FLOOD,1993,8,1993-08-01,month,,,missing,West Bengal,,1.0,,72.0,,,,,,,,,,,,,
HIST_FL_000386,HIST_FL_000386,HISTORICAL,FLOOD,1993,8,1993-08-01,month,,,missing,West Bengal,,1.0,,5.0,,,,,,,,,,,,,
HIST_FL_000387,HIST_FL_000387,HISTORICAL,FLOOD,1993,8,1993-08-01,month,,,missing,West Bengal,,1.0,,3.0,,,,,,,,,,,,,
HIST_FL_000388,HIST_FL_000388,HISTORICAL,FLOOD,1993,8,1993-08-01,month,,,missing,West Bengal,,1.0,,,,,,,,,,,,,,,
HIST_FL_000389,HIST_FL_000389,HISTORICAL,FLOOD,1993,8,1993-08-01,month,,,missing,West Bengal,,1.0,,,,,,,,,,,,,,,
HIST_FL_000390,HIST_FL_000390,HISTORICAL,FLOOD,1993,8,1993-08-01,month,,,missing,West Bengal,,1.0,,3.0,,,,,,,,,,,,,
HIST_FL_000391,HIST_FL_000391,HISTORICAL,FLOOD,1993,8,1993-08-01,month,,,missing,West Bengal,,1.0,,2.0,,,,,,,,,,,,,
HIST_FL_000392,HIST_FL_000392,HISTORICAL,FLOOD,1993,9,1993-09-01,month,,,missing,Arunachal Pradesh,,1.0,,14.0,,,,,,,,,,,,,
HIST_FL_000393,HIST_FL_000393,HISTORICAL,FLOOD,1993,9,1993-09-01,month,,,missing,Bihar,,1.0,,2.0,,,,,,,,,,,,,
HIST_FL_000394,HIST_FL_000394,HISTORICAL,FLOOD,1993,9,1993-09-01,month,,,missing,Bihar,,1.0,,,,,,,,,,,,,,,
HIST_FL_000395,HIST_FL_000395,HISTORICAL,FLOOD,1993,9,1993-09-01,month,,,missing,Madhya Pradesh,,1.0,,4.0,,,,,,,,,,,,,
HIST_FL_000396,HIST_FL_000396,HISTORICAL,FLOOD,1993,9,1993-09-01,month,,,missing,Maharashtra,,2.0,,,,,,,,,,,,,,,
HIST_FL_000397,HIST_FL_000397,HISTORICAL,FLOOD,1993,9,1993-09-01,month,,,missing,Maharashtra,,1.0,,,,,,,,,,,,,,,
HIST_FL_000398,HIST_FL_000398,HISTORICAL,FLOOD,1993,9,1993-09-01,month,,,missing,Uttar Pradesh,,14.0,,171.0,,,,,,,,,,,,,
HIST_FL_000399,HIST_FL_000399,HISTORICAL,FLOOD,1993,9,1993-09-01,month,,,missing,West Bengal,,1.0,,4.0,,,,,,,,,,,,,
HIST_FL_000400,HIST_FL_000400,HISTORICAL,FLOOD,1993,9,1993-09-01,month,,,missing,West Bengal,,5.0,,5.0,,,,,,,,,,,,,
HIST_FL_000401,HIST_FL_000401,HISTORICAL,FLOOD,1993,9,1993-09-01,month,,,missing,West Bengal,,1.0,,3.0,,,,,,,,,,,,,
HIST_FL_000402,HIST_FL_000402,HISTORICAL,FLOOD,1993,9,1993-09-01,month,,,missing,West Bengal,,1.0,,5.0,,,,,,,,,,,,,
HIST_FL_000403,HIST_FL_000403,HISTORICAL,FLOOD,1993,9,1993-09-01,month,,,missing,West Bengal,,1.0,,3.0,,,,,,,,,,,,,
HIST_FL_000404,HIST_FL_000404,HISTORICAL,FLOOD,1993,10,1993-10-01,month,,,missing,Andhra Pradesh,,5.0,,13.0,,,,,,,,,,,,,
HIST_FL_000405,HIST_FL_000405,HISTORICAL,FLOOD,1993,10,1993-10-01,month,,,missing,Karnataka,,1.0,,5.0,,,,,,,,,,,,,
HIST_FL_000406,HIST_FL_000406,HISTORICAL,FLOOD,1993,10,1993-10-01,month,,,missing,Karnataka,,11.0,,34.0,,,,,,,,,,,,,
HIST_FL_000407,HIST_FL_000407,HISTORICAL,FLOOD,1993,10,1993-10-01,month,,,missing,Kerala,,1.0,,3.0,,,,,,,,,,,,,
HIST_FL_000408,HIST_FL_000408,HISTORICAL,FLOOD,1993,10,1993-10-01,month,,,missing,Kerala,,1.0,,10.0,,,,,,,,,,,,,
HIST_FL_000409,HIST_FL_000409,HISTORICAL,FLOOD,1993,10,1993-10-01,month,,,missing,Kerala,,1.0,,,,,,,,,,,,,,,
HIST_FL_000410,HIST_FL_000410,HISTORICAL,FLOOD,1993,10,1993-10-01,month,,,missing,Kerala,,1.0,,,,,,,,,,,,,,,
HIST_FL_000411,HIST_FL_000411,HISTORICAL,FLOOD,1993,10,1993-10-01,month,,,missing,Maharashtra,,1.0,,5.0,,,,,,,,,,,,,
HIST_FL_000412,HIST_FL_000412,HISTORICAL,FLOOD,1993,10,1993-10-01,month,,,missing,Maharashtra,,1.0,,23.0,,,,,,,,,,,,,
HIST_FL_000413,HIST_FL_000413,HISTORICAL,FLOOD,1993,11,1993-11-01,month,,,missing,Kerala,,2.0,,3.0,,,,,,,,,,,,,
HIST_FL_000414,HIST_FL_000414,HISTORICAL,FLOOD,1993,11,1993-11-01,month,,,missing,Tamil Nadu,,5.0,,60.0,,,,,,,,,,,,,
HIST_FL_000415,HIST_FL_000415,HISTORICAL,FLOOD,1993,12,1993-12-01,month,,,missing,Punjab,,5.0,,2.0,,,,,,,,,,,,,
HIST_FL_000416,HIST_FL_000416,HISTORICAL,FLOOD,1994,3,1994-03-01,month,,,missing,Assam,,1.0,,,,,,,,,,,,,,,
HIST_FL_000417,HIST_FL_000417,HISTORICAL,FLOOD,1994,3,1994-03-01,month,,,missing,Jammu and Kashmir,,6.0,,40.0,,,,,,,,,,,,,
HIST_FL_000418,HIST_FL_000418,HISTORICAL,FLOOD,1994,4,1994-04-01,month,,,missing,Arunachal Pradesh,,7.0,,,,,,,,,,,,,,,
HIST_FL_000419,HIST_FL_000419,HISTORICAL,FLOOD,1994,5,1994-05-01,month,,,missing,Assam,,1.0,,,,,,,,,,,,,,,
HIST_FL_000420,HIST_FL_000420,HISTORICAL,FLOOD,1994,5,1994-05-01,month,,,missing,Kerala,,1.0,,1.0,,,,,,,,,,,,,
HIST_FL_000421,HIST_FL_000421,HISTORICAL,FLOOD,1994,6,1994-06-01,month,,,missing,Assam,,30.0,,2.0,,,,,,,,,,,,,
HIST_FL_000422,HIST_FL_000422,HISTORICAL,FLOOD,1994,6,1994-06-01,month,,,missing,Gujarat,,14.0,,13.0,,,,,,,,,,,,,
HIST_FL_000423,HIST_FL_000423,HISTORICAL,FLOOD,1994,6,1994-06-01,month,,,missing,Karnataka,,1.0,,1.0,,,,,,,,,,,,,
HIST_FL_000424,HIST_FL_000424,HISTORICAL,FLOOD,1994,6,1994-06-01,month,,,missing,Kerala,,14.0,,30.0,,,,,,,,,,,,,
HIST_FL_000425,HIST_FL_000425,HISTORICAL,FLOOD,1994,6,1994-06-01,month,,,missing,Madhya Pradesh,,2.0,,,,,,,,,,,,,,,
HIST_FL_000426,HIST_FL_000426,HISTORICAL,FLOOD,1994,6,1994-06-01,month,,,missing,Madhya Pradesh,,1.0,,,,,,,,,,,,,,,
HIST_FL_000427,HIST_FL_000427,HISTORICAL,FLOOD,1994,6,1994-06-01,month,,,missing,Maharashtra,,1.0,,1.0,,,,,,,,,,,,,
HIST_FL_000428,HIST_FL_000428,HISTORICAL,FLOOD,1994,6,1994-06-01,month,,,missing,Maharashtra,,1.0,,,,,,,,,,,,,,,
HIST_FL_000429,HIST_FL_000429,HISTORICAL,FLOOD,1994,6,1994-06-01,month,,,missing,Maharashtra,,1.0,,2.0,,,,,,,,,,,,,
HIST_FL_000430,HIST_FL_000430,HISTORICAL,FLOOD,1994,6,1994-06-01,month,,,missing,Maharashtra,,2.0,,2.0,,,,,,,,,,,,,
HIST_FL_000431,HIST_FL_000431,HISTORICAL,FLOOD,1994,6,1994-06-01,month,,,missing,Maharashtra,,1.0,,1.0,,,,,,,,,,,,,
HIST_FL_000432,HIST_FL_000432,HISTORICAL,FLOOD,1994,6,1994-06-01,month,,,missing,Maharashtra,,1.0,,,,,,,,,,,,,,,
HIST_FL_000433,HIST_FL_000433,HISTORICAL,FLOOD,1994,6,1994-06-01,month,,,missing,Maharashtra,,1.0,,13.0,,,,,,,,,,,,,
HIST_FL_000434,HIST_FL_000434,HISTORICAL,FLOOD,1994,6,1994-06-01,month,,,missing,Rajasthan,,1.0,,,,,,,,,,,,,,,
HIST_FL_000435,HIST_FL_000435,HISTORICAL,FLOOD,1994,6,1994-06-01,month,,,missing,West Bengal,,1.0,,,,,,,,,,,,,,,
HIST_FL_000436,HIST_FL_000436,HISTORICAL,FLOOD,1994,6,1994-06-01,month,,,missing,West Bengal,,1.0,,,,,,,,,,,,,,,
HIST_FL_000437,HIST_FL_000437,HISTORICAL,FLOOD,1994,7,1994-07-01,month,,,missing,Andhra Pradesh,,1.0,,5.0,,,,,,,,,,,,,
HIST_FL_000438,HIST_FL_000438,HISTORICAL,FLOOD,1994,7,1994-07-01,month,,,missing,Arunachal Pradesh,,1.0,,9.0,,,,,,,,,,,,,
HIST_FL_000439,HIST_FL_000439,HISTORICAL,FLOOD,1994,7,1994-07-01,month,,,missing,Assam,,16.0,,8.0,,,,,,,,,,,,,
HIST_FL_000440,HIST_FL_000440,HISTORICAL,FLOOD,1994,7,1994-07-01,month,,,missing,Bihar,,1.0,,6.0,,,,,,,,,,,,,
HIST_FL_000441,HIST_FL_000441,HISTORICAL,FLOOD,1994,7,1994-07-01,month,,,missing,Bihar,,7.0,,,,,,,,,,,,,,,
HIST_FL_000442,HIST_FL_000442,HISTORICAL,FLOOD,1994,7,1994-07-01,month,,,missing,Gujarat,,7.0,,85.0,,,,,,,,,,,,,
HIST_FL_000443,HIST_FL_000443,HISTORICAL,FLOOD,1994,7,1994-07-01,month,,,missing,Himachal Pradesh,,1.0,,70.0,,,,,,,,,,,,,
HIST_FL_000444,HIST_FL_000444,HISTORICAL,FLOOD,1994,7,1994-07-01,month,,,missing,Himachal Pradesh,,1.0,,,,,,,,,,,,,,,
HIST_FL_000445,HIST_FL_000445,HISTORICAL,FLOOD,1994,7,1994-07-01,month,,,missing,Himachal Pradesh,,2.0,,8.0,,,,,,,,,,,,,
HIST_FL_000446,HIST_FL_000446,HISTORICAL,FLOOD,1994,7,1994-07-01,month,,,missing,Himachal Pradesh,,2.0,,4.0,,,,,,,,,,,,,
HIST_FL_000447,HIST_FL_000447,HISTORICAL,FLOOD,1994,7,1994-07-01,month,,,missing,Himachal Pradesh,,4.0,,6.0,,,,,,,,,,,,,
HIST_FL_000448,HIST_FL_000448,HISTORICAL,FLOOD,1994,7,1994-07-01,month,,,missing,Jammu and Kashmir,,1.0,,3.0,,,,,,,,,,,,,
HIST_FL_000449,HIST_FL_000449,HISTORICAL,FLOOD,1994,7,1994-07-01,month,,,missing,Karnataka,,7.0,,58.0,,,,,,,,,,,,,
HIST_FL_000450,HIST_FL_000450,HISTORICAL,FLOOD,1994,7,1994-07-01,month,,,missing,Kerala,,1.0,,,,,,,,,,,,,,,
HIST_FL_000451,HIST_FL_000451,HISTORICAL,FLOOD,1994,7,1994-07-01,month,,,missing,Kerala,,2.0,,12.0,,,,,,,,,,,,,
HIST_FL_000452,HIST_FL_000452,HISTORICAL,FLOOD,1994,7,1994-07-01,month,,,missing,Kerala,,3.0,,14.0,,,,,,,,,,,,,
HIST_FL_000453,HIST_FL_000453,HISTORICAL,FLOOD,1994,7,1994-07-01,month,,,missing,Kerala,,1.0,,4.0,,,,,,,,,,,,,
HIST_FL_000454,HIST_FL_000454,HISTORICAL,FLOOD,1994,7,1994-07-01,month,,,missing,Kerala,,1.0,,,,,,,,,,,,,,,
HIST_FL_000455,HIST_FL_000455,HISTORICAL,FLOOD,1994,7,1994-07-01,month,,,missing,Kerala,,1.0,,,,,,,,,,,,,,,
HIST_FL_000456,HIST_FL_000456,HISTORICAL,FLOOD,1994,7,1994-07-01,month,,,missing,Madhya Pradesh,,2.0,,9.0,,,,,,,,,,,,,
HIST_FL_000457,HIST_FL_000457,HISTORICAL,FLOOD,1994,7,1994-07-01,month,,,missing,Madhya Pradesh,,4.0,,25.0,,,,,,,,,,,,,
HIST_FL_000458,HIST_FL_000458,HISTORICAL,FLOOD,1994,7,1994-07-01,month,,,missing,Maharashtra,,1.0,,5.0,,,,,,,,,,,,,
HIST_FL_000459,HIST_FL_000459,HISTORICAL,FLOOD,1994,7,1994-07-01,month,,,missing,Maharashtra,,7.0,,8.0,,,,,,,,,,,,,
HIST_FL_000460,HIST_FL_000460,HISTORICAL,FLOOD,1994,7,1994-07-01,month,,,missing,Maharashtra,,1.0,,1.0,,,,,,,,,,,,,
HIST_FL_000461,HIST_FL_000461,HISTORICAL,FLOOD,1994,7,1994-07-01,month,,,missing,Maharashtra,,2.0,,,,,,,,,,,,,,,
HIST_FL_000462,HIST_FL_000462,HISTORICAL,FLOOD,1994,7,1994-07-01,month,,,missing,Maharashtra,,3.0,,45.0,,,,,,,,,,,,,
HIST_FL_000463,HIST_FL_000463,HISTORICAL,FLOOD,1994,7,1994-07-01,month,,,missing,Maharashtra,,4.0,,2.0,,,,,,,,,,,,,
HIST_FL_000464,HIST_FL_000464,HISTORICAL,FLOOD,1994,7,1994-07-01,month,,,missing,Maharashtra,,1.0,,2.0,,,,,,,,,,,,,
HIST_FL_000465,HIST_FL_000465,HISTORICAL,FLOOD,1994,7,1994-07-01,month,,,missing,Maharashtra,,1.0,,51.0,,,,,,,,,,,,,
HIST_FL_000466,HIST_FL_000466,HISTORICAL,FLOOD,1994,7,1994-07-01,month,,,missing,Maharashtra,,1.0,,2.0,,,,,,,,,,,,,
HIST_FL_000467,HIST_FL_000467,HISTORICAL,FLOOD,1994,7,1994-07-01,month,,,missing,Maharashtra,,1.0,,,,,,,,,,,,,,,
HIST_FL_000468,HIST_FL_000468,HISTORICAL,FLOOD,1994,7,1994-07-01,month,,,missing,Maharashtra,,1.0,,,,,,,,,,,,,,,
HIST_FL_000469,HIST_FL_000469,HISTORICAL,FLOOD,1994,7,1994-07-01,month,,,missing,Maharashtra,,1.0,,,,,,,,,,,,,,,
HIST_FL_000470,HIST_FL_000470,HISTORICAL,FLOOD,1994,7,1994-07-01,month,,,missing,Maharashtra,,1.0,,2.0,,,,,,,,,,,,,
HIST_FL_000471,HIST_FL_000471,HISTORICAL,FLOOD,1994,7,1994-07-01,month,,,missing,Odisha,,7.0,,5.0,,,,,,,,,,,,,
HIST_FL_000472,HIST_FL_000472,HISTORICAL,FLOOD,1994,7,1994-07-01,month,,,missing,Punjab,,5.0,,18.0,,,,,,,,,,,,,
HIST_FL_000473,HIST_FL_000473,HISTORICAL,FLOOD,1994,7,1994-07-01,month,,,missing,Punjab,,1.0,,2.0,,,,,,,,,,,,,
HIST_FL_000474,HIST_FL_000474,HISTORICAL,FLOOD,1994,7,1994-07-01,month,,,missing,Rajasthan,,2.0,,9.0,,,,,,,,,,,,,
HIST_FL_000475,HIST_FL_000475,HISTORICAL,FLOOD,1994,7,1994-07-01,month,,,missing,Rajasthan,,1.0,,,,,,,,,,,,,,,
HIST_FL_000476,HIST_FL_000476,HISTORICAL,FLOOD,1994,7,1994-07-01,month,,,missing,Rajasthan,,1.0,,4.0,,,,,,,,,,,,,
HIST_FL_000477,HIST_FL_000477,HISTORICAL,FLOOD,1994,7,1994-07-01,month,,,missing,Rajasthan,,1.0,,4.0,,,,,,,,,,,,,
HIST_FL_000478,HIST_FL_000478,HISTORICAL,FLOOD,1994,7,1994-07-01,month,,,missing,Rajasthan,,2.0,,5.0,,,,,,,,,,,,,
HIST_FL_000479,HIST_FL_000479,HISTORICAL,FLOOD,1994,7,1994-07-01,month,,,missing,Rajasthan,,1.0,,1.0,,,,,,,,,,,,,
HIST_FL_000480,HIST_FL_000480,HISTORICAL,FLOOD,1994,7,1994-07-01,month,,,missing,Rajasthan,,1.0,,3.0,,,,,,,,,,,,,
HIST_FL_000481,HIST_FL_000481,HISTORICAL,FLOOD,1994,7,1994-07-01,month,,,missing,Tamil Nadu,,1.0,,1.0,,,,,,,,,,,,,
HIST_FL_000482,HIST_FL_000482,HISTORICAL,FLOOD,1994,7,1994-07-01,month,,,missing,Uttar Pradesh,,1.0,,8.0,,,,,,,,,,,,,
HIST_FL_000483,HIST_FL_000483,HISTORICAL,FLOOD,1994,7,1994-07-01,month,,,missing,Uttar Pradesh,,1.0,,4.0,,,,,,,,,,,,,
HIST_FL_000484,HIST_FL_000484,HISTORICAL,FLOOD,1994,7,1994-07-01,month,,,missing,West Bengal,,1.0,,3.0,,,,,,,,,,,,,
HIST_FL_000485,HIST_FL_000485,HISTORICAL,FLOOD,1994,8,1994-08-01,month,,,missing,Arunachal Pradesh,,1.0,,4.0,,,,,,,,,,,,,
HIST_FL_000486,HIST_FL_000486,HISTORICAL,FLOOD,1994,8,1994-08-01,month,,,missing,Assam,,8.0,,,,,,,,,,,,,,,
HIST_FL_000487,HIST_FL_000487,HISTORICAL,FLOOD,1994,8,1994-08-01,month,,,missing,Bihar,,7.0,,28.0,,,,,,,,,,,,,
HIST_FL_000488,HIST_FL_000488,HISTORICAL,FLOOD,1994,8,1994-08-01,month,,,missing,Gujarat,,2.0,,10.0,,,,,,,,,,,,,
HIST_FL_000489,HIST_FL_000489,HISTORICAL,FLOOD,1994,8,1994-08-01,month,,,missing,Haryana,,1.0,,3.0,,,,,,,,,,,,,
HIST_FL_000490,HIST_FL_000490,HISTORICAL,FLOOD,1994,8,1994-08-01,month,,,missing,Himachal Pradesh,,2.0,,2.0,,,,,,,,,,,,,
HIST_FL_000491,HIST_FL_000491,HISTORICAL,FLOOD,1994,8,1994-08-01,month,,,missing,Himachal Pradesh,,1.0,,,,,,,,,,,,,,,
HIST_FL_000492,HIST_FL_000492,HISTORICAL,FLOOD,1994,8,1994-08-01,month,,,missing,Himachal Pradesh,,1.0,,15.0,,,,,,,,,,,,,
HIST_FL_000493,HIST_FL_000493,HISTORICAL,FLOOD,1994,8,1994-08-01,month,,,missing,Himachal Pradesh,,1.0,,11.0,,,,,,,,,,,,,
HIST_FL_000494,HIST_FL_000494,HISTORICAL,FLOOD,1994,8,1994-08-01,month,,,missing,Himachal Pradesh,,1.0,,12.0,,,,,,,,,,,,,
HIST_FL_000495,HIST_FL_000495,HISTORICAL,FLOOD,1994,8,1994-08-01,month,,,missing,Himachal Pradesh,,1.0,,15.0,,,,,,,,,,,,,
HIST_FL_000496,HIST_FL_000496,HISTORICAL,FLOOD,1994,8,1994-08-01,month,,,missing,Himachal Pradesh,,1.0,,2.0,,,,,,,,,,,,,
HIST_FL_000497,HIST_FL_000497,HISTORICAL,FLOOD,1994,8,1994-08-01,month,,,missing,Kerala,,1.0,,,,,,,,,,,,,,,
HIST_FL_000498,HIST_FL_000498,HISTORICAL,FLOOD,1994,8,1994-08-01,month,,,missing,Kerala,,1.0,,3.0,,,,,,,,,,,,,
HIST_FL_000499,HIST_FL_000499,HISTORICAL,FLOOD,1994,8,1994-08-01,month,,,missing,Kerala,,7.0,,,,,,,,,,,,,,,
HIST_FL_000500,HIST_FL_000500,HISTORICAL,FLOOD,1994,8,1994-08-01,month,,,missing,Madhya Pradesh,,1.0,,3.0,,,,,,,,,,,,,
HIST_FL_000501,HIST_FL_000501,HISTORICAL,FLOOD,1994,8,1994-08-01,month,,,missing,Madhya Pradesh,,1.0,,,,,,,,,,,,,,,
HIST_FL_000502,HIST_FL_000502,HISTORICAL,FLOOD,1994,8,1994-08-01,month,,,missing,Maharashtra,,1.0,,,,,,,,,,,,,,,
HIST_FL_000503,HIST_FL_000503,HISTORICAL,FLOOD,1994,8,1994-08-01,month,,,missing,Maharashtra,,3.0,,4.0,,,,,,,,,,,,,
HIST_FL_000504,HIST_FL_000504,HISTORICAL,FLOOD,1994,8,1994-08-01,month,,,missing,Maharashtra,,1.0,,8.0,,,,,,,,,,,,,
HIST_FL_000505,HIST_FL_000505,HISTORICAL,FLOOD,1994,8,1994-08-01,month,,,missing,Maharashtra,,1.0,,2.0,,,,,,,,,,,,,
HIST_FL_000506,HIST_FL_000506,HISTORICAL,FLOOD,1994,8,1994-08-01,month,,,missing,Odisha,,2.0,,3.0,,,,,,,,,,,,,
HIST_FL_000507,HIST_FL_000507,HISTORICAL,FLOOD,1994,8,1994-08-01,month,,,missing,Rajasthan,,1.0,,2.0,,,,,,,,,,,,,
HIST_FL_000508,HIST_FL_000508,HISTORICAL,FLOOD,1994,8,1994-08-01,month,,,missing,Rajasthan,,1.0,,1.0,,,,,,,,,,,,,
HIST_FL_000509,HIST_FL_000509,HISTORICAL,FLOOD,1994,8,1994-08-01,month,,,missing,Rajasthan,,1.0,,13.0,,,,,,,,,,,,,
HIST_FL_000510,HIST_FL_000510,HISTORICAL,FLOOD,1994,8,1994-08-01,month,,,missing,Uttar Pradesh,,7.0,,15.0,,,,,,,,,,,,,
HIST_FL_000511,HIST_FL_000511,HISTORICAL,FLOOD,1994,8,1994-08-01,month,,,missing,West Bengal,,1.0,,,,,,,,,,,,,,,
HIST_FL_000512,HIST_FL_000512,HISTORICAL,FLOOD,1994,8,1994-08-01,month,,,missing,West Bengal,,1.0,,,,,,,,,,,,,,,
HIST_FL_000513,HIST_FL_000513,HISTORICAL,FLOOD,1994,8,1994-08-01,month,,,missing,West Bengal,,1.0,,,,,,,,,,,,,,,
HIST_FL_000514,HIST_FL_000514,HISTORICAL,FLOOD,1994,8,1994-08-01,month,,,missing,West Bengal,,3.0,,1.0,,,,,,,,,,,,,
HIST_FL_000515,HIST_FL_000515,HISTORICAL,FLOOD,1994,8,1994-08-01,month,,,missing,West Bengal,,1.0,,1.0,,,,,,,,,,,,,
HIST_FL_000516,HIST_FL_000516,HISTORICAL,FLOOD,1994,8,1994-08-01,month,,,missing,West Bengal,,1.0,,,,,,,,,,,,,,,
HIST_FL_000517,HIST_FL_000517,HISTORICAL,FLOOD,1994,9,1994-09-01,month,,,missing,Andhra Pradesh,,5.0,,16.0,,,,,,,,,,,,,
HIST_FL_000518,HIST_FL_000518,HISTORICAL,FLOOD,1994,9,1994-09-01,month,,,missing,Bihar,,7.0,,2.0,,,,,,,,,,,,,
HIST_FL_000519,HIST_FL_000519,HISTORICAL,FLOOD,1994,9,1994-09-01,month,,,missing,Himachal Pradesh,,1.0,,15.0,,,,,,,,,,,,,
HIST_FL_000520,HIST_FL_000520,HISTORICAL,FLOOD,1994,9,1994-09-01,month,,,missing,Kerala,,1.0,,1.0,,,,,,,,,,,,,
HIST_FL_000521,HIST_FL_000521,HISTORICAL,FLOOD,1994,9,1994-09-01,month,,,missing,Maharashtra,,14.0,,53.0,,,,,,,,,,,,,
HIST_FL_000522,HIST_FL_000522,HISTORICAL,FLOOD,1994,9,1994-09-01,month,,,missing,Maharashtra,,1.0,,7.0,,,,,,,,,,,,,
HIST_FL_000523,HIST_FL_000523,HISTORICAL,FLOOD,1994,9,1994-09-01,month,,,missing,Maharashtra,,1.0,,10.0,,,,,,,,,,,,,
HIST_FL_000524,HIST_FL_000524,HISTORICAL,FLOOD,1994,9,1994-09-01,month,,,missing,Odisha,,30.0,,72.0,,,,,,,,,,,,,
HIST_FL_000525,HIST_FL_000525,HISTORICAL,FLOOD,1994,9,1994-09-01,month,,,missing,Rajasthan,,1.0,,4.0,,,,,,,,,,,,,
HIST_FL_000526,HIST_FL_000526,HISTORICAL,FLOOD,1994,9,1994-09-01,month,,,missing,Uttar Pradesh,,8.0,,16.0,,,,,,,,,,,,,
HIST_FL_000527,HIST_FL_000527,HISTORICAL,FLOOD,1994,9,1994-09-01,month,,,missing,Uttar Pradesh,,1.0,,2.0,,,,,,,,,,,,,
HIST_FL_000528,HIST_FL_000528,HISTORICAL,FLOOD,1994,9,1994-09-01,month,,,missing,West Bengal,,1.0,,,,,,,,,,,,,,,
HIST_FL_000529,HIST_FL_000529,HISTORICAL,FLOOD,1994,10,1994-10-01,month,,,missing,Andhra Pradesh,,3.0,,31.0,,,,,,,,,,,,,
HIST_FL_000530,HIST_FL_000530,HISTORICAL,FLOOD,1994,10,1994-10-01,month,,,missing,Karnataka,,1.0,,8.0,,,,,,,,,,,,,
HIST_FL_000531,HIST_FL_000531,HISTORICAL,FLOOD,1994,10,1994-10-01,month,,,missing,Kerala,,4.0,,10.0,,,,,,,,,,,,,
HIST_FL_000532,HIST_FL_000532,HISTORICAL,FLOOD,1994,10,1994-10-01,month,,,missing,Kerala,,1.0,,1.0,,,,,,,,,,,,,
HIST_FL_000533,HIST_FL_000533,HISTORICAL,FLOOD,1994,10,1994-10-01,month,,,missing,Kerala,,1.0,,,,,,,,,,,,,,,
HIST_FL_000534,HIST_FL_000534,HISTORICAL,FLOOD,1994,10,1994-10-01,month,,,missing,Kerala,,1.0,,,,,,,,,,,,,,,
HIST_FL_000535,HIST_FL_000535,HISTORICAL,FLOOD,1994,10,1994-10-01,month,,,missing,Maharashtra,,1.0,,,,,,,,,,,,,,,
HIST_FL_000536,HIST_FL_000536,HISTORICAL,FLOOD,1994,10,1994-10-01,month,,,missing,West Bengal,,3.0,,,,,,,,,,,,,,,
HIST_FL_000537,HIST_FL_000537,HISTORICAL,FLOOD,1994,11,1994-11-01,month,,,missing,Tamil Nadu,,2.0,,,,,,,,,,,,,,,
HIST_FL_000538,HIST_FL_000538,HISTORICAL,FLOOD,1994,11,1994-11-01,month,,,missing,Tamil Nadu,,1.0,,1.0,,,,,,,,,,,,,
HIST_FL_000539,HIST_FL_000539,HISTORICAL,FLOOD,1994,12,1994-12-01,month,,,missing,Tamil Nadu,,3.0,,3.0,,,,,,,,,,,,,
HIST_FL_000540,HIST_FL_000540,HISTORICAL,FLOOD,1995,2,1995-02-01,month,,,missing,Himachal Pradesh,,1.0,,2.0,,,,,,,,,,,,,
HIST_FL_000541,HIST_FL_000541,HISTORICAL,FLOOD,1995,3,1995-03-01,month,,,missing,Kerala,,1.0,,,,,,,,,,,,,,,
HIST_FL_000542,HIST_FL_000542,HISTORICAL,FLOOD,1995,3,1995-03-01,month,,,missing,Maharashtra,,1.0,,,,,,,,,,,,,,,
HIST_FL_000543,HIST_FL_000543,HISTORICAL,FLOOD,1995,3,1995-03-01,month,,,missing,Maharashtra,,1.0,,,,,,,,,,,,,,,
HIST_FL_000544,HIST_FL_000544,HISTORICAL,FLOOD,1995,3,1995-03-01,month,,,missing,Maharashtra,,1.0,,,,,,,,,,,,,,,
HIST_FL_000545,HIST_FL_000545,HISTORICAL,FLOOD,1995,5,1995-05-01,month,,,missing,Andhra Pradesh,,9.0,,17.0,,,,,,,,,,,,,
HIST_FL_000546,HIST_FL_000546,HISTORICAL,FLOOD,1995,5,1995-05-01,month,,,missing,Arunachal Pradesh,,1.0,,2.0,,,,,,,,,,,,,
HIST_FL_000547,HIST_FL_000547,HISTORICAL,FLOOD,1995,5,1995-05-01,month,,,missing,Assam,,10.0,,,,,,,,,,,,,,,
HIST_FL_000548,HIST_FL_000548,HISTORICAL,FLOOD,1995,5,1995-05-01,month,,,missing,Kerala,,2.0,,,,,,,,,,,,,,,
HIST_FL_000549,HIST_FL_000549,HISTORICAL,FLOOD,1995,5,1995-05-01,month,,,missing,Kerala,,3.0,,3.0,,,,,,,,,,,,,
HIST_FL_000550,HIST_FL_000550,HISTORICAL,FLOOD,1995,5,1995-05-01,month,,,missing,Kerala,,4.0,,2.0,,,,,,,,,,,,,
HIST_FL_000551,HIST_FL_000551,HISTORICAL,FLOOD,1995,5,1995-05-01,month,,,missing,Kerala,,5.0,,,,,,,,,,,,,,,
HIST_FL_000552,HIST_FL_000552,HISTORICAL,FLOOD,1995,5,1995-05-01,month,,,missing,Maharashtra,,1.0,,2.0,,,,,,,,,,,,,
HIST_FL_000553,HIST_FL_000553,HISTORICAL,FLOOD,1995,5,1995-05-01,month,,,missing,Mizoram,,1.0,,25.0,,,,,,,,,,,,,
HIST_FL_000554,HIST_FL_000554,HISTORICAL,FLOOD,1995,5,1995-05-01,month,,,missing,Odisha,,3.0,,8.0,,,,,,,,,,,,,
HIST_FL_000555,HIST_FL_000555,HISTORICAL,FLOOD,1995,5,1995-05-01,month,,,missing,Odisha,,3.0,,39.0,,,,,,,,,,,,,
HIST_FL_000556,HIST_FL_000556,HISTORICAL,FLOOD,1995,5,1995-05-01,month,,,missing,Tamil Nadu,,1.0,,12.0,,,,,,,,,,,,,
HIST_FL_000557,HIST_FL_000557,HISTORICAL,FLOOD,1995,5,1995-05-01,month,,,missing,West Bengal,,3.0,,,,,,,,,,,,,,,
HIST_FL_000558,HIST_FL_000558,HISTORICAL,FLOOD,1995,5,1995-05-01,month,,,missing,West Bengal,,2.0,,,,,,,,,,,,,,,
HIST_FL_000559,HIST_FL_000559,HISTORICAL,FLOOD,1995,5,1995-05-01,month,,,missing,West Bengal,,3.0,,,,,,,,,,,,,,,
HIST_FL_000560,HIST_FL_000560,HISTORICAL,FLOOD,1995,5,1995-05-01,month,,,missing,West Bengal,,1.0,,1.0,,,,,,,,,,,,,
HIST_FL_000561,HIST_FL_000561,HISTORICAL,FLOOD,1995,6,1995-06-01,month,,,missing,Arunachal Pradesh,,7.0,,,,,,,,,,,,,,,
HIST_FL_000562,HIST_FL_000562,HISTORICAL,FLOOD,1995,6,1995-06-01,month,,,missing,Assam,,22.0,,11.0,,,,,,,,,,,,,
HIST_FL_000563,HIST_FL_000563,HISTORICAL,FLOOD,1995,6,1995-06-01,month,,,missing,Haryana,,1.0,,3.0,,,,,,,,,,,,,
HIST_FL_000564,HIST_FL_000564,HISTORICAL,FLOOD,1995,6,1995-06-01,month,,,missing,Kerala,,5.0,,2.0,,,,,,,,,,,,,
HIST_FL_000565,HIST_FL_000565,HISTORICAL,FLOOD,1995,6,1995-06-01,month,,,missing,Kerala,,1.0,,,,,,,,,,,,,,,
HIST_FL_000566,HIST_FL_000566,HISTORICAL,FLOOD,1995,6,1995-06-01,month,,,missing,Maharashtra,,1.0,,,,,,,,,,,,,,,
HIST_FL_000567,HIST_FL_000567,HISTORICAL,FLOOD,1995,6,1995-06-01,month,,,missing,Meghalaya,,1.0,,12.0,,,,,,,,,,,,,
HIST_FL_000568,HIST_FL_000568,HISTORICAL,FLOOD,1995,6,1995-06-01,month,,,missing,Tripura,,1.0,,1.0,,,,,,,,,,,,,
HIST_FL_000569,HIST_FL_000569,HISTORICAL,FLOOD,1995,6,1995-06-01,month,,,missing,Tripura,,1.0,,1.0,,,,,,,,,,,,,
HIST_FL_000570,HIST_FL_000570,HISTORICAL,FLOOD,1995,6,1995-06-01,month,,,missing,Tripura,,1.0,,1.0,,,,,,,,,,,,,
HIST_FL_000571,HIST_FL_000571,HISTORICAL,FLOOD,1995,6,1995-06-01,month,,,missing,West Bengal,,1.0,,,,,,,,,,,,,,,
HIST_FL_000572,HIST_FL_000572,HISTORICAL,FLOOD,1995,6,1995-06-01,month,,,missing,West Bengal,,1.0,,,,,,,,,,,,,,,
HIST_FL_000573,HIST_FL_000573,HISTORICAL,FLOOD,1995,6,1995-06-01,month,,,missing,West Bengal,,1.0,,,,,,,,,,,,,,,
HIST_FL_000574,HIST_FL_000574,HISTORICAL,FLOOD,1995,6,1995-06-01,month,,,missing,West Bengal,,1.0,,5.0,,,,,,,,,,,,,
HIST_FL_000575,HIST_FL_000575,HISTORICAL,FLOOD,1995,7,1995-07-01,month,,,missing,Arunachal Pradesh,,1.0,,,,,,,,,,,,,,,
HIST_FL_000576,HIST_FL_000576,HISTORICAL,FLOOD,1995,7,1995-07-01,month,,,missing,Arunachal Pradesh,,1.0,,5.0,,,,,,,,,,,,,
HIST_FL_000577,HIST_FL_000577,HISTORICAL,FLOOD,1995,7,1995-07-01,month,,,missing,Assam,,15.0,,37.0,,,,,,,,,,,,,
HIST_FL_000578,HIST_FL_000578,HISTORICAL,FLOOD,1995,7,1995-07-01,month,,,missing,Bihar,,7.0,,,,,,,,,,,,,,,
HIST_FL_000579,HIST_FL_000579,HISTORICAL,FLOOD,1995,7,1995-07-01,month,,,missing,Bihar,,7.0,,7.0,,,,,,,,,,,,,
HIST_FL_000580,HIST_FL_000580,HISTORICAL,FLOOD,1995,7,1995-07-01,month,,,missing,Haryana,,1.0,,,,,,,,,,,,,,,
HIST_FL_000581,HIST_FL_000581,HISTORICAL,FLOOD,1995,7,1995-07-01,month,,,missing,Himachal Pradesh,,1.0,,2.0,,,,,,,,,,,,,
HIST_FL_000582,HIST_FL_000582,HISTORICAL,FLOOD,1995,7,1995-07-01,month,,,missing,Himachal Pradesh,,4.0,,7.0,,,,,,,,,,,,,
HIST_FL_000583,HIST_FL_000583,HISTORICAL,FLOOD,1995,7,1995-07-01,month,,,missing,Himachal Pradesh,,1.0,,,,,,,,,,,,,,,
HIST_FL_000584,HIST_FL_000584,HISTORICAL,FLOOD,1995,7,1995-07-01,month,,,missing,Himachal Pradesh,,1.0,,,,,,,,,,,,,,,
HIST_FL_000585,HIST_FL_000585,HISTORICAL,FLOOD,1995,7,1995-07-01,month,,,missing,Jammu and Kashmir,,9.0,,104.0,,,,,,,,,,,,,
HIST_FL_000586,HIST_FL_000586,HISTORICAL,FLOOD,1995,7,1995-07-01,month,,,missing,Karnataka,,1.0,,6.0,,,,,,,,,,,,,
HIST_FL_000587,HIST_FL_000587,HISTORICAL,FLOOD,1995,7,1995-07-01,month,,,missing,Kerala,,8.0,,,,,,,,,,,,,,,
HIST_FL_000588,HIST_FL_000588,HISTORICAL,FLOOD,1995,7,1995-07-01,month,,,missing,Kerala,,5.0,,,,,,,,,,,,,,,
HIST_FL_000589,HIST_FL_000589,HISTORICAL,FLOOD,1995,7,1995-07-01,month,,,missing,Kerala,,6.0,,,,,,,,,,,,,,,
HIST_FL_000590,HIST_FL_000590,HISTORICAL,FLOOD,1995,7,1995-07-01,month,,,missing,Madhya Pradesh,,4.0,,40.0,,,,,,,,,,,,,
HIST_FL_000591,HIST_FL_000591,HISTORICAL,FLOOD,1995,7,1995-07-01,month,,,missing,Maharashtra,,1.0,,,,,,,,,,,,,,,
HIST_FL_000592,HIST_FL_000592,HISTORICAL,FLOOD,1995,7,1995-07-01,month,,,missing,Maharashtra,,1.0,,,,,,,,,,,,,,,
HIST_FL_000593,HIST_FL_000593,HISTORICAL,FLOOD,1995,7,1995-07-01,month,,,missing,Maharashtra,,1.0,,6.0,,,,,,,,,,,,,
HIST_FL_000594,HIST_FL_000594,HISTORICAL,FLOOD,1995,7,1995-07-01,month,,,missing,Odisha,,6.0,,,,,,,,,,,,,,,
HIST_FL_000595,HIST_FL_000595,HISTORICAL,FLOOD,1995,7,1995-07-01,month,,,missing,Rajasthan,,1.0,,,,,,,,,,,,,,,
HIST_FL_000596,HIST_FL_000596,HISTORICAL,FLOOD,1995,7,1995-07-01,month,,,missing,Rajasthan,,1.0,,5.0,,,,,,,,,,,,,
HIST_FL_000597,HIST_FL_000597,HISTORICAL,FLOOD,1995,7,1995-07-01,month,,,missing,Rajasthan,,1.0,,22.0,,,,,,,,,,,,,
HIST_FL_000598,HIST_FL_000598,HISTORICAL,FLOOD,1995,7,1995-07-01,month,,,missing,Rajasthan,,1.0,,14.0,,,,,,,,,,,,,
HIST_FL_000599,HIST_FL_000599,HISTORICAL,FLOOD,1995,7,1995-07-01,month,,,missing,Rajasthan,,1.0,,5.0,,,,,,,,,,,,,
HIST_FL_000600,HIST_FL_000600,HISTORICAL,FLOOD,1995,7,1995-07-01,month,,,missing,Rajasthan,,1.0,,,,,,,,,,,,,,,
HIST_FL_000601,HIST_FL_000601,HISTORICAL,FLOOD,1995,7,1995-07-01,month,,,missing,Rajasthan,,1.0,,,,,,,,,,,,,,,
HIST_FL_000602,HIST_FL_000602,HISTORICAL,FLOOD,1995,7,1995-07-01,month,,,missing,West Bengal,,1.0,,,,,,,,,,,,,,,
HIST_FL_000603,HIST_FL_000603,HISTORICAL,FLOOD,1995,7,1995-07-01,month,,,missing,West Bengal,,7.0,,,,,,,,,,,,,,,
HIST_FL_000604,HIST_FL_000604,HISTORICAL,FLOOD,1995,7,1995-07-01,month,,,missing,West Bengal,,1.0,,,,,,,,,,,,,,,
HIST_FL_000605,HIST_FL_000605,HISTORICAL,FLOOD,1995,7,1995-07-01,month,,,missing,West Bengal,,1.0,,,,,,,,,,,,,,,
HIST_FL_000606,HIST_FL_000606,HISTORICAL,FLOOD,1995,8,1995-08-01,month,,,missing,Arunachal Pradesh,,1.0,,,,,,,,,,,,,,,
HIST_FL_000607,HIST_FL_000607,HISTORICAL,FLOOD,1995,8,1995-08-01,month,,,missing,Assam,,7.0,,5.0,,,,,,,,,,,,,
HIST_FL_000608,HIST_FL_000608,HISTORICAL,FLOOD,1995,8,1995-08-01,month,,,missing,Bihar,,15.0,,46.0,,,,,,,,,,,,,
HIST_FL_000609,HIST_FL_000609,HISTORICAL,FLOOD,1995,8,1995-08-01,month,,,missing,Haryana,,1.0,,,,,,,,,,,,,,,
HIST_FL_000610,HIST_FL_000610,HISTORICAL,FLOOD,1995,8,1995-08-01,month,,,missing,Haryana,,1.0,,1.0,,,,,,,,,,,,,
HIST_FL_000611,HIST_FL_000611,HISTORICAL,FLOOD,1995,8,1995-08-01,month,,,missing,Haryana,,2.0,,9.0,,,,,,,,,,,,,
HIST_FL_000612,HIST_FL_000612,HISTORICAL,FLOOD,1995,8,1995-08-01,month,,,missing,Himachal Pradesh,,2.0,,6.0,,,,,,,,,,,,,
HIST_FL_000613,HIST_FL_000613,HISTORICAL,FLOOD,1995,8,1995-08-01,month,,,missing,Himachal Pradesh,,1.0,,,,,,,,,,,,,,,
HIST_FL_000614,HIST_FL_000614,HISTORICAL,FLOOD,1995,8,1995-08-01,month,,,missing,Himachal Pradesh,,7.0,,12.0,,,,,,,,,,,,,
HIST_FL_000615,HIST_FL_000615,HISTORICAL,FLOOD,1995,8,1995-08-01,month,,,missing,Himachal Pradesh,,1.0,,3.0,,,,,,,,,,,,,
HIST_FL_000616,HIST_FL_000616,HISTORICAL,FLOOD,1995,8,1995-08-01,month,,,missing,Kerala,,1.0,,,,,,,,,,,,,,,
HIST_FL_000617,HIST_FL_000617,HISTORICAL,FLOOD,1995,8,1995-08-01,month,,,missing,Madhya Pradesh,,1.0,,,,,,,,,,,,,,,
HIST_FL_000618,HIST_FL_000618,HISTORICAL,FLOOD,1995,8,1995-08-01,month,,,missing,Madhya Pradesh,,1.0,,,,,,,,,,,,,,,
HIST_FL_000619,HIST_FL_000619,HISTORICAL,FLOOD,1995,8,1995-08-01,month,,,missing,Madhya Pradesh,,1.0,,,,,,,,,,,,,,,
HIST_FL_000620,HIST_FL_000620,HISTORICAL,FLOOD,1995,8,1995-08-01,month,,,missing,Maharashtra,,1.0,,2.0,,,,,,,,,,,,,
HIST_FL_000621,HIST_FL_000621,HISTORICAL,FLOOD,1995,8,1995-08-01,month,,,missing,Maharashtra,,1.0,,5.0,,,,,,,,,,,,,
HIST_FL_000622,HIST_FL_000622,HISTORICAL,FLOOD,1995,8,1995-08-01,month,,,missing,Odisha,,1.0,,,,,,,,,,,,,,,
HIST_FL_000623,HIST_FL_000623,HISTORICAL,FLOOD,1995,8,1995-08-01,month,,,missing,Odisha,,3.0,,,,,,,,,,,,,,,
HIST_FL_000624,HIST_FL_000624,HISTORICAL,FLOOD,1995,8,1995-08-01,month,,,missing,Odisha,,2.0,,,,,,,,,,,,,,,
HIST_FL_000625,HIST_FL_000625,HISTORICAL,FLOOD,1995,8,1995-08-01,month,,,missing,Odisha,,2.0,,,,,,,,,,,,,,,
HIST_FL_000626,HIST_FL_000626,HISTORICAL,FLOOD,1995,8,1995-08-01,month,,,missing,Punjab,,2.0,,10.0,,,,,,,,,,,,,
HIST_FL_000627,HIST_FL_000627,HISTORICAL,FLOOD,1995,8,1995-08-01,month,,,missing,Punjab,,1.0,,2.0,,,,,,,,,,,,,
HIST_FL_000628,HIST_FL_000628,HISTORICAL,FLOOD,1995,8,1995-08-01,month,,,missing,Punjab,,1.0,,1.0,,,,,,,,,,,,,
HIST_FL_000629,HIST_FL_000629,HISTORICAL,FLOOD,1995,8,1995-08-01,month,,,missing,Punjab,,1.0,,1.0,,,,,,,,,,,,,
HIST_FL_000630,HIST_FL_000630,HISTORICAL,FLOOD,1995,8,1995-08-01,month,,,missing,Punjab,,1.0,,,,,,,,,,,,,,,
HIST_FL_000631,HIST_FL_000631,HISTORICAL,FLOOD,1995,8,1995-08-01,month,,,missing,Punjab,,1.0,,1.0,,,,,,,,,,,,,
HIST_FL_000632,HIST_FL_000632,HISTORICAL,FLOOD,1995,8,1995-08-01,month,,,missing,Punjab,,2.0,,5.0,,,,,,,,,,,,,
HIST_FL_000633,HIST_FL_000633,HISTORICAL,FLOOD,1995,8,1995-08-01,month,,,missing,Punjab,,1.0,,,,,,,,,,,,,,,
HIST_FL_000634,HIST_FL_000634,HISTORICAL,FLOOD,1995,8,1995-08-01,month,,,missing,Rajasthan,,7.0,,,,,,,,,,,,,,,
HIST_FL_000635,HIST_FL_000635,HISTORICAL,FLOOD,1995,8,1995-08-01,month,,,missing,Rajasthan,,1.0,,,,,,,,,,,,,,,
HIST_FL_000636,HIST_FL_000636,HISTORICAL,FLOOD,1995,8,1995-08-01,month,,,missing,Rajasthan,,5.0,,10.0,,,,,,,,,,,,,
HIST_FL_000637,HIST_FL_000637,HISTORICAL,FLOOD,1995,8,1995-08-01,month,,,missing,Rajasthan,,1.0,,5.0,,,,,,,,,,,,,
HIST_FL_000638,HIST_FL_000638,HISTORICAL,FLOOD,1995,8,1995-08-01,month,,,missing,Rajasthan,,2.0,,9.0,,,,,,,,,,,,,
HIST_FL_000639,HIST_FL_000639,HISTORICAL,FLOOD,1995,8,1995-08-01,month,,,missing,Rajasthan,,3.0,,4.0,,,,,,,,,,,,,
HIST_FL_000640,HIST_FL_000640,HISTORICAL,FLOOD,1995,8,1995-08-01,month,,,missing,Uttar Pradesh,,1.0,,10.0,,,,,,,,,,,,,
HIST_FL_000641,HIST_FL_000641,HISTORICAL,FLOOD,1995,8,1995-08-01,month,,,missing,Uttar Pradesh,,1.0,,5.0,,,,,,,,,,,,,
HIST_FL_000642,HIST_FL_000642,HISTORICAL,FLOOD,1995,8,1995-08-01,month,,,missing,Uttar Pradesh,,1.0,,,,,,,,,,,,,,,
HIST_FL_000643,HIST_FL_000643,HISTORICAL,FLOOD,1995,8,1995-08-01,month,,,missing,Uttar Pradesh,,24.0,,199.0,,,,,,,,,,,,,
HIST_FL_000644,HIST_FL_000644,HISTORICAL,FLOOD,1995,8,1995-08-01,month,,,missing,West Bengal,,1.0,,1.0,,,,,,,,,,,,,
HIST_FL_000645,HIST_FL_000645,HISTORICAL,FLOOD,1995,8,1995-08-01,month,,,missing,West Bengal,,1.0,,,,,,,,,,,,,,,
HIST_FL_000646,HIST_FL_000646,HISTORICAL,FLOOD,1995,8,1995-08-01,month,,,missing,West Bengal,,1.0,,2.0,,,,,,,,,,,,,
HIST_FL_000647,HIST_FL_000647,HISTORICAL,FLOOD,1995,9,1995-09-01,month,,,missing,Andhra Pradesh,,1.0,,6.0,,,,,,,,,,,,,
HIST_FL_000648,HIST_FL_000648,HISTORICAL,FLOOD,1995,9,1995-09-01,month,,,missing,Andhra Pradesh,,1.0,,,,,,,,,,,,,,,
HIST_FL_000649,HIST_FL_000649,HISTORICAL,FLOOD,1995,9,1995-09-01,month,,,missing,Delhi,,1.0,,,,,,,,,,,,,,,
HIST_FL_000650,HIST_FL_000650,HISTORICAL,FLOOD,1995,9,1995-09-01,month,,,missing,Delhi,,2.0,,2.0,,,,,,,,,,,,,
HIST_FL_000651,HIST_FL_000651,HISTORICAL,FLOOD,1995,9,1995-09-01,month,,,missing,Delhi,,1.0,,1.0,,,,,,,,,,,,,
HIST_FL_000652,HIST_FL_000652,HISTORICAL,FLOOD,1995,9,1995-09-01,month,,,missing,Haryana,,2.0,,64.0,,,,,,,,,,,,,
HIST_FL_000653,HIST_FL_000653,HISTORICAL,FLOOD,1995,9,1995-09-01,month,,,missing,Haryana,,2.0,,112.0,,,,,,,,,,,,,
HIST_FL_000654,HIST_FL_000654,HISTORICAL,FLOOD,1995,9,1995-09-01,month,,,missing,Himachal Pradesh,,1.0,,19.0,,,,,,,,,,,,,
HIST_FL_000655,HIST_FL_000655,HISTORICAL,FLOOD,1995,9,1995-09-01,month,,,missing,Himachal Pradesh,,3.0,,100.0,,,,,,,,,,,,,
HIST_FL_000656,HIST_FL_000656,HISTORICAL,FLOOD,1995,9,1995-09-01,month,,,missing,Kerala,,2.0,,2.0,,,,,,,,,,,,,
HIST_FL_000657,HIST_FL_000657,HISTORICAL,FLOOD,1995,9,1995-09-01,month,,,missing,Madhya Pradesh,,1.0,,,,,,,,,,,,,,,
HIST_FL_000658,HIST_FL_000658,HISTORICAL,FLOOD,1995,9,1995-09-01,month,,,missing,Maharashtra,,1.0,,7.0,,,,,,,,,,,,,
HIST_FL_000659,HIST_FL_000659,HISTORICAL,FLOOD,1995,9,1995-09-01,month,,,missing,Maharashtra,,2.0,,5.0,,,,,,,,,,,,,
HIST_FL_000660,HIST_FL_000660,HISTORICAL,FLOOD,1995,9,1995-09-01,month,,,missing,Maharashtra,,1.0,,1.0,,,,,,,,,,,,,
HIST_FL_000661,HIST_FL_000661,HISTORICAL,FLOOD,1995,9,1995-09-01,month,,,missing,Maharashtra,,1.0,,,,,,,,,,,,,,,
HIST_FL_000662,HIST_FL_000662,HISTORICAL,FLOOD,1995,9,1995-09-01,month,,,missing,Punjab,,1.0,,3.0,,,,,,,,,,,,,
HIST_FL_000663,HIST_FL_000663,HISTORICAL,FLOOD,1995,9,1995-09-01,month,,,missing,Punjab,,1.0,,7.0,,,,,,,,,,,,,
HIST_FL_000664,HIST_FL_000664,HISTORICAL,FLOOD,1995,9,1995-09-01,month,,,missing,Punjab,,2.0,,20.0,,,,,,,,,,,,,
HIST_FL_000665,HIST_FL_000665,HISTORICAL,FLOOD,1995,9,1995-09-01,month,,,missing,Rajasthan,,2.0,,10.0,,,,,,,,,,,,,
HIST_FL_000666,HIST_FL_000666,HISTORICAL,FLOOD,1995,9,1995-09-01,month,,,missing,Rajasthan,,1.0,,1.0,,,,,,,,,,,,,
HIST_FL_000667,HIST_FL_000667,HISTORICAL,FLOOD,1995,9,1995-09-01,month,,,missing,Rajasthan,,1.0,,,,,,,,,,,,,,,
HIST_FL_000668,HIST_FL_000668,HISTORICAL,FLOOD,1995,9,1995-09-01,month,,,missing,Sikkim,,1.0,,24.0,,,,,,,,,,,,,
HIST_FL_000669,HIST_FL_000669,HISTORICAL,FLOOD,1995,9,1995-09-01,month,,,missing,Tamil Nadu,,5.0,,,,,,,,,,,,,,,
HIST_FL_000670,HIST_FL_000670,HISTORICAL,FLOOD,1995,9,1995-09-01,month,,,missing,Uttar Pradesh,,1.0,,40.0,,,,,,,,,,,,,
HIST_FL_000671,HIST_FL_000671,HISTORICAL,FLOOD,1995,9,1995-09-01,month,,,missing,Uttar Pradesh,,1.0,,3.0,,,,,,,,,,,,,
HIST_FL_000672,HIST_FL_000672,HISTORICAL,FLOOD,1995,9,1995-09-01,month,,,missing,Uttar Pradesh,,1.0,,14.0,,,,,,,,,,,,,
HIST_FL_000673,HIST_FL_000673,HISTORICAL,FLOOD,1995,9,1995-09-01,month,,,missing,West Bengal,,1.0,,3.0,,,,,,,,,,,,,
HIST_FL_000674,HIST_FL_000674,HISTORICAL,FLOOD,1995,9,1995-09-01,month,,,missing,West Bengal,,1.0,,2.0,,,,,,,,,,,,,
HIST_FL_000675,HIST_FL_000675,HISTORICAL,FLOOD,1995,9,1995-09-01,month,,,missing,West Bengal,,1.0,,,,,,,,,,,,,,,
HIST_FL_000676,HIST_FL_000676,HISTORICAL,FLOOD,1995,9,1995-09-01,month,,,missing,West Bengal,,1.0,,3.0,,,,,,,,,,,,,
HIST_FL_000677,HIST_FL_000677,HISTORICAL,FLOOD,1995,9,1995-09-01,month,,,missing,West Bengal,,2.0,,,,,,,,,,,,,,,
HIST_FL_000678,HIST_FL_000678,HISTORICAL,FLOOD,1995,9,1995-09-01,month,,,missing,West Bengal,,1.0,,4.0,,,,,,,,,,,,,
HIST_FL_000679,HIST_FL_000679,HISTORICAL,FLOOD,1995,9,1995-09-01,month,,,missing,West Bengal,,2.0,,2.0,,,,,,,,,,,,,
HIST_FL_000680,HIST_FL_000680,HISTORICAL,FLOOD,1995,9,1995-09-01,month,,,missing,West Bengal,,1.0,,1.0,,,,,,,,,,,,,
HIST_FL_000681,HIST_FL_000681,HISTORICAL,FLOOD,1995,9,1995-09-01,month,,,missing,West Bengal,,4.0,,18.0,,,,,,,,,,,,,
HIST_FL_000682,HIST_FL_000682,HISTORICAL,FLOOD,1995,9,1995-09-01,month,,,missing,West Bengal,,1.0,,2.0,,,,,,,,,,,,,
HIST_FL_000683,HIST_FL_000683,HISTORICAL,FLOOD,1995,9,1995-09-01,month,,,missing,West Bengal,,2.0,,9.0,,,,,,,,,,,,,
HIST_FL_000684,HIST_FL_000684,HISTORICAL,FLOOD,1995,10,1995-10-01,month,,,missing,Andhra Pradesh,,31.0,,119.0,,,,,,,,,,,,,
HIST_FL_000685,HIST_FL_000685,HISTORICAL,FLOOD,1995,10,1995-10-01,month,,,missing,Assam,,3.0,,,,,,,,,,,,,,,
HIST_FL_000686,HIST_FL_000686,HISTORICAL,FLOOD,1995,10,1995-10-01,month,,,missing,Bihar,,7.0,,101.0,,,,,,,,,,,,,
HIST_FL_000687,HIST_FL_000687,HISTORICAL,FLOOD,1995,10,1995-10-01,month,,,missing,Kerala,,1.0,,1.0,,,,,,,,,,,,,
HIST_FL_000688,HIST_FL_000688,HISTORICAL,FLOOD,1995,10,1995-10-01,month,,,missing,Kerala,,14.0,,,,,,,,,,,,,,,
HIST_FL_000689,HIST_FL_000689,HISTORICAL,FLOOD,1995,10,1995-10-01,month,,,missing,Kerala,,2.0,,,,,,,,,,,,,,,
HIST_FL_000690,HIST_FL_000690,HISTORICAL,FLOOD,1995,10,1995-10-01,month,,,missing,Odisha,,4.0,,,,,,,,,,,,,,,
HIST_FL_000691,HIST_FL_000691,HISTORICAL,FLOOD,1995,10,1995-10-01,month,,,missing,Odisha,,5.0,,,,,,,,,,,,,,,
HIST_FL_000692,HIST_FL_000692,HISTORICAL,FLOOD,1995,10,1995-10-01,month,,,missing,Odisha,,7.0,,,,,,,,,,,,,,,
HIST_FL_000693,HIST_FL_000693,HISTORICAL,FLOOD,1995,10,1995-10-01,month,,,missing,Odisha,,10.0,,,,,,,,,,,,,,,
HIST_FL_000694,HIST_FL_000694,HISTORICAL,FLOOD,1995,10,1995-10-01,month,,,missing,West Bengal,,1.0,,,,,,,,,,,,,,,
HIST_FL_000695,HIST_FL_000695,HISTORICAL,FLOOD,1995,10,1995-10-01,month,,,missing,West Bengal,,2.0,,,,,,,,,,,,,,,
HIST_FL_000696,HIST_FL_000696,HISTORICAL,FLOOD,1995,11,1995-11-01,month,,,missing,Tamil Nadu,,7.0,,14.0,,,,,,,,,,,,,
HIST_FL_000697,HIST_FL_000697,HISTORICAL,FLOOD,1995,11,1995-11-01,month,,,missing,West Bengal,,1.0,,1.0,,,,,,,,,,,,,
HIST_FL_000698,HIST_FL_000698,HISTORICAL,FLOOD,1995,11,1995-11-01,month,,,missing,West Bengal,,1.0,,2.0,,,,,,,,,,,,,
HIST_FL_000699,HIST_FL_000699,HISTORICAL,FLOOD,1995,12,1995-12-01,month,,,missing,Bihar,,1.0,,,,,,,,,,,,,,,
HIST_FL_000700,HIST_FL_000700,HISTORICAL,FLOOD,1996,1,1996-01-01,month,,,missing,Bihar,,1.0,,,,,,,,,,,,,,,
HIST_FL_000701,HIST_FL_000701,HISTORICAL,FLOOD,1996,2,1996-02-01,month,,,missing,Jammu and Kashmir,,1.0,,,,,,,,,,,,,,,
HIST_FL_000702,HIST_FL_000702,HISTORICAL,FLOOD,1996,3,1996-03-01,month,,,missing,Haryana,,2.0,,,,,,,,,,,,,,,
HIST_FL_000703,HIST_FL_000703,HISTORICAL,FLOOD,1996,3,1996-03-01,month,,,missing,Himachal Pradesh,,1.0,,,,,,,,,,,,,,,
HIST_FL_000704,HIST_FL_000704,HISTORICAL,FLOOD,1996,3,1996-03-01,month,,,missing,Jammu and Kashmir,,2.0,,3.0,,,,,,,,,,,,,
HIST_FL_000705,HIST_FL_000705,HISTORICAL,FLOOD,1996,5,1996-05-01,month,,,missing,Arunachal Pradesh,,1.0,,,,,,,,,,,,,,,
HIST_FL_000706,HIST_FL_000706,HISTORICAL,FLOOD,1996,5,1996-05-01,month,,,missing,Assam,,1.0,,,,,,,,,,,,,,,
HIST_FL_000707,HIST_FL_000707,HISTORICAL,FLOOD,1996,5,1996-05-01,month,,,missing,Assam,,2.0,,,,,,,,,,,,,,,
HIST_FL_000708,HIST_FL_000708,HISTORICAL,FLOOD,1996,5,1996-05-01,month,,,missing,Assam,,15.0,,,,,,,,,,,,,,,
HIST_FL_000709,HIST_FL_000709,HISTORICAL,FLOOD,1996,5,1996-05-01,month,,,missing,Assam,,1.0,,,,,,,,,,,,,,,
HIST_FL_000710,HIST_FL_000710,HISTORICAL,FLOOD,1996,5,1996-05-01,month,,,missing,Assam,,1.0,,,,,,,,,,,,,,,
HIST_FL_000711,HIST_FL_000711,HISTORICAL,FLOOD,1996,5,1996-05-01,month,,,missing,Assam,,1.0,,,,,,,,,,,,,,,
HIST_FL_000712,HIST_FL_000712,HISTORICAL,FLOOD,1996,6,1996-06-01,month,,,missing,Arunachal Pradesh,,15.0,,,,,,,,,,,,,,,
HIST_FL_000713,HIST_FL_000713,HISTORICAL,FLOOD,1996,6,1996-06-01,month,,,missing,Assam,,1.0,,,,,,,,,,,,,,,
HIST_FL_000714,HIST_FL_000714,HISTORICAL,FLOOD,1996,6,1996-06-01,month,,,missing,Delhi,,1.0,,2.0,,,,,,,,,,,,,
HIST_FL_000715,HIST_FL_000715,HISTORICAL,FLOOD,1996,6,1996-06-01,month,,,missing,Delhi,,1.0,,8.0,,,,,,,,,,,,,
HIST_FL_000716,HIST_FL_000716,HISTORICAL,FLOOD,1996,6,1996-06-01,month,,,missing,Goa,,2.0,,,,,,,,,,,,,,,
HIST_FL_000717,HIST_FL_000717,HISTORICAL,FLOOD,1996,6,1996-06-01,month,,,missing,Haryana,,2.0,,7.0,,,,,,,,,,,,,
HIST_FL_000718,HIST_FL_000718,HISTORICAL,FLOOD,1996,6,1996-06-01,month,,,missing,Himachal Pradesh,,1.0,,2.0,,,,,,,,,,,,,
HIST_FL_000719,HIST_FL_000719,HISTORICAL,FLOOD,1996,6,1996-06-01,month,,,missing,Himachal Pradesh,,1.0,,11.0,,,,,,,,,,,,,
HIST_FL_000720,HIST_FL_000720,HISTORICAL,FLOOD,1996,6,1996-06-01,month,,,missing,Jammu and Kashmir,,4.0,,4.0,,,,,,,,,,,,,
HIST_FL_000721,HIST_FL_000721,HISTORICAL,FLOOD,1996,6,1996-06-01,month,,,missing,Jammu and Kashmir,,7.0,,15.0,,,,,,,,,,,,,
HIST_FL_000722,HIST_FL_000722,HISTORICAL,FLOOD,1996,6,1996-06-01,month,,,missing,Karnataka,,3.0,,29.0,,,,,,,,,,,,,
HIST_FL_000723,HIST_FL_000723,HISTORICAL,FLOOD,1996,6,1996-06-01,month,,,missing,Karnataka,,1.0,,9.0,,,,,,,,,,,,,
HIST_FL_000724,HIST_FL_000724,HISTORICAL,FLOOD,1996,6,1996-06-01,month,,,missing,Kerala,,1.0,,,,,,,,,,,,,,,
HIST_FL_000725,HIST_FL_000725,HISTORICAL,FLOOD,1996,6,1996-06-01,month,,,missing,Kerala,,1.0,,,,,,,,,,,,,,,
HIST_FL_000726,HIST_FL_000726,HISTORICAL,FLOOD,1996,6,1996-06-01,month,,,missing,Kerala,,2.0,,1.0,,,,,,,,,,,,,
HIST_FL_000727,HIST_FL_000727,HISTORICAL,FLOOD,1996,6,1996-06-01,month,,,missing,Kerala,,7.0,,24.0,,,,,,,,,,,,,
HIST_FL_000728,HIST_FL_000728,HISTORICAL,FLOOD,1996,6,1996-06-01,month,,,missing,Kerala,,1.0,,,,,,,,,,,,,,,
HIST_FL_000729,HIST_FL_000729,HISTORICAL,FLOOD,1996,6,1996-06-01,month,,,missing,Kerala,,1.0,,2.0,,,,,,,,,,,,,
HIST_FL_000730,HIST_FL_000730,HISTORICAL,FLOOD,1996,6,1996-06-01,month,,,missing,Madhya Pradesh,,3.0,,,,,,,,,,,,,,,
HIST_FL_000731,HIST_FL_000731,HISTORICAL,FLOOD,1996,6,1996-06-01,month,,,missing,Maharashtra,,1.0,,4.0,,,,,,,,,,,,,
HIST_FL_000732,HIST_FL_000732,HISTORICAL,FLOOD,1996,6,1996-06-01,month,,,missing,Maharashtra,,5.0,,,,,,,,,,,,,,,
HIST_FL_000733,HIST_FL_000733,HISTORICAL,FLOOD,1996,6,1996-06-01,month,,,missing,Maharashtra,,1.0,,5.0,,,,,,,,,,,,,
HIST_FL_000734,HIST_FL_000734,HISTORICAL,FLOOD,1996,6,1996-06-01,month,,,missing,Maharashtra,,1.0,,,,,,,,,,,,,,,
HIST_FL_000735,HIST_FL_000735,HISTORICAL,FLOOD,1996,6,1996-06-01,month,,,missing,Maharashtra,,2.0,,6.0,,,,,,,,,,,,,
HIST_FL_000736,HIST_FL_000736,HISTORICAL,FLOOD,1996,6,1996-06-01,month,,,missing,Maharashtra,,2.0,,3.0,,,,,,,,,,,,,
HIST_FL_000737,HIST_FL_000737,HISTORICAL,FLOOD,1996,6,1996-06-01,month,,,missing,Punjab,,1.0,,2.0,,,,,,,,,,,,,
HIST_FL_000738,HIST_FL_000738,HISTORICAL,FLOOD,1996,6,1996-06-01,month,,,missing,Punjab,,1.0,,,,,,,,,,,,,,,
HIST_FL_000739,HIST_FL_000739,HISTORICAL,FLOOD,1996,6,1996-06-01,month,,,missing,Rajasthan,,7.0,,58.0,,,,,,,,,,,,,
HIST_FL_000740,HIST_FL_000740,HISTORICAL,FLOOD,1996,6,1996-06-01,month,,,missing,Tamil Nadu,,2.0,,14.0,,,,,,,,,,,,,
HIST_FL_000741,HIST_FL_000741,HISTORICAL,FLOOD,1996,6,1996-06-01,month,,,missing,West Bengal,,2.0,,,,,,,,,,,,,,,
HIST_FL_000742,HIST_FL_000742,HISTORICAL,FLOOD,1996,6,1996-06-01,month,,,missing,West Bengal,,1.0,,1.0,,,,,,,,,,,,,
HIST_FL_000743,HIST_FL_000743,HISTORICAL,FLOOD,1996,7,1996-07-01,month,,,missing,Arunachal Pradesh,,1.0,,,,,,,,,,,,,,,
HIST_FL_000744,HIST_FL_000744,HISTORICAL,FLOOD,1996,7,1996-07-01,month,,,missing,Assam,,5.0,,27.0,,,,,,,,,,,,,
HIST_FL_000745,HIST_FL_000745,HISTORICAL,FLOOD,1996,7,1996-07-01,month,,,missing,Bihar,,2.0,,,,,,,,,,,,,,,
HIST_FL_000746,HIST_FL_000746,HISTORICAL,FLOOD,1996,7,1996-07-01,month,,,missing,Bihar,,31.0,,25.0,,,,,,,,,,,,,
HIST_FL_000747,HIST_FL_000747,HISTORICAL,FLOOD,1996,7,1996-07-01,month,,,missing,Gujarat,,2.0,,4.0,,,,,,,,,,,,,
HIST_FL_000748,HIST_FL_000748,HISTORICAL,FLOOD,1996,7,1996-07-01,month,,,missing,Himachal Pradesh,,1.0,,2.0,,,,,,,,,,,,,
HIST_FL_000749,HIST_FL_000749,HISTORICAL,FLOOD,1996,7,1996-07-01,month,,,missing,Himachal Pradesh,,10.0,,7.0,,,,,,,,,,,,,
HIST_FL_000750,HIST_FL_000750,HISTORICAL,FLOOD,1996,7,1996-07-01,month,,,missing,Kerala,,2.0,,,,,,,,,,,,,,,
HIST_FL_000751,HIST_FL_000751,HISTORICAL,FLOOD,1996,7,1996-07-01,month,,,missing,Kerala,,1.0,,,,,,,,,,,,,,,
HIST_FL_000752,HIST_FL_000752,HISTORICAL,FLOOD,1996,7,1996-07-01,month,,,missing,Madhya Pradesh,,1.0,,2.0,,,,,,,,,,,,,
HIST_FL_000753,HIST_FL_000753,HISTORICAL,FLOOD,1996,7,1996-07-01,month,,,missing,Madhya Pradesh,,4.0,,8.0,,,,,,,,,,,,,
HIST_FL_000754,HIST_FL_000754,HISTORICAL,FLOOD,1996,7,1996-07-01,month,,,missing,Maharashtra,,1.0,,,,,,,,,,,,,,,
HIST_FL_000755,HIST_FL_000755,HISTORICAL,FLOOD,1996,7,1996-07-01,month,,,missing,Maharashtra,,1.0,,1.0,,,,,,,,,,,,,
HIST_FL_000756,HIST_FL_000756,HISTORICAL,FLOOD,1996,7,1996-07-01,month,,,missing,Maharashtra,,7.0,,16.0,,,,,,,,,,,,,
HIST_FL_000757,HIST_FL_000757,HISTORICAL,FLOOD,1996,7,1996-07-01,month,,,missing,Meghalaya,,1.0,,7.0,,,,,,,,,,,,,
HIST_FL_000758,HIST_FL_000758,HISTORICAL,FLOOD,1996,7,1996-07-01,month,,,missing,Odisha,,1.0,,,,,,,,,,,,,,,
HIST_FL_000759,HIST_FL_000759,HISTORICAL,FLOOD,1996,7,1996-07-01,month,,,missing,Rajasthan,,1.0,,2.0,,,,,,,,,,,,,
HIST_FL_000760,HIST_FL_000760,HISTORICAL,FLOOD,1996,7,1996-07-01,month,,,missing,Tripura,,1.0,,8.0,,,,,,,,,,,,,
HIST_FL_000761,HIST_FL_000761,HISTORICAL,FLOOD,1996,7,1996-07-01,month,,,missing,Uttar Pradesh,,1.0,,25.0,,,,,,,,,,,,,
HIST_FL_000762,HIST_FL_000762,HISTORICAL,FLOOD,1996,7,1996-07-01,month,,,missing,Uttar Pradesh,,1.0,,,,,,,,,,,,,,,
HIST_FL_000763,HIST_FL_000763,HISTORICAL,FLOOD,1996,7,1996-07-01,month,,,missing,Uttar Pradesh,,1.0,,5.0,,,,,,,,,,,,,
HIST_FL_000764,HIST_FL_000764,HISTORICAL,FLOOD,1996,7,1996-07-01,month,,,missing,West Bengal,,2.0,,100.0,,,,,,,,,,,,,
HIST_FL_000765,HIST_FL_000765,HISTORICAL,FLOOD,1996,7,1996-07-01,month,,,missing,West Bengal,,7.0,,7.0,,,,,,,,,,,,,
HIST_FL_000766,HIST_FL_000766,HISTORICAL,FLOOD,1996,8,1996-08-01,month,,,missing,Andhra Pradesh,,31.0,,68.0,,,,,,,,,,,,,
HIST_FL_000767,HIST_FL_000767,HISTORICAL,FLOOD,1996,8,1996-08-01,month,,,missing,Assam,,23.0,,7.0,,,,,,,,,,,,,
HIST_FL_000768,HIST_FL_000768,HISTORICAL,FLOOD,1996,8,1996-08-01,month,,,missing,Bihar,,7.0,,51.0,,,,,,,,,,,,,
HIST_FL_000769,HIST_FL_000769,HISTORICAL,FLOOD,1996,8,1996-08-01,month,,,missing,Haryana,,1.0,,,,,,,,,,,,,,,
HIST_FL_000770,HIST_FL_000770,HISTORICAL,FLOOD,1996,8,1996-08-01,month,,,missing,Haryana,,6.0,,,,,,,,,,,,,,,
HIST_FL_000771,HIST_FL_000771,HISTORICAL,FLOOD,1996,8,1996-08-01,month,,,missing,Himachal Pradesh,,1.0,,2.0,,,,,,,,,,,,,
HIST_FL_000772,HIST_FL_000772,HISTORICAL,FLOOD,1996,8,1996-08-01,month,,,missing,Himachal Pradesh,,1.0,,2.0,,,,,,,,,,,,,
HIST_FL_000773,HIST_FL_000773,HISTORICAL,FLOOD,1996,8,1996-08-01,month,,,missing,Himachal Pradesh,,1.0,,,,,,,,,,,,,,,
HIST_FL_000774,HIST_FL_000774,HISTORICAL,FLOOD,1996,8,1996-08-01,month,,,missing,Jammu and Kashmir,,6.0,,241.0,,,,,,,,,,,,,
HIST_FL_000775,HIST_FL_000775,HISTORICAL,FLOOD,1996,8,1996-08-01,month,,,missing,Karnataka,,1.0,,2.0,,,,,,,,,,,,,
HIST_FL_000776,HIST_FL_000776,HISTORICAL,FLOOD,1996,8,1996-08-01,month,,,missing,Karnataka,,1.0,,,,,,,,,,,,,,,
HIST_FL_000777,HIST_FL_000777,HISTORICAL,FLOOD,1996,8,1996-08-01,month,,,missing,Karnataka,,31.0,,137.0,,,,,,,,,,,,,
HIST_FL_000778,HIST_FL_000778,HISTORICAL,FLOOD,1996,8,1996-08-01,month,,,missing,Kerala,,1.0,,,,,,,,,,,,,,,
HIST_FL_000779,HIST_FL_000779,HISTORICAL,FLOOD,1996,8,1996-08-01,month,,,missing,Kerala,,1.0,,,,,,,,,,,,,,,
HIST_FL_000780,HIST_FL_000780,HISTORICAL,FLOOD,1996,8,1996-08-01,month,,,missing,Kerala,,1.0,,,,,,,,,,,,,,,
HIST_FL_000781,HIST_FL_000781,HISTORICAL,FLOOD,1996,8,1996-08-01,month,,,missing,Madhya Pradesh,,1.0,,2.0,,,,,,,,,,,,,
HIST_FL_000782,HIST_FL_000782,HISTORICAL,FLOOD,1996,8,1996-08-01,month,,,missing,Madhya Pradesh,,1.0,,,,,,,,,,,,,,,
HIST_FL_000783,HIST_FL_000783,HISTORICAL,FLOOD,1996,8,1996-08-01,month,,,missing,Madhya Pradesh,,4.0,,2.0,,,,,,,,,,,,,
HIST_FL_000784,HIST_FL_000784,HISTORICAL,FLOOD,1996,8,1996-08-01,month,,,missing,Maharashtra,,1.0,,,,,,,,,,,,,,,
HIST_FL_000785,HIST_FL_000785,HISTORICAL,FLOOD,1996,8,1996-08-01,month,,,missing,Maharashtra,,1.0,,,,,,,,,,,,,,,
HIST_FL_000786,HIST_FL_000786,HISTORICAL,FLOOD,1996,8,1996-08-01,month,,,missing,Maharashtra,,1.0,,7.0,,,,,,,,,,,,,
HIST_FL_000787,HIST_FL_000787,HISTORICAL,FLOOD,1996,8,1996-08-01,month,,,missing,Punjab,,1.0,,,,,,,,,,,,,,,
HIST_FL_000788,HIST_FL_000788,HISTORICAL,FLOOD,1996,8,1996-08-01,month,,,missing,Punjab,,1.0,,,,,,,,,,,,,,,
HIST_FL_000789,HIST_FL_000789,HISTORICAL,FLOOD,1996,8,1996-08-01,month,,,missing,Rajasthan,,1.0,,2.0,,,,,,,,,,,,,
HIST_FL_000790,HIST_FL_000790,HISTORICAL,FLOOD,1996,8,1996-08-01,month,,,missing,Rajasthan,,3.0,,,,,,,,,,,,,,,
HIST_FL_000791,HIST_FL_000791,HISTORICAL,FLOOD,1996,8,1996-08-01,month,,,missing,Uttar Pradesh,,7.0,,10.0,,,,,,,,,,,,,
HIST_FL_000792,HIST_FL_000792,HISTORICAL,FLOOD,1996,8,1996-08-01,month,,,missing,Uttar Pradesh,,1.0,,18.0,,,,,,,,,,,,,
HIST_FL_000793,HIST_FL_000793,HISTORICAL,FLOOD,1996,8,1996-08-01,month,,,missing,Uttar Pradesh,,2.0,,,,,,,,,,,,,,,
HIST_FL_000794,HIST_FL_000794,HISTORICAL,FLOOD,1996,8,1996-08-01,month,,,missing,West Bengal,,1.0,,,,,,,,,,,,,,,
HIST_FL_000795,HIST_FL_000795,HISTORICAL,FLOOD,1996,8,1996-08-01,month,,,missing,West Bengal,,2.0,,2.0,,,,,,,,,,,,,
HIST_FL_000796,HIST_FL_000796,HISTORICAL,FLOOD,1996,8,1996-08-01,month,,,missing,West Bengal,,3.0,,,,,,,,,,,,,,,
HIST_FL_000797,HIST_FL_000797,HISTORICAL,FLOOD,1996,8,1996-08-01,month,,,missing,West Bengal,,1.0,,1.0,,,,,,,,,,,,,
HIST_FL_000798,HIST_FL_000798,HISTORICAL,FLOOD,1996,8,1996-08-01,month,,,missing,West Bengal,,1.0,,,,,,,,,,,,,,,
HIST_FL_000799,HIST_FL_000799,HISTORICAL,FLOOD,1996,8,1996-08-01,month,,,missing,West Bengal,,1.0,,,,,,,,,,,,,,,
HIST_FL_000800,HIST_FL_000800,HISTORICAL,FLOOD,1996,8,1996-08-01,month,,,missing,West Bengal,,1.0,,6.0,,,,,,,,,,,,,
HIST_FL_000801,HIST_FL_000801,HISTORICAL,FLOOD,1996,9,1996-09-01,month,,,missing,Andhra Pradesh,,30.0,,33.0,,,,,,,,,,,,,
HIST_FL_000802,HIST_FL_000802,HISTORICAL,FLOOD,1996,9,1996-09-01,month,,,missing,Haryana,,3.0,,1.0,,,,,,,,,,,,,
HIST_FL_000803,HIST_FL_000803,HISTORICAL,FLOOD,1996,9,1996-09-01,month,,,missing,Himachal Pradesh,,2.0,,3.0,,,,,,,,,,,,,
HIST_FL_000804,HIST_FL_000804,HISTORICAL,FLOOD,1996,9,1996-09-01,month,,,missing,Karnataka,,7.0,,,,,,,,,,,,,,,
HIST_FL_000805,HIST_FL_000805,HISTORICAL,FLOOD,1996,9,1996-09-01,month,,,missing,Kerala,,1.0,,,,,,,,,,,,,,,
HIST_FL_000806,HIST_FL_000806,HISTORICAL,FLOOD,1996,9,1996-09-01,month,,,missing,Maharashtra,,1.0,,,,,,,,,,,,,,,
HIST_FL_000807,HIST_FL_000807,HISTORICAL,FLOOD,1996,9,1996-09-01,month,,,missing,Maharashtra,,6.0,,8.0,,,,,,,,,,,,,
HIST_FL_000808,HIST_FL_000808,HISTORICAL,FLOOD,1996,9,1996-09-01,month,,,missing,Maharashtra,,10.0,,34.0,,,,,,,,,,,,,
HIST_FL_000809,HIST_FL_000809,HISTORICAL,FLOOD,1996,9,1996-09-01,month,,,missing,Punjab,,1.0,,1.0,,,,,,,,,,,,,
HIST_FL_000810,HIST_FL_000810,HISTORICAL,FLOOD,1996,9,1996-09-01,month,,,missing,Rajasthan,,1.0,,1.0,,,,,,,,,,,,,
HIST_FL_000811,HIST_FL_000811,HISTORICAL,FLOOD,1996,9,1996-09-01,month,,,missing,Rajasthan,,2.0,,13.0,,,,,,,,,,,,,
HIST_FL_000812,HIST_FL_000812,HISTORICAL,FLOOD,1996,9,1996-09-01,month,,,missing,Uttar Pradesh,,1.0,,1.0,,,,,,,,,,,,,
HIST_FL_000813,HIST_FL_000813,HISTORICAL,FLOOD,1996,9,1996-09-01,month,,,missing,West Bengal,,2.0,,1.0,,,,,,,,,,,,,
HIST_FL_000814,HIST_FL_000814,HISTORICAL,FLOOD,1996,9,1996-09-01,month,,,missing,West Bengal,,1.0,,,,,,,,,,,,,,,
HIST_FL_000815,HIST_FL_000815,HISTORICAL,FLOOD,1996,10,1996-10-01,month,,,missing,Andhra Pradesh,,3.0,,61.0,,,,,,,,,,,,,
HIST_FL_000816,HIST_FL_000816,HISTORICAL,FLOOD,1996,10,1996-10-01,month,,,missing,Andhra Pradesh,,5.0,,338.0,,,,,,,,,,,,,
HIST_FL_000817,HIST_FL_000817,HISTORICAL,FLOOD,1996,10,1996-10-01,month,,,missing,Assam,,1.0,,,,,,,,,,,,,,,
HIST_FL_000818,HIST_FL_000818,HISTORICAL,FLOOD,1996,10,1996-10-01,month,,,missing,Karnataka,,2.0,,15.0,,,,,,,,,,,,,
HIST_FL_000819,HIST_FL_000819,HISTORICAL,FLOOD,1996,10,1996-10-01,month,,,missing,Maharashtra,,1.0,,4.0,,,,,,,,,,,,,
HIST_FL_000820,HIST_FL_000820,HISTORICAL,FLOOD,1996,10,1996-10-01,month,,,missing,Maharashtra,,1.0,,4.0,,,,,,,,,,,,,
HIST_FL_000821,HIST_FL_000821,HISTORICAL,FLOOD,1996,10,1996-10-01,month,,,missing,Maharashtra,,1.0,,1.0,,,,,,,,,,,,,
HIST_FL_000822,HIST_FL_000822,HISTORICAL,FLOOD,1996,10,1996-10-01,month,,,missing,Maharashtra,,7.0,,,,,,,,,,,,,,,
HIST_FL_000823,HIST_FL_000823,HISTORICAL,FLOOD,1996,10,1996-10-01,month,,,missing,Mizoram,,1.0,,,,,,,,,,,,,,,
HIST_FL_000824,HIST_FL_000824,HISTORICAL,FLOOD,1996,10,1996-10-01,month,,,missing,Punjab,,1.0,,,,,,,,,,,,,,,
HIST_FL_000825,HIST_FL_000825,HISTORICAL,FLOOD,1996,10,1996-10-01,month,,,missing,Sikkim,,1.0,,7.0,,,,,,,,,,,,,
HIST_FL_000826,HIST_FL_000826,HISTORICAL,FLOOD,1996,10,1996-10-01,month,,,missing,Tamil Nadu,,3.0,,21.0,,,,,,,,,,,,,
HIST_FL_000827,HIST_FL_000827,HISTORICAL,FLOOD,1996,10,1996-10-01,month,,,missing,West Bengal,,2.0,,27.0,,,,,,,,,,,,,
HIST_FL_000828,HIST_FL_000828,HISTORICAL,FLOOD,1996,11,1996-11-01,month,,,missing,Tamil Nadu,,12.0,,5.0,,,,,,,,,,,,,
HIST_FL_000829,HIST_FL_000829,HISTORICAL,FLOOD,1996,12,1996-12-01,month,,,missing,Tamil Nadu,,7.0,,135.0,,,,,,,,,,,,,
HIST_FL_000830,HIST_FL_000830,HISTORICAL,FLOOD,1997,1,1997-01-01,month,,,missing,Maharashtra,,1.0,,,,,,,,,,,,,,,
HIST_FL_000831,HIST_FL_000831,HISTORICAL,FLOOD,1997,1,1997-01-01,month,,,missing,Maharashtra,,1.0,,1.0,,,,,,,,,,,,,
HIST_FL_000832,HIST_FL_000832,HISTORICAL,FLOOD,1997,3,1997-03-01,month,,,missing,Andhra Pradesh,,1.0,,,,,,,,,,,,,,,
HIST_FL_000833,HIST_FL_000833,HISTORICAL,FLOOD,1997,4,1997-04-01,month,,,missing,Karnataka,,2.0,,3.0,,,,,,,,,,,,,
HIST_FL_000834,HIST_FL_000834,HISTORICAL,FLOOD,1997,4,1997-04-01,month,,,missing,Maharashtra,,1.0,,1.0,,,,,,,,,,,,,
HIST_FL_000835,HIST_FL_000835,HISTORICAL,FLOOD,1997,4,1997-04-01,month,,,missing,Maharashtra,,1.0,,5.0,,,,,,,,,,,,,
HIST_FL_000836,HIST_FL_000836,HISTORICAL,FLOOD,1997,5,1997-05-01,month,,,missing,Assam,,1.0,,,,,,,,,,,,,,,
HIST_FL_000837,HIST_FL_000837,HISTORICAL,FLOOD,1997,5,1997-05-01,month,,,missing,Karnataka,,1.0,,,,,,,,,,,,,,,
HIST_FL_000838,HIST_FL_000838,HISTORICAL,FLOOD,1997,5,1997-05-01,month,,,missing,Kerala,,1.0,,,,,,,,,,,,,,,
HIST_FL_000839,HIST_FL_000839,HISTORICAL,FLOOD,1997,5,1997-05-01,month,,,missing,Tripura,,1.0,,1.0,,,,,,,,,,,,,
HIST_FL_000840,HIST_FL_000840,HISTORICAL,FLOOD,1997,6,1997-06-01,month,,,missing,Arunachal Pradesh,,1.0,,,,,,,,,,,,,,,
HIST_FL_000841,HIST_FL_000841,HISTORICAL,FLOOD,1997,6,1997-06-01,month,,,missing,Arunachal Pradesh,,2.0,,8.0,,,,,,,,,,,,,
HIST_FL_000842,HIST_FL_000842,HISTORICAL,FLOOD,1997,6,1997-06-01,month,,,missing,Assam,,1.0,,,,,,,,,,,,,,,
HIST_FL_000843,HIST_FL_000843,HISTORICAL,FLOOD,1997,6,1997-06-01,month,,,missing,Assam,,21.0,,1.0,,,,,,,,,,,,,
HIST_FL_000844,HIST_FL_000844,HISTORICAL,FLOOD,1997,6,1997-06-01,month,,,missing,Delhi,,1.0,,2.0,,,,,,,,,,,,,
HIST_FL_000845,HIST_FL_000845,HISTORICAL,FLOOD,1997,6,1997-06-01,month,,,missing,Gujarat,,7.0,,172.0,,,,,,,,,,,,,
HIST_FL_000846,HIST_FL_000846,HISTORICAL,FLOOD,1997,6,1997-06-01,month,,,missing,Karnataka,,1.0,,1.0,,,,,,,,,,,,,
HIST_FL_000847,HIST_FL_000847,HISTORICAL,FLOOD,1997,6,1997-06-01,month,,,missing,Kerala,,1.0,,,,,,,,,,,,,,,
HIST_FL_000848,HIST_FL_000848,HISTORICAL,FLOOD,1997,6,1997-06-01,month,,,missing,Maharashtra,,1.0,,,,,,,,,,,,,,,
HIST_FL_000849,HIST_FL_000849,HISTORICAL,FLOOD,1997,6,1997-06-01,month,,,missing,Maharashtra,,1.0,,2.0,,,,,,,,,,,,,
HIST_FL_000850,HIST_FL_000850,HISTORICAL,FLOOD,1997,6,1997-06-01,month,,,missing,Maharashtra,,1.0,,,,,,,,,,,,,,,
HIST_FL_000851,HIST_FL_000851,HISTORICAL,FLOOD,1997,6,1997-06-01,month,,,missing,Maharashtra,,6.0,,16.0,,,,,,,,,,,,,
HIST_FL_000852,HIST_FL_000852,HISTORICAL,FLOOD,1997,6,1997-06-01,month,,,missing,Maharashtra,,1.0,,1.0,,,,,,,,,,,,,
HIST_FL_000853,HIST_FL_000853,HISTORICAL,FLOOD,1997,6,1997-06-01,month,,,missing,Maharashtra,,1.0,,1.0,,,,,,,,,,,,,
HIST_FL_000854,HIST_FL_000854,HISTORICAL,FLOOD,1997,6,1997-06-01,month,,,missing,Meghalaya,,1.0,,,,,,,,,,,,,,,
HIST_FL_000855,HIST_FL_000855,HISTORICAL,FLOOD,1997,6,1997-06-01,month,,,missing,Odisha,,1.0,,,,,,,,,,,,,,,
HIST_FL_000856,HIST_FL_000856,HISTORICAL,FLOOD,1997,6,1997-06-01,month,,,missing,Punjab,,1.0,,5.0,,,,,,,,,,,,,
HIST_FL_000857,HIST_FL_000857,HISTORICAL,FLOOD,1997,6,1997-06-01,month,,,missing,Sikkim,,3.0,,75.0,,,,,,,,,,,,,
HIST_FL_000858,HIST_FL_000858,HISTORICAL,FLOOD,1997,6,1997-06-01,month,,,missing,West Bengal,,4.0,,,,,,,,,,,,,,,
HIST_FL_000859,HIST_FL_000859,HISTORICAL,FLOOD,1997,6,1997-06-01,month,,,missing,West Bengal,,1.0,,,,,,,,,,,,,,,
HIST_FL_000860,HIST_FL_000860,HISTORICAL,FLOOD,1997,7,1997-07-01,month,,,missing,Assam,,1.0,,,,,,,,,,,,,,,
HIST_FL_000861,HIST_FL_000861,HISTORICAL,FLOOD,1997,7,1997-07-01,month,,,missing,Assam,,14.0,,10.0,,,,,,,,,,,,,
HIST_FL_000862,HIST_FL_000862,HISTORICAL,FLOOD,1997,7,1997-07-01,month,,,missing,Bihar,,1.0,,,,,,,,,,,,,,,
HIST_FL_000863,HIST_FL_000863,HISTORICAL,FLOOD,1997,7,1997-07-01,month,,,missing,Bihar,,1.0,,15.0,,,,,,,,,,,,,
HIST_FL_000864,HIST_FL_000864,HISTORICAL,FLOOD,1997,7,1997-07-01,month,,,missing,Bihar,,1.0,,5.0,,,,,,,,,,,,,
HIST_FL_000865,HIST_FL_000865,HISTORICAL,FLOOD,1997,7,1997-07-01,month,,,missing,Delhi,,1.0,,,,,,,,,,,,,,,
HIST_FL_000866,HIST_FL_000866,HISTORICAL,FLOOD,1997,7,1997-07-01,month,,,missing,Gujarat,,1.0,,,,,,,,,,,,,,,
HIST_FL_000867,HIST_FL_000867,HISTORICAL,FLOOD,1997,7,1997-07-01,month,,,missing,Karnataka,,4.0,,10.0,,,,,,,,,,,,,
HIST_FL_000868,HIST_FL_000868,HISTORICAL,FLOOD,1997,7,1997-07-01,month,,,missing,Kerala,,12.0,,30.0,,,,,,,,,,,,,
HIST_FL_000869,HIST_FL_000869,HISTORICAL,FLOOD,1997,7,1997-07-01,month,,,missing,Kerala,,5.0,,18.0,,,,,,,,,,,,,
HIST_FL_000870,HIST_FL_000870,HISTORICAL,FLOOD,1997,7,1997-07-01,month,,,missing,Kerala,,3.0,,,,,,,,,,,,,,,
HIST_FL_000871,HIST_FL_000871,HISTORICAL,FLOOD,1997,7,1997-07-01,month,,,missing,Maharashtra,,3.0,,1.0,,,,,,,,,,,,,
HIST_FL_000872,HIST_FL_000872,HISTORICAL,FLOOD,1997,7,1997-07-01,month,,,missing,Maharashtra,,1.0,,3.0,,,,,,,,,,,,,
HIST_FL_000873,HIST_FL_000873,HISTORICAL,FLOOD,1997,7,1997-07-01,month,,,missing,Maharashtra,,7.0,,,,,,,,,,,,,,,
HIST_FL_000874,HIST_FL_000874,HISTORICAL,FLOOD,1997,7,1997-07-01,month,,,missing,Maharashtra,,1.0,,,,,,,,,,,,,,,
HIST_FL_000875,HIST_FL_000875,HISTORICAL,FLOOD,1997,7,1997-07-01,month,,,missing,Maharashtra,,1.0,,,,,,,,,,,,,,,
HIST_FL_000876,HIST_FL_000876,HISTORICAL,FLOOD,1997,7,1997-07-01,month,,,missing,Meghalaya,,1.0,,,,,,,,,,,,,,,
HIST_FL_000877,HIST_FL_000877,HISTORICAL,FLOOD,1997,7,1997-07-01,month,,,missing,Mizoram,,1.0,,,,,,,,,,,,,,,
HIST_FL_000878,HIST_FL_000878,HISTORICAL,FLOOD,1997,7,1997-07-01,month,,,missing,Rajasthan,,2.0,,,,,,,,,,,,,,,
HIST_FL_000879,HIST_FL_000879,HISTORICAL,FLOOD,1997,7,1997-07-01,month,,,missing,Rajasthan,,2.0,,15.0,,,,,,,,,,,,,
HIST_FL_000880,HIST_FL_000880,HISTORICAL,FLOOD,1997,7,1997-07-01,month,,,missing,Uttar Pradesh,,1.0,,11.0,,,,,,,,,,,,,
HIST_FL_000881,HIST_FL_000881,HISTORICAL,FLOOD,1997,7,1997-07-01,month,,,missing,Uttar Pradesh,,7.0,,6.0,,,,,,,,,,,,,
HIST_FL_000882,HIST_FL_000882,HISTORICAL,FLOOD,1997,7,1997-07-01,month,,,missing,Uttar Pradesh,,1.0,,10.0,,,,,,,,,,,,,
HIST_FL_000883,HIST_FL_000883,HISTORICAL,FLOOD,1997,7,1997-07-01,month,,,missing,West Bengal,,1.0,,,,,,,,,,,,,,,
HIST_FL_000884,HIST_FL_000884,HISTORICAL,FLOOD,1997,7,1997-07-01,month,,,missing,West Bengal,,4.0,,,,,,,,,,,,,,,
HIST_FL_000885,HIST_FL_000885,HISTORICAL,FLOOD,1997,7,1997-07-01,month,,,missing,West Bengal,,1.0,,,,,,,,,,,,,,,
HIST_FL_000886,HIST_FL_000886,HISTORICAL,FLOOD,1997,7,1997-07-01,month,,,missing,West Bengal,,1.0,,,,,,,,,,,,,,,
HIST_FL_000887,HIST_FL_000887,HISTORICAL,FLOOD,1997,7,1997-07-01,month,,,missing,West Bengal,,1.0,,,,,,,,,,,,,,,
HIST_FL_000888,HIST_FL_000888,HISTORICAL,FLOOD,1997,7,1997-07-01,month,,,missing,West Bengal,,1.0,,,,,,,,,,,,,,,
HIST_FL_000889,HIST_FL_000889,HISTORICAL,FLOOD,1997,8,1997-08-01,month,,,missing,Bihar,,21.0,,65.0,,,,,,,,,,,,,
HIST_FL_000890,HIST_FL_000890,HISTORICAL,FLOOD,1997,8,1997-08-01,month,,,missing,Gujarat,,1.0,,5.0,,,,,,,,,,,,,
HIST_FL_000891,HIST_FL_000891,HISTORICAL,FLOOD,1997,8,1997-08-01,month,,,missing,Gujarat,,1.0,,10.0,,,,,,,,,,,,,
HIST_FL_000892,HIST_FL_000892,HISTORICAL,FLOOD,1997,8,1997-08-01,month,,,missing,Gujarat,,3.0,,25.0,,,,,,,,,,,,,
HIST_FL_000893,HIST_FL_000893,HISTORICAL,FLOOD,1997,8,1997-08-01,month,,,missing,Himachal Pradesh,,1.0,,8.0,,,,,,,,,,,,,
HIST_FL_000894,HIST_FL_000894,HISTORICAL,FLOOD,1997,8,1997-08-01,month,,,missing,Himachal Pradesh,,1.0,,3.0,,,,,,,,,,,,,
HIST_FL_000895,HIST_FL_000895,HISTORICAL,FLOOD,1997,8,1997-08-01,month,,,missing,Himachal Pradesh,,2.0,,140.0,,,,,,,,,,,,,
HIST_FL_000896,HIST_FL_000896,HISTORICAL,FLOOD,1997,8,1997-08-01,month,,,missing,Himachal Pradesh,,1.0,,,,,,,,,,,,,,,
HIST_FL_000897,HIST_FL_000897,HISTORICAL,FLOOD,1997,8,1997-08-01,month,,,missing,Jammu and Kashmir,,7.0,,48.0,,,,,,,,,,,,,
HIST_FL_000898,HIST_FL_000898,HISTORICAL,FLOOD,1997,8,1997-08-01,month,,,missing,Kerala,,3.0,,,,,,,,,,,,,,,
HIST_FL_000899,HIST_FL_000899,HISTORICAL,FLOOD,1997,8,1997-08-01,month,,,missing,Madhya Pradesh,,2.0,,5.0,,,,,,,,,,,,,
HIST_FL_000900,HIST_FL_000900,HISTORICAL,FLOOD,1997,8,1997-08-01,month,,,missing,Maharashtra,,1.0,,8.0,,,,,,,,,,,,,
HIST_FL_000901,HIST_FL_000901,HISTORICAL,FLOOD,1997,8,1997-08-01,month,,,missing,Maharashtra,,1.0,,5.0,,,,,,,,,,,,,
HIST_FL_000902,HIST_FL_000902,HISTORICAL,FLOOD,1997,8,1997-08-01,month,,,missing,Maharashtra,,1.0,,1.0,,,,,,,,,,,,,
HIST_FL_000903,HIST_FL_000903,HISTORICAL,FLOOD,1997,8,1997-08-01,month,,,missing,Maharashtra,,1.0,,,,,,,,,,,,,,,
HIST_FL_000904,HIST_FL_000904,HISTORICAL,FLOOD,1997,8,1997-08-01,month,,,missing,Maharashtra,,3.0,,40.0,,,,,,,,,,,,,
HIST_FL_000905,HIST_FL_000905,HISTORICAL,FLOOD,1997,8,1997-08-01,month,,,missing,Maharashtra,,4.0,,,,,,,,,,,,,,,
HIST_FL_000906,HIST_FL_000906,HISTORICAL,FLOOD,1997,8,1997-08-01,month,,,missing,Maharashtra,,3.0,,,,,,,,,,,,,,,
HIST_FL_000907,HIST_FL_000907,HISTORICAL,FLOOD,1997,8,1997-08-01,month,,,missing,Maharashtra,,1.0,,,,,,,,,,,,,,,
HIST_FL_000908,HIST_FL_000908,HISTORICAL,FLOOD,1997,8,1997-08-01,month,,,missing,Maharashtra,,1.0,,1.0,,,,,,,,,,,,,
HIST_FL_000909,HIST_FL_000909,HISTORICAL,FLOOD,1997,8,1997-08-01,month,,,missing,Odisha,,21.0,,65.0,,,,,,,,,,,,,
HIST_FL_000910,HIST_FL_000910,HISTORICAL,FLOOD,1997,8,1997-08-01,month,,,missing,Punjab,,1.0,,,,,,,,,,,,,,,
HIST_FL_000911,HIST_FL_000911,HISTORICAL,FLOOD,1997,8,1997-08-01,month,,,missing,Punjab,,1.0,,6.0,,,,,,,,,,,,,
HIST_FL_000912,HIST_FL_000912,HISTORICAL,FLOOD,1997,8,1997-08-01,month,,,missing,Punjab,,8.0,,,,,,,,,,,,,,,
HIST_FL_000913,HIST_FL_000913,HISTORICAL,FLOOD,1997,8,1997-08-01,month,,,missing,Rajasthan,,3.0,,17.0,,,,,,,,,,,,,
HIST_FL_000914,HIST_FL_000914,HISTORICAL,FLOOD,1997,8,1997-08-01,month,,,missing,Rajasthan,,5.0,,29.0,,,,,,,,,,,,,
HIST_FL_000915,HIST_FL_000915,HISTORICAL,FLOOD,1997,8,1997-08-01,month,,,missing,Sikkim,,1.0,,,,,,,,,,,,,,,
HIST_FL_000916,HIST_FL_000916,HISTORICAL,FLOOD,1997,8,1997-08-01,month,,,missing,Uttar Pradesh,,1.0,,4.0,,,,,,,,,,,,,
HIST_FL_000917,HIST_FL_000917,HISTORICAL,FLOOD,1997,8,1997-08-01,month,,,missing,Uttar Pradesh,,1.0,,2.0,,,,,,,,,,,,,
HIST_FL_000918,HIST_FL_000918,HISTORICAL,FLOOD,1997,8,1997-08-01,month,,,missing,West Bengal,,1.0,,,,,,,,,,,,,,,
HIST_FL_000919,HIST_FL_000919,HISTORICAL,FLOOD,1997,8,1997-08-01,month,,,missing,West Bengal,,1.0,,,,,,,,,,,,,,,
HIST_FL_000920,HIST_FL_000920,HISTORICAL,FLOOD,1997,8,1997-08-01,month,,,missing,West Bengal,,9.0,,10.0,,,,,,,,,,,,,
HIST_FL_000921,HIST_FL_000921,HISTORICAL,FLOOD,1997,8,1997-08-01,month,,,missing,West Bengal,,1.0,,16.0,,,,,,,,,,,,,
HIST_FL_000922,HIST_FL_000922,HISTORICAL,FLOOD,1997,8,1997-08-01,month,,,missing,West Bengal,,1.0,,,,,,,,,,,,,,,
HIST_FL_000923,HIST_FL_000923,HISTORICAL,FLOOD,1997,8,1997-08-01,month,,,missing,West Bengal,,1.0,,,,,,,,,,,,,,,
HIST_FL_000924,HIST_FL_000924,HISTORICAL,FLOOD,1997,8,1997-08-01,month,,,missing,West Bengal,,1.0,,,,,,,,,,,,,,,
HIST_FL_000925,HIST_FL_000925,HISTORICAL,FLOOD,1997,8,1997-08-01,month,,,missing,West Bengal,,1.0,,1.0,,,,,,,,,,,,,
HIST_FL_000926,HIST_FL_000926,HISTORICAL,FLOOD,1997,8,1997-08-01,month,,,missing,West Bengal,,1.0,,,,,,,,,,,,,,,
HIST_FL_000927,HIST_FL_000927,HISTORICAL,FLOOD,1997,8,1997-08-01,month,,,missing,West Bengal,,1.0,,282.0,,,,,,,,,,,,,
HIST_FL_000928,HIST_FL_000928,HISTORICAL,FLOOD,1997,8,1997-08-01,month,,,missing,West Bengal,,7.0,,,,,,,,,,,,,,,
HIST_FL_000929,HIST_FL_000929,HISTORICAL,FLOOD,1997,8,1997-08-01,month,,,missing,West Bengal,,1.0,,,,,,,,,,,,,,,
HIST_FL_000930,HIST_FL_000930,HISTORICAL,FLOOD,1997,9,1997-09-01,month,,,missing,Andhra Pradesh,,7.0,,44.0,,,,,,,,,,,,,
HIST_FL_000931,HIST_FL_000931,HISTORICAL,FLOOD,1997,9,1997-09-01,month,,,missing,Andhra Pradesh,,7.0,,32.0,,,,,,,,,,,,,
HIST_FL_000932,HIST_FL_000932,HISTORICAL,FLOOD,1997,9,1997-09-01,month,,,missing,Assam,,14.0,,2.0,,,,,,,,,,,,,
HIST_FL_000933,HIST_FL_000933,HISTORICAL,FLOOD,1997,9,1997-09-01,month,,,missing,Assam,,1.0,,,,,,,,,,,,,,,
HIST_FL_000934,HIST_FL_000934,HISTORICAL,FLOOD,1997,9,1997-09-01,month,,,missing,Kerala,,1.0,,,,,,,,,,,,,,,
HIST_FL_000935,HIST_FL_000935,HISTORICAL,FLOOD,1997,9,1997-09-01,month,,,missing,Kerala,,1.0,,,,,,,,,,,,,,,
HIST_FL_000936,HIST_FL_000936,HISTORICAL,FLOOD,1997,9,1997-09-01,month,,,missing,Maharashtra,,1.0,,2.0,,,,,,,,,,,,,
HIST_FL_000937,HIST_FL_000937,HISTORICAL,FLOOD,1997,9,1997-09-01,month,,,missing,Manipur,,1.0,,,,,,,,,,,,,,,
HIST_FL_000938,HIST_FL_000938,HISTORICAL,FLOOD,1997,9,1997-09-01,month,,,missing,Uttar Pradesh,,1.0,,4.0,,,,,,,,,,,,,
HIST_FL_000939,HIST_FL_000939,HISTORICAL,FLOOD,1997,9,1997-09-01,month,,,missing,Uttar Pradesh,,1.0,,3.0,,,,,,,,,,,,,
HIST_FL_000940,HIST_FL_000940,HISTORICAL,FLOOD,1997,9,1997-09-01,month,,,missing,West Bengal,,1.0,,,,,,,,,,,,,,,
HIST_FL_000941,HIST_FL_000941,HISTORICAL,FLOOD,1997,9,1997-09-01,month,,,missing,West Bengal,,1.0,,,,,,,,,,,,,,,
HIST_FL_000942,HIST_FL_000942,HISTORICAL,FLOOD,1997,10,1997-10-01,month,,,missing,Andhra Pradesh,,7.0,,9.0,,,,,,,,,,,,,
HIST_FL_000943,HIST_FL_000943,HISTORICAL,FLOOD,1997,10,1997-10-01,month,,,missing,Karnataka,,1.0,,4.0,,,,,,,,,,,,,
HIST_FL_000944,HIST_FL_000944,HISTORICAL,FLOOD,1997,10,1997-10-01,month,,,missing,Karnataka,,1.0,,6.0,,,,,,,,,,,,,
HIST_FL_000945,HIST_FL_000945,HISTORICAL,FLOOD,1997,10,1997-10-01,month,,,missing,Karnataka,,1.0,,2.0,,,,,,,,,,,,,
HIST_FL_000946,HIST_FL_000946,HISTORICAL,FLOOD,1997,10,1997-10-01,month,,,missing,Karnataka,,4.0,,,,,,,,,,,,,,,
HIST_FL_000947,HIST_FL_000947,HISTORICAL,FLOOD,1997,10,1997-10-01,month,,,missing,Maharashtra,,1.0,,,,,,,,,,,,,,,
HIST_FL_000948,HIST_FL_000948,HISTORICAL,FLOOD,1997,10,1997-10-01,month,,,missing,Maharashtra,,1.0,,2.0,,,,,,,,,,,,,
HIST_FL_000949,HIST_FL_000949,HISTORICAL,FLOOD,1997,10,1997-10-01,month,,,missing,Maharashtra,,1.0,,,,,,,,,,,,,,,
HIST_FL_000950,HIST_FL_000950,HISTORICAL,FLOOD,1997,10,1997-10-01,month,,,missing,Rajasthan,,1.0,,,,,,,,,,,,,,,
HIST_FL_000951,HIST_FL_000951,HISTORICAL,FLOOD,1997,10,1997-10-01,month,,,missing,Tamil Nadu,,4.0,,,,,,,,,,,,,,,
HIST_FL_000952,HIST_FL_000952,HISTORICAL,FLOOD,1997,11,1997-11-01,month,,,missing,Andhra Pradesh,,23.0,,14.0,,,,,,,,,,,,,
HIST_FL_000953,HIST_FL_000953,HISTORICAL,FLOOD,1997,11,1997-11-01,month,,,missing,Himachal Pradesh,,1.0,,,,,,,,,,,,,,,
HIST_FL_000954,HIST_FL_000954,HISTORICAL,FLOOD,1997,11,1997-11-01,month,,,missing,Karnataka,,1.0,,,,,,,,,,,,,,,
HIST_FL_000955,HIST_FL_000955,HISTORICAL,FLOOD,1997,11,1997-11-01,month,,,missing,Kerala,,9.0,,7.0,,,,,,,,,,,,,
HIST_FL_000956,HIST_FL_000956,HISTORICAL,FLOOD,1997,11,1997-11-01,month,,,missing,Kerala,,1.0,,,,,,,,,,,,,,,
HIST_FL_000957,HIST_FL_000957,HISTORICAL,FLOOD,1997,11,1997-11-01,month,,,missing,Maharashtra,,2.0,,,,,,,,,,,,,,,
HIST_FL_000958,HIST_FL_000958,HISTORICAL,FLOOD,1997,11,1997-11-01,month,,,missing,Maharashtra,,1.0,,,,,,,,,,,,,,,
HIST_FL_000959,HIST_FL_000959,HISTORICAL,FLOOD,1997,11,1997-11-01,month,,,missing,Maharashtra,,7.0,,,,,,,,,,,,,,,
HIST_FL_000960,HIST_FL_000960,HISTORICAL,FLOOD,1997,11,1997-11-01,month,,,missing,Tamil Nadu,,23.0,,89.0,,,,,,,,,,,,,
HIST_FL_000961,HIST_FL_000961,HISTORICAL,FLOOD,1997,11,1997-11-01,month,,,missing,Uttar Pradesh,,1.0,,,,,,,,,,,,,,,
HIST_FL_000962,HIST_FL_000962,HISTORICAL,FLOOD,1997,12,1997-12-01,month,,,missing,Haryana,,1.0,,1.0,,,,,,,,,,,,,
HIST_FL_000963,HIST_FL_000963,HISTORICAL,FLOOD,1997,12,1997-12-01,month,,,missing,Kerala,,1.0,,2.0,,,,,,,,,,,,,
HIST_FL_000964,HIST_FL_000964,HISTORICAL,FLOOD,1997,12,1997-12-01,month,,,missing,Maharashtra,,1.0,,,,,,,,,,,,,,,
HIST_FL_000965,HIST_FL_000965,HISTORICAL,FLOOD,1997,12,1997-12-01,month,,,missing,Maharashtra,,1.0,,,,,,,,,,,,,,,
HIST_FL_000966,HIST_FL_000966,HISTORICAL,FLOOD,1997,12,1997-12-01,month,,,missing,Maharashtra,,2.0,,2.0,,,,,,,,,,,,,
HIST_FL_000967,HIST_FL_000967,HISTORICAL,FLOOD,1997,12,1997-12-01,month,,,missing,Maharashtra,,7.0,,,,,,,,,,,,,,,
HIST_FL_000968,HIST_FL_000968,HISTORICAL,FLOOD,1997,12,1997-12-01,month,,,missing,Maharashtra,,3.0,,,,,,,,,,,,,,,
HIST_FL_000969,HIST_FL_000969,HISTORICAL,FLOOD,1997,12,1997-12-01,month,,,missing,Maharashtra,,1.0,,,,,,,,,,,,,,,
HIST_FL_000970,HIST_FL_000970,HISTORICAL,FLOOD,1997,12,1997-12-01,month,,,missing,Maharashtra,,7.0,,,,,,,,,,,,,,,
HIST_FL_000971,HIST_FL_000971,HISTORICAL,FLOOD,1997,12,1997-12-01,month,,,missing,Maharashtra,,1.0,,,,,,,,,,,,,,,
HIST_FL_000972,HIST_FL_000972,HISTORICAL,FLOOD,1997,12,1997-12-01,month,,,missing,Tamil Nadu,,16.0,,177.0,,,,,,,,,,,,,
HIST_FL_000973,HIST_FL_000973,HISTORICAL,FLOOD,1997,12,1997-12-01,month,,,missing,Uttar Pradesh,,1.0,,,,,,,,,,,,,,,
HIST_FL_000974,HIST_FL_000974,HISTORICAL,FLOOD,1998,1,1998-01-01,month,,,missing,Maharashtra,,1.0,,,,,,,,,,,,,,,
HIST_FL_000975,HIST_FL_000975,HISTORICAL,FLOOD,1998,1,1998-01-01,month,,,missing,Maharashtra,,1.0,,,,,,,,,,,,,,,
HIST_FL_000976,HIST_FL_000976,HISTORICAL,FLOOD,1998,2,1998-02-01,month,,,missing,Punjab,,1.0,,,,,,,,,,,,,,,
HIST_FL_000977,HIST_FL_000977,HISTORICAL,FLOOD,1998,3,1998-03-01,month,,,missing,Himachal Pradesh,,1.0,,16.0,,,,,,,,,,,,,
HIST_FL_000978,HIST_FL_000978,HISTORICAL,FLOOD,1998,3,1998-03-01,month,,,missing,Himachal Pradesh,,1.0,,,,,,,,,,,,,,,
HIST_FL_000979,HIST_FL_000979,HISTORICAL,FLOOD,1998,5,1998-05-01,month,,,missing,Assam,,2.0,,,,,,,,,,,,,,,
HIST_FL_000980,HIST_FL_000980,HISTORICAL,FLOOD,1998,5,1998-05-01,month,,,missing,Kerala,,1.0,,,,,,,,,,,,,,,
HIST_FL_000981,HIST_FL_000981,HISTORICAL,FLOOD,1998,5,1998-05-01,month,,,missing,Sikkim,,23.0,,10.0,,,,,,,,,,,,,
HIST_FL_000982,HIST_FL_000982,HISTORICAL,FLOOD,1998,6,1998-06-01,month,,,missing,Arunachal Pradesh,,1.0,,23.0,,,,,,,,,,,,,
HIST_FL_000983,HIST_FL_000983,HISTORICAL,FLOOD,1998,6,1998-06-01,month,,,missing,Assam,,1.0,,51.0,,,,,,,,,,,,,
HIST_FL_000984,HIST_FL_000984,HISTORICAL,FLOOD,1998,6,1998-06-01,month,,,missing,Assam,,7.0,,105.0,,,,,,,,,,,,,
HIST_FL_000985,HIST_FL_000985,HISTORICAL,FLOOD,1998,6,1998-06-01,month,,,missing,Assam,,1.0,,,,,,,,,,,,,,,
HIST_FL_000986,HIST_FL_000986,HISTORICAL,FLOOD,1998,6,1998-06-01,month,,,missing,Assam,,4.0,,3.0,,,,,,,,,,,,,
HIST_FL_000987,HIST_FL_000987,HISTORICAL,FLOOD,1998,6,1998-06-01,month,,,missing,Assam,,4.0,,,,,,,,,,,,,,,
HIST_FL_000988,HIST_FL_000988,HISTORICAL,FLOOD,1998,6,1998-06-01,month,,,missing,Assam,,1.0,,,,,,,,,,,,,,,
HIST_FL_000989,HIST_FL_000989,HISTORICAL,FLOOD,1998,6,1998-06-01,month,,,missing,Karnataka,,1.0,,5.0,,,,,,,,,,,,,
HIST_FL_000990,HIST_FL_000990,HISTORICAL,FLOOD,1998,6,1998-06-01,month,,,missing,Kerala,,1.0,,,,,,,,,,,,,,,
HIST_FL_000991,HIST_FL_000991,HISTORICAL,FLOOD,1998,6,1998-06-01,month,,,missing,Maharashtra,,1.0,,,,,,,,,,,,,,,
HIST_FL_000992,HIST_FL_000992,HISTORICAL,FLOOD,1998,6,1998-06-01,month,,,missing,Maharashtra,,1.0,,1.0,,,,,,,,,,,,,
HIST_FL_000993,HIST_FL_000993,HISTORICAL,FLOOD,1998,6,1998-06-01,month,,,missing,Maharashtra,,1.0,,,,,,,,,,,,,,,
HIST_FL_000994,HIST_FL_000994,HISTORICAL,FLOOD,1998,6,1998-06-01,month,,,missing,Maharashtra,,1.0,,1.0,,,,,,,,,,,,,
HIST_FL_000995,HIST_FL_000995,HISTORICAL,FLOOD,1998,6,1998-06-01,month,,,missing,Maharashtra,,2.0,,5.0,,,,,,,,,,,,,
HIST_FL_000996,HIST_FL_000996,HISTORICAL,FLOOD,1998,6,1998-06-01,month,,,missing,Sikkim,,1.0,,,,,,,,,,,,,,,
HIST_FL_000997,HIST_FL_000997,HISTORICAL,FLOOD,1998,6,1998-06-01,month,,,missing,Uttar Pradesh,,1.0,,6.0,,,,,,,,,,,,,
HIST_FL_000998,HIST_FL_000998,HISTORICAL,FLOOD,1998,6,1998-06-01,month,,,missing,West Bengal,,1.0,,,,,,,,,,,,,,,
HIST_FL_000999,HIST_FL_000999,HISTORICAL,FLOOD,1998,7,1998-07-01,month,,,missing,Assam,,31.0,,81.0,,,,,,,,,,,,,
HIST_FL_001000,HIST_FL_001000,HISTORICAL,FLOOD,1998,7,1998-07-01,month,,,missing,Bihar,,1.0,,2.0,,,,,,,,,,,,,
HIST_FL_001001,HIST_FL_001001,HISTORICAL,FLOOD,1998,7,1998-07-01,month,,,missing,Gujarat,,4.0,,14.0,,,,,,,,,,,,,
HIST_FL_001002,HIST_FL_001002,HISTORICAL,FLOOD,1998,7,1998-07-01,month,,,missing,Karnataka,,1.0,,6.0,,,,,,,,,,,,,
HIST_FL_001003,HIST_FL_001003,HISTORICAL,FLOOD,1998,7,1998-07-01,month,,,missing,Karnataka,,1.0,,3.0,,,,,,,,,,,,,
HIST_FL_001004,HIST_FL_001004,HISTORICAL,FLOOD,1998,7,1998-07-01,month,,,missing,Karnataka,,1.0,,1.0,,,,,,,,,,,,,
HIST_FL_001005,HIST_FL_001005,HISTORICAL,FLOOD,1998,7,1998-07-01,month,,,missing,Karnataka,,1.0,,,,,,,,,,,,,,,
HIST_FL_001006,HIST_FL_001006,HISTORICAL,FLOOD,1998,7,1998-07-01,month,,,missing,Karnataka,,1.0,,,,,,,,,,,,,,,
HIST_FL_001007,HIST_FL_001007,HISTORICAL,FLOOD,1998,7,1998-07-01,month,,,missing,Karnataka,,1.0,,3.0,,,,,,,,,,,,,
HIST_FL_001008,HIST_FL_001008,HISTORICAL,FLOOD,1998,7,1998-07-01,month,,,missing,Kerala,,5.0,,45.0,,,,,,,,,,,,,
HIST_FL_001009,HIST_FL_001009,HISTORICAL,FLOOD,1998,7,1998-07-01,month,,,missing,Kerala,,4.0,,5.0,,,,,,,,,,,,,
HIST_FL_001010,HIST_FL_001010,HISTORICAL,FLOOD,1998,7,1998-07-01,month,,,missing,Maharashtra,,2.0,,14.0,,,,,,,,,,,,,
HIST_FL_001011,HIST_FL_001011,HISTORICAL,FLOOD,1998,7,1998-07-01,month,,,missing,Maharashtra,,1.0,,9.0,,,,,,,,,,,,,
HIST_FL_001012,HIST_FL_001012,HISTORICAL,FLOOD,1998,7,1998-07-01,month,,,missing,Maharashtra,,1.0,,2.0,,,,,,,,,,,,,
HIST_FL_001013,HIST_FL_001013,HISTORICAL,FLOOD,1998,7,1998-07-01,month,,,missing,Maharashtra,,2.0,,25.0,,,,,,,,,,,,,
HIST_FL_001014,HIST_FL_001014,HISTORICAL,FLOOD,1998,7,1998-07-01,month,,,missing,Maharashtra,,1.0,,1.0,,,,,,,,,,,,,
HIST_FL_001015,HIST_FL_001015,HISTORICAL,FLOOD,1998,7,1998-07-01,month,,,missing,Rajasthan,,1.0,,1.0,,,,,,,,,,,,,
HIST_FL_001016,HIST_FL_001016,HISTORICAL,FLOOD,1998,7,1998-07-01,month,,,missing,Rajasthan,,2.0,,2.0,,,,,,,,,,,,,
HIST_FL_001017,HIST_FL_001017,HISTORICAL,FLOOD,1998,7,1998-07-01,month,,,missing,Sikkim,,1.0,,16.0,,,,,,,,,,,,,
HIST_FL_001018,HIST_FL_001018,HISTORICAL,FLOOD,1998,7,1998-07-01,month,,,missing,Tripura,,1.0,,,,,,,,,,,,,,,
HIST_FL_001019,HIST_FL_001019,HISTORICAL,FLOOD,1998,7,1998-07-01,month,,,missing,Tripura,,1.0,,,,,,,,,,,,,,,
HIST_FL_001020,HIST_FL_001020,HISTORICAL,FLOOD,1998,7,1998-07-01,month,,,missing,Tripura,,1.0,,17.0,,,,,,,,,,,,,
HIST_FL_001021,HIST_FL_001021,HISTORICAL,FLOOD,1998,7,1998-07-01,month,,,missing,Uttar Pradesh,,7.0,,2.0,,,,,,,,,,,,,
HIST_FL_001022,HIST_FL_001022,HISTORICAL,FLOOD,1998,7,1998-07-01,month,,,missing,Uttar Pradesh,,10.0,,81.0,,,,,,,,,,,,,
HIST_FL_001023,HIST_FL_001023,HISTORICAL,FLOOD,1998,7,1998-07-01,month,,,missing,West Bengal,,1.0,,18.0,,,,,,,,,,,,,
HIST_FL_001024,HIST_FL_001024,HISTORICAL,FLOOD,1998,7,1998-07-01,month,,,missing,West Bengal,,1.0,,12.0,,,,,,,,,,,,,
HIST_FL_001025,HIST_FL_001025,HISTORICAL,FLOOD,1998,7,1998-07-01,month,,,missing,West Bengal,,1.0,,165.0,,,,,,,,,,,,,
HIST_FL_001026,HIST_FL_001026,HISTORICAL,FLOOD,1998,7,1998-07-01,month,,,missing,West Bengal,,1.0,,,,,,,,,,,,,,,
HIST_FL_001027,HIST_FL_001027,HISTORICAL,FLOOD,1998,7,1998-07-01,month,,,missing,West Bengal,,8.0,,2.0,,,,,,,,,,,,,
HIST_FL_001028,HIST_FL_001028,HISTORICAL,FLOOD,1998,8,1998-08-01,month,,,missing,Assam,,10.0,,93.0,,,,,,,,,,,,,
HIST_FL_001029,HIST_FL_001029,HISTORICAL,FLOOD,1998,8,1998-08-01,month,,,missing,Assam,,4.0,,,,,,,,,,,,,,,
HIST_FL_001030,HIST_FL_001030,HISTORICAL,FLOOD,1998,8,1998-08-01,month,,,missing,Assam,,1.0,,,,,,,,,,,,,,,
HIST_FL_001031,HIST_FL_001031,HISTORICAL,FLOOD,1998,8,1998-08-01,month,,,missing,Assam,,1.0,,15.0,,,,,,,,,,,,,
HIST_FL_001032,HIST_FL_001032,HISTORICAL,FLOOD,1998,8,1998-08-01,month,,,missing,Assam,,1.0,,,,,,,,,,,,,,,
HIST_FL_001033,HIST_FL_001033,HISTORICAL,FLOOD,1998,8,1998-08-01,month,,,missing,Bihar,,12.0,,105.0,,,,,,,,,,,,,
HIST_FL_001034,HIST_FL_001034,HISTORICAL,FLOOD,1998,8,1998-08-01,month,,,missing,Bihar,,15.0,,181.0,,,,,,,,,,,,,
HIST_FL_001035,HIST_FL_001035,HISTORICAL,FLOOD,1998,8,1998-08-01,month,,,missing,Himachal Pradesh,,1.0,,4.0,,,,,,,,,,,,,
HIST_FL_001036,HIST_FL_001036,HISTORICAL,FLOOD,1998,8,1998-08-01,month,,,missing,Karnataka,,1.0,,1.0,,,,,,,,,,,,,
HIST_FL_001037,HIST_FL_001037,HISTORICAL,FLOOD,1998,8,1998-08-01,month,,,missing,Karnataka,,1.0,,1.0,,,,,,,,,,,,,
HIST_FL_001038,HIST_FL_001038,HISTORICAL,FLOOD,1998,8,1998-08-01,month,,,missing,Karnataka,,1.0,,1.0,,,,,,,,,,,,,
HIST_FL_001039,HIST_FL_001039,HISTORICAL,FLOOD,1998,8,1998-08-01,month,,,missing,Karnataka,,1.0,,2.0,,,,,,,,,,,,,
HIST_FL_001040,HIST_FL_001040,HISTORICAL,FLOOD,1998,8,1998-08-01,month,,,missing,Karnataka,,1.0,,,,,,,,,,,,,,,
HIST_FL_001041,HIST_FL_001041,HISTORICAL,FLOOD,1998,8,1998-08-01,month,,,missing,Karnataka,,1.0,,2.0,,,,,,,,,,,,,
HIST_FL_001042,HIST_FL_001042,HISTORICAL,FLOOD,1998,8,1998-08-01,month,,,missing,Karnataka,,1.0,,2.0,,,,,,,,,,,,,
HIST_FL_001043,HIST_FL_001043,HISTORICAL,FLOOD,1998,8,1998-08-01,month,,,missing,Maharashtra,,1.0,,1.0,,,,,,,,,,,,,
HIST_FL_001044,HIST_FL_001044,HISTORICAL,FLOOD,1998,8,1998-08-01,month,,,missing,Rajasthan,,1.0,,3.0,,,,,,,,,,,,,
HIST_FL_001045,HIST_FL_001045,HISTORICAL,FLOOD,1998,8,1998-08-01,month,,,missing,Uttar Pradesh,,1.0,,40.0,,,,,,,,,,,,,
HIST_FL_001046,HIST_FL_001046,HISTORICAL,FLOOD,1998,8,1998-08-01,month,,,missing,Uttar Pradesh,,1.0,,204.0,,,,,,,,,,,,,
HIST_FL_001047,HIST_FL_001047,HISTORICAL,FLOOD,1998,8,1998-08-01,month,,,missing,West Bengal,,1.0,,6.0,,,,,,,,,,,,,
HIST_FL_001048,HIST_FL_001048,HISTORICAL,FLOOD,1998,8,1998-08-01,month,,,missing,West Bengal,,1.0,,,,,,,,,,,,,,,
HIST_FL_001049,HIST_FL_001049,HISTORICAL,FLOOD,1998,8,1998-08-01,month,,,missing,West Bengal,,24.0,,300.0,,,,,,,,,,,,,
HIST_FL_001050,HIST_FL_001050,HISTORICAL,FLOOD,1998,9,1998-09-01,month,,,missing,Andhra Pradesh,,9.0,,51.0,,,,,,,,,,,,,
HIST_FL_001051,HIST_FL_001051,HISTORICAL,FLOOD,1998,9,1998-09-01,month,,,missing,Assam,,11.0,,129.0,,,,,,,,,,,,,
HIST_FL_001052,HIST_FL_001052,HISTORICAL,FLOOD,1998,9,1998-09-01,month,,,missing,Assam,,2.0,,1.0,,,,,,,,,,,,,
HIST_FL_001053,HIST_FL_001053,HISTORICAL,FLOOD,1998,9,1998-09-01,month,,,missing,Gujarat,,7.0,,24.0,,,,,,,,,,,,,
HIST_FL_001054,HIST_FL_001054,HISTORICAL,FLOOD,1998,9,1998-09-01,month,,,missing,Haryana,,1.0,,,,,,,,,,,,,,,
HIST_FL_001055,HIST_FL_001055,HISTORICAL,FLOOD,1998,9,1998-09-01,month,,,missing,Karnataka,,1.0,,1.0,,,,,,,,,,,,,
HIST_FL_001056,HIST_FL_001056,HISTORICAL,FLOOD,1998,9,1998-09-01,month,,,missing,Karnataka,,1.0,,2.0,,,,,,,,,,,,,
HIST_FL_001057,HIST_FL_001057,HISTORICAL,FLOOD,1998,9,1998-09-01,month,,,missing,Karnataka,,1.0,,1.0,,,,,,,,,,,,,
HIST_FL_001058,HIST_FL_001058,HISTORICAL,FLOOD,1998,9,1998-09-01,month,,,missing,Karnataka,,7.0,,,,,,,,,,,,,,,
HIST_FL_001059,HIST_FL_001059,HISTORICAL,FLOOD,1998,9,1998-09-01,month,,,missing,Madhya Pradesh,,1.0,,,,,,,,,,,,,,,
HIST_FL_001060,HIST_FL_001060,HISTORICAL,FLOOD,1998,9,1998-09-01,month,,,missing,Madhya Pradesh,,2.0,,4.0,,,,,,,,,,,,,
HIST_FL_001061,HIST_FL_001061,HISTORICAL,FLOOD,1998,9,1998-09-01,month,,,missing,Madhya Pradesh,,1.0,,,,,,,,,,,,,,,
HIST_FL_001062,HIST_FL_001062,HISTORICAL,FLOOD,1998,9,1998-09-01,month,,,missing,Maharashtra,,7.0,,35.0,,,,,,,,,,,,,
HIST_FL_001063,HIST_FL_001063,HISTORICAL,FLOOD,1998,9,1998-09-01,month,,,missing,Odisha,,1.0,,2.0,,,,,,,,,,,,,
HIST_FL_001064,HIST_FL_001064,HISTORICAL,FLOOD,1998,9,1998-09-01,month,,,missing,Odisha,,1.0,,2.0,,,,,,,,,,,,,
HIST_FL_001065,HIST_FL_001065,HISTORICAL,FLOOD,1998,9,1998-09-01,month,,,missing,Punjab,,2.0,,2.0,,,,,,,,,,,,,
HIST_FL_001066,HIST_FL_001066,HISTORICAL,FLOOD,1998,9,1998-09-01,month,,,missing,Rajasthan,,5.0,,7.0,,,,,,,,,,,,,
HIST_FL_001067,HIST_FL_001067,HISTORICAL,FLOOD,1998,9,1998-09-01,month,,,missing,Uttar Pradesh,,6.0,,300.0,,,,,,,,,,,,,
HIST_FL_001068,HIST_FL_001068,HISTORICAL,FLOOD,1998,10,1998-10-01,month,,,missing,Andhra Pradesh,,7.0,,179.0,,,,,,,,,,,,,
HIST_FL_001069,HIST_FL_001069,HISTORICAL,FLOOD,1998,10,1998-10-01,month,,,missing,Andhra Pradesh,,8.0,,17.0,,,,,,,,,,,,,
HIST_FL_001070,HIST_FL_001070,HISTORICAL,FLOOD,1998,10,1998-10-01,month,,,missing,Gujarat,,1.0,,2.0,,,,,,,,,,,,,
HIST_FL_001071,HIST_FL_001071,HISTORICAL,FLOOD,1998,10,1998-10-01,month,,,missing,Haryana,,1.0,,,,,,,,,,,,,,,
HIST_FL_001072,HIST_FL_001072,HISTORICAL,FLOOD,1998,10,1998-10-01,month,,,missing,Haryana,,1.0,,,,,,,,,,,,,,,
HIST_FL_001073,HIST_FL_001073,HISTORICAL,FLOOD,1998,10,1998-10-01,month,,,missing,Himachal Pradesh,,1.0,,,,,,,,,,,,,,,
HIST_FL_001074,HIST_FL_001074,HISTORICAL,FLOOD,1998,10,1998-10-01,month,,,missing,Himachal Pradesh,,2.0,,11.0,,,,,,,,,,,,,
HIST_FL_001075,HIST_FL_001075,HISTORICAL,FLOOD,1998,10,1998-10-01,month,,,missing,Himachal Pradesh,,1.0,,,,,,,,,,,,,,,
HIST_FL_001076,HIST_FL_001076,HISTORICAL,FLOOD,1998,10,1998-10-01,month,,,missing,Karnataka,,14.0,,198.0,,,,,,,,,,,,,
HIST_FL_001077,HIST_FL_001077,HISTORICAL,FLOOD,1998,10,1998-10-01,month,,,missing,Kerala,,8.0,,44.0,,,,,,,,,,,,,
HIST_FL_001078,HIST_FL_001078,HISTORICAL,FLOOD,1998,10,1998-10-01,month,,,missing,Maharashtra,,2.0,,5.0,,,,,,,,,,,,,
HIST_FL_001079,HIST_FL_001079,HISTORICAL,FLOOD,1998,10,1998-10-01,month,,,missing,Maharashtra,,1.0,,11.0,,,,,,,,,,,,,
HIST_FL_001080,HIST_FL_001080,HISTORICAL,FLOOD,1998,10,1998-10-01,month,,,missing,Punjab,,1.0,,,,,,,,,,,,,,,
HIST_FL_001081,HIST_FL_001081,HISTORICAL,FLOOD,1998,10,1998-10-01,month,,,missing,Rajasthan,,2.0,,1.0,,,,,,,,,,,,,
HIST_FL_001082,HIST_FL_001082,HISTORICAL,FLOOD,1998,10,1998-10-01,month,,,missing,Tamil Nadu,,1.0,,,,,,,,,,,,,,,
HIST_FL_001083,HIST_FL_001083,HISTORICAL,FLOOD,1998,10,1998-10-01,month,,,missing,Uttar Pradesh,,1.0,,10.0,,,,,,,,,,,,,
HIST_FL_001084,HIST_FL_001084,HISTORICAL,FLOOD,1998,11,1998-11-01,month,,,missing,Kerala,,5.0,,,,,,,,,,,,,,,
HIST_FL_001085,HIST_FL_001085,HISTORICAL,FLOOD,1998,11,1998-11-01,month,,,missing,Kerala,,2.0,,,,,,,,,,,,,,,
HIST_FL_001086,HIST_FL_001086,HISTORICAL,FLOOD,1998,11,1998-11-01,month,,,missing,Punjab,,2.0,,,,,,,,,,,,,,,
HIST_FL_001087,HIST_FL_001087,HISTORICAL,FLOOD,1998,11,1998-11-01,month,,,missing,Tamil Nadu,,14.0,,82.0,,,,,,,,,,,,,
HIST_FL_001088,HIST_FL_001088,HISTORICAL,FLOOD,1998,11,1998-11-01,month,,,missing,Uttar Pradesh,,1.0,,2.0,,,,,,,,,,,,,
HIST_FL_001089,HIST_FL_001089,HISTORICAL,FLOOD,1998,12,1998-12-01,month,,,missing,Andhra Pradesh,,6.0,,16.0,,,,,,,,,,,,,
HIST_FL_001090,HIST_FL_001090,HISTORICAL,FLOOD,1998,12,1998-12-01,month,,,missing,Odisha,,2.0,,,,,,,,,,,,,,,
HIST_FL_001091,HIST_FL_001091,HISTORICAL,FLOOD,1998,12,1998-12-01,month,,,missing,Tamil Nadu,,9.0,,28.0,,,,,,,,,,,,,
HIST_FL_001092,HIST_FL_001092,HISTORICAL,FLOOD,1999,2,1999-02-01,month,,,missing,Kerala,,1.0,,4.0,,,,,,,,,,,,,
HIST_FL_001093,HIST_FL_001093,HISTORICAL,FLOOD,1999,4,1999-04-01,month,,,missing,Karnataka,,2.0,,,,,,,,,,,,,,,
HIST_FL_001094,HIST_FL_001094,HISTORICAL,FLOOD,1999,5,1999-05-01,month,,,missing,Arunachal Pradesh,,1.0,,1.0,,,,,,,,,,,,,
HIST_FL_001095,HIST_FL_001095,HISTORICAL,FLOOD,1999,5,1999-05-01,month,,,missing,Assam,,3.0,,,,,,,,,,,,,,,
HIST_FL_001096,HIST_FL_001096,HISTORICAL,FLOOD,1999,5,1999-05-01,month,,,missing,Assam,,2.0,,,,,,,,,,,,,,,
HIST_FL_001097,HIST_FL_001097,HISTORICAL,FLOOD,1999,5,1999-05-01,month,,,missing,Karnataka,,2.0,,1.0,,,,,,,,,,,,,
HIST_FL_001098,HIST_FL_001098,HISTORICAL,FLOOD,1999,5,1999-05-01,month,,,missing,Karnataka,,1.0,,,,,,,,,,,,,,,
HIST_FL_001099,HIST_FL_001099,HISTORICAL,FLOOD,1999,5,1999-05-01,month,,,missing,Karnataka,,1.0,,1.0,,,,,,,,,,,,,
HIST_FL_001100,HIST_FL_001100,HISTORICAL,FLOOD,1999,5,1999-05-01,month,,,missing,Karnataka,,1.0,,5.0,,,,,,,,,,,,,
HIST_FL_001101,HIST_FL_001101,HISTORICAL,FLOOD,1999,5,1999-05-01,month,,,missing,Karnataka,,1.0,,,,,,,,,,,,,,,
HIST_FL_001102,HIST_FL_001102,HISTORICAL,FLOOD,1999,5,1999-05-01,month,,,missing,Karnataka,,1.0,,1.0,,,,,,,,,,,,,
HIST_FL_001103,HIST_FL_001103,HISTORICAL,FLOOD,1999,5,1999-05-01,month,,,missing,Karnataka,,1.0,,2.0,,,,,,,,,,,,,
HIST_FL_001104,HIST_FL_001104,HISTORICAL,FLOOD,1999,5,1999-05-01,month,,,missing,Kerala,,4.0,,1.0,,,,,,,,,,,,,
HIST_FL_001105,HIST_FL_001105,HISTORICAL,FLOOD,1999,5,1999-05-01,month,,,missing,Tamil Nadu,,1.0,,3.0,,,,,,,,,,,,,
HIST_FL_001106,HIST_FL_001106,HISTORICAL,FLOOD,1999,6,1999-06-01,month,,,missing,Assam,,40.0,,14.0,,,,,,,,,,,,,
HIST_FL_001107,HIST_FL_001107,HISTORICAL,FLOOD,1999,6,1999-06-01,month,,,missing,Goa,,5.0,,2.0,,,,,,,,,,,,,
HIST_FL_001108,HIST_FL_001108,HISTORICAL,FLOOD,1999,6,1999-06-01,month,,,missing,Karnataka,,1.0,,5.0,,,,,,,,,,,,,
HIST_FL_001109,HIST_FL_001109,HISTORICAL,FLOOD,1999,6,1999-06-01,month,,,missing,Karnataka,,1.0,,,,,,,,,,,,,,,
HIST_FL_001110,HIST_FL_001110,HISTORICAL,FLOOD,1999,6,1999-06-01,month,,,missing,Kerala,,6.0,,18.0,,,,,,,,,,,,,
HIST_FL_001111,HIST_FL_001111,HISTORICAL,FLOOD,1999,6,1999-06-01,month,,,missing,Kerala,,5.0,,14.0,,,,,,,,,,,,,
HIST_FL_001112,HIST_FL_001112,HISTORICAL,FLOOD,1999,6,1999-06-01,month,,,missing,Madhya Pradesh,,1.0,,,,,,,,,,,,,,,
HIST_FL_001113,HIST_FL_001113,HISTORICAL,FLOOD,1999,6,1999-06-01,month,,,missing,Maharashtra,,7.0,,,,,,,,,,,,,,,
HIST_FL_001114,HIST_FL_001114,HISTORICAL,FLOOD,1999,6,1999-06-01,month,,,missing,Maharashtra,,1.0,,4.0,,,,,,,,,,,,,
HIST_FL_001115,HIST_FL_001115,HISTORICAL,FLOOD,1999,6,1999-06-01,month,,,missing,Maharashtra,,1.0,,2.0,,,,,,,,,,,,,
HIST_FL_001116,HIST_FL_001116,HISTORICAL,FLOOD,1999,6,1999-06-01,month,,,missing,Maharashtra,,1.0,,4.0,,,,,,,,,,,,,
HIST_FL_001117,HIST_FL_001117,HISTORICAL,FLOOD,1999,6,1999-06-01,month,,,missing,Maharashtra,,2.0,,21.0,,,,,,,,,,,,,
HIST_FL_001118,HIST_FL_001118,HISTORICAL,FLOOD,1999,6,1999-06-01,month,,,missing,Uttar Pradesh,,1.0,,,,,,,,,,,,,,,
HIST_FL_001119,HIST_FL_001119,HISTORICAL,FLOOD,1999,6,1999-06-01,month,,,missing,West Bengal,,1.0,,10.0,,,,,,,,,,,,,
HIST_FL_001120,HIST_FL_001120,HISTORICAL,FLOOD,1999,6,1999-06-01,month,,,missing,West Bengal,,1.0,,,,,,,,,,,,,,,
HIST_FL_001121,HIST_FL_001121,HISTORICAL,FLOOD,1999,6,1999-06-01,month,,,missing,West Bengal,,1.0,,13.0,,,,,,,,,,,,,
HIST_FL_001122,HIST_FL_001122,HISTORICAL,FLOOD,1999,6,1999-06-01,month,,,missing,West Bengal,,1.0,,,,,,,,,,,,,,,
HIST_FL_001123,HIST_FL_001123,HISTORICAL,FLOOD,1999,7,1999-07-01,month,,,missing,Arunachal Pradesh,,3.0,,,,,,,,,,,,,,,
HIST_FL_001124,HIST_FL_001124,HISTORICAL,FLOOD,1999,7,1999-07-01,month,,,missing,Bihar,,38.0,,216.0,,,,,,,,,,,,,
HIST_FL_001125,HIST_FL_001125,HISTORICAL,FLOOD,1999,7,1999-07-01,month,,,missing,Gujarat,,5.0,,4.0,,,,,,,,,,,,,
HIST_FL_001126,HIST_FL_001126,HISTORICAL,FLOOD,1999,7,1999-07-01,month,,,missing,Gujarat,,7.0,,1.0,,,,,,,,,,,,,
HIST_FL_001127,HIST_FL_001127,HISTORICAL,FLOOD,1999,7,1999-07-01,month,,,missing,Himachal Pradesh,,1.0,,,,,,,,,,,,,,,
HIST_FL_001128,HIST_FL_001128,HISTORICAL,FLOOD,1999,7,1999-07-01,month,,,missing,Jammu and Kashmir,,1.0,,,,,,,,,,,,,,,
HIST_FL_001129,HIST_FL_001129,HISTORICAL,FLOOD,1999,7,1999-07-01,month,,,missing,Karnataka,,13.0,,122.0,,,,,,,,,,,,,
HIST_FL_001130,HIST_FL_001130,HISTORICAL,FLOOD,1999,7,1999-07-01,month,,,missing,Kerala,,15.0,,19.0,,,,,,,,,,,,,
HIST_FL_001131,HIST_FL_001131,HISTORICAL,FLOOD,1999,7,1999-07-01,month,,,missing,Madhya Pradesh,,1.0,,6.0,,,,,,,,,,,,,
HIST_FL_001132,HIST_FL_001132,HISTORICAL,FLOOD,1999,7,1999-07-01,month,,,missing,Madhya Pradesh,,3.0,,,,,,,,,,,,,,,
HIST_FL_001133,HIST_FL_001133,HISTORICAL,FLOOD,1999,7,1999-07-01,month,,,missing,Maharashtra,,7.0,,22.0,,,,,,,,,,,,,
HIST_FL_001134,HIST_FL_001134,HISTORICAL,FLOOD,1999,7,1999-07-01,month,,,missing,Mizoram,,1.0,,,,,,,,,,,,,,,
HIST_FL_001135,HIST_FL_001135,HISTORICAL,FLOOD,1999,7,1999-07-01,month,,,missing,Odisha,,17.0,,14.0,,,,,,,,,,,,,
HIST_FL_001136,HIST_FL_001136,HISTORICAL,FLOOD,1999,7,1999-07-01,month,,,missing,Rajasthan,,4.0,,35.0,,,,,,,,,,,,,
HIST_FL_001137,HIST_FL_001137,HISTORICAL,FLOOD,1999,7,1999-07-01,month,,,missing,Rajasthan,,2.0,,7.0,,,,,,,,,,,,,
HIST_FL_001138,HIST_FL_001138,HISTORICAL,FLOOD,1999,7,1999-07-01,month,,,missing,Uttar Pradesh,,4.0,,1.0,,,,,,,,,,,,,
HIST_FL_001139,HIST_FL_001139,HISTORICAL,FLOOD,1999,7,1999-07-01,month,,,missing,West Bengal,,1.0,,,,,,,,,,,,,,,
HIST_FL_001140,HIST_FL_001140,HISTORICAL,FLOOD,1999,7,1999-07-01,month,,,missing,West Bengal,,1.0,,,,,,,,,,,,,,,
HIST_FL_001141,HIST_FL_001141,HISTORICAL,FLOOD,1999,8,1999-08-01,month,,,missing,Assam,,12.0,,2.0,,,,,,,,,,,,,
HIST_FL_001142,HIST_FL_001142,HISTORICAL,FLOOD,1999,8,1999-08-01,month,,,missing,Gujarat,,31.0,,46.0,,,,,,,,,,,,,
HIST_FL_001143,HIST_FL_001143,HISTORICAL,FLOOD,1999,8,1999-08-01,month,,,missing,Himachal Pradesh,,2.0,,10.0,,,,,,,,,,,,,
HIST_FL_001144,HIST_FL_001144,HISTORICAL,FLOOD,1999,8,1999-08-01,month,,,missing,Himachal Pradesh,,2.0,,,,,,,,,,,,,,,
HIST_FL_001145,HIST_FL_001145,HISTORICAL,FLOOD,1999,8,1999-08-01,month,,,missing,Himachal Pradesh,,1.0,,,,,,,,,,,,,,,
HIST_FL_001146,HIST_FL_001146,HISTORICAL,FLOOD,1999,8,1999-08-01,month,,,missing,Karnataka,,2.0,,2.0,,,,,,,,,,,,,
HIST_FL_001147,HIST_FL_001147,HISTORICAL,FLOOD,1999,8,1999-08-01,month,,,missing,Kerala,,1.0,,3.0,,,,,,,,,,,,,
HIST_FL_001148,HIST_FL_001148,HISTORICAL,FLOOD,1999,8,1999-08-01,month,,,missing,Madhya Pradesh,,7.0,,3.0,,,,,,,,,,,,,
HIST_FL_001149,HIST_FL_001149,HISTORICAL,FLOOD,1999,8,1999-08-01,month,,,missing,Maharashtra,,2.0,,,,,,,,,,,,,,,
HIST_FL_001150,HIST_FL_001150,HISTORICAL,FLOOD,1999,8,1999-08-01,month,,,missing,Maharashtra,,1.0,,55.0,,,,,,,,,,,,,
HIST_FL_001151,HIST_FL_001151,HISTORICAL,FLOOD,1999,8,1999-08-01,month,,,missing,Rajasthan,,2.0,,1.0,,,,,,,,,,,,,
HIST_FL_001152,HIST_FL_001152,HISTORICAL,FLOOD,1999,8,1999-08-01,month,,,missing,Rajasthan,,3.0,,2.0,,,,,,,,,,,,,
HIST_FL_001153,HIST_FL_001153,HISTORICAL,FLOOD,1999,8,1999-08-01,month,,,missing,Uttar Pradesh,,2.0,,86.0,,,,,,,,,,,,,
HIST_FL_001154,HIST_FL_001154,HISTORICAL,FLOOD,1999,8,1999-08-01,month,,,missing,West Bengal,,7.0,,33.0,,,,,,,,,,,,,
HIST_FL_001155,HIST_FL_001155,HISTORICAL,FLOOD,1999,8,1999-08-01,month,,,missing,West Bengal,,1.0,,,,,,,,,,,,,,,
HIST_FL_001156,HIST_FL_001156,HISTORICAL,FLOOD,1999,8,1999-08-01,month,,,missing,West Bengal,,1.0,,,,,,,,,,,,,,,
HIST_FL_001157,HIST_FL_001157,HISTORICAL,FLOOD,1999,8,1999-08-01,month,,,missing,West Bengal,,1.0,,,,,,,,,,,,,,,
HIST_FL_001158,HIST_FL_001158,HISTORICAL,FLOOD,1999,8,1999-08-01,month,,,missing,West Bengal,,1.0,,,,,,,,,,,,,,,
HIST_FL_001159,HIST_FL_001159,HISTORICAL,FLOOD,1999,8,1999-08-01,month,,,missing,West Bengal,,1.0,,2.0,,,,,,,,,,,,,
HIST_FL_001160,HIST_FL_001160,HISTORICAL,FLOOD,1999,9,1999-09-01,month,,,missing,Assam,,2.0,,1.0,,,,,,,,,,,,,
HIST_FL_001161,HIST_FL_001161,HISTORICAL,FLOOD,1999,9,1999-09-01,month,,,missing,Bihar,,8.0,,69.0,,,,,,,,,,,,,
HIST_FL_001162,HIST_FL_001162,HISTORICAL,FLOOD,1999,9,1999-09-01,month,,,missing,Himachal Pradesh,,1.0,,,,,,,,,,,,,,,
HIST_FL_001163,HIST_FL_001163,HISTORICAL,FLOOD,1999,9,1999-09-01,month,,,missing,Himachal Pradesh,,1.0,,1.0,,,,,,,,,,,,,
HIST_FL_001164,HIST_FL_001164,HISTORICAL,FLOOD,1999,9,1999-09-01,month,,,missing,Madhya Pradesh,,6.0,,27.0,,,,,,,,,,,,,
HIST_FL_001165,HIST_FL_001165,HISTORICAL,FLOOD,1999,9,1999-09-01,month,,,missing,Maharashtra,,4.0,,3.0,,,,,,,,,,,,,
HIST_FL_001166,HIST_FL_001166,HISTORICAL,FLOOD,1999,9,1999-09-01,month,,,missing,Manipur,,3.0,,12.0,,,,,,,,,,,,,
HIST_FL_001167,HIST_FL_001167,HISTORICAL,FLOOD,1999,9,1999-09-01,month,,,missing,Nagaland,,3.0,,,,,,,,,,,,,,,
HIST_FL_001168,HIST_FL_001168,HISTORICAL,FLOOD,1999,9,1999-09-01,month,,,missing,West Bengal,,7.0,,4.0,,,,,,,,,,,,,
HIST_FL_001169,HIST_FL_001169,HISTORICAL,FLOOD,1999,9,1999-09-01,month,,,missing,West Bengal,,1.0,,,,,,,,,,,,,,,
HIST_FL_001170,HIST_FL_001170,HISTORICAL,FLOOD,1999,9,1999-09-01,month,,,missing,West Bengal,,5.0,,79.0,,,,,,,,,,,,,
HIST_FL_001171,HIST_FL_001171,HISTORICAL,FLOOD,1999,10,1999-10-01,month,,,missing,Andhra Pradesh,,3.0,,5.0,,,,,,,,,,,,,
HIST_FL_001172,HIST_FL_001172,HISTORICAL,FLOOD,1999,10,1999-10-01,month,,,missing,Assam,,3.0,,,,,,,,,,,,,,,
HIST_FL_001173,HIST_FL_001173,HISTORICAL,FLOOD,1999,10,1999-10-01,month,,,missing,Karnataka,,2.0,,11.0,,,,,,,,,,,,,
HIST_FL_001174,HIST_FL_001174,HISTORICAL,FLOOD,1999,10,1999-10-01,month,,,missing,Karnataka,,1.0,,2.0,,,,,,,,,,,,,
HIST_FL_001175,HIST_FL_001175,HISTORICAL,FLOOD,1999,10,1999-10-01,month,,,missing,Karnataka,,1.0,,1.0,,,,,,,,,,,,,
HIST_FL_001176,HIST_FL_001176,HISTORICAL,FLOOD,1999,10,1999-10-01,month,,,missing,Karnataka,,1.0,,,,,,,,,,,,,,,
HIST_FL_001177,HIST_FL_001177,HISTORICAL,FLOOD,1999,10,1999-10-01,month,,,missing,Karnataka,,1.0,,1.0,,,,,,,,,,,,,
HIST_FL_001178,HIST_FL_001178,HISTORICAL,FLOOD,1999,10,1999-10-01,month,,,missing,Karnataka,,1.0,,1.0,,,,,,,,,,,,,
HIST_FL_001179,HIST_FL_001179,HISTORICAL,FLOOD,1999,10,1999-10-01,month,,,missing,Karnataka,,1.0,,5.0,,,,,,,,,,,,,
HIST_FL_001180,HIST_FL_001180,HISTORICAL,FLOOD,1999,10,1999-10-01,month,,,missing,Karnataka,,1.0,,,,,,,,,,,,,,,
HIST_FL_001181,HIST_FL_001181,HISTORICAL,FLOOD,1999,10,1999-10-01,month,,,missing,Kerala,,1.0,,2.0,,,,,,,,,,,,,
HIST_FL_001182,HIST_FL_001182,HISTORICAL,FLOOD,1999,10,1999-10-01,month,,,missing,Kerala,,5.0,,21.0,,,,,,,,,,,,,
HIST_FL_001183,HIST_FL_001183,HISTORICAL,FLOOD,1999,10,1999-10-01,month,,,missing,Uttar Pradesh,,3.0,,9.0,,,,,,,,,,,,,
HIST_FL_001184,HIST_FL_001184,HISTORICAL,FLOOD,1999,10,1999-10-01,month,,,missing,West Bengal,,7.0,,,,,,,,,,,,,,,
HIST_FL_001185,HIST_FL_001185,HISTORICAL,FLOOD,1999,11,1999-11-01,month,,,missing,Tamil Nadu,,3.0,,17.0,,,,,,,,,,,,,
HIST_FL_001186,HIST_FL_001186,HISTORICAL,FLOOD,2000,2,2000-02-01,month,,,missing,Andhra Pradesh,,7.0,,,,,,,,,,,,,,,
HIST_FL_001187,HIST_FL_001187,HISTORICAL,FLOOD,2000,2,2000-02-01,month,,,missing,Tamil Nadu,,4.0,,6.0,,,,,,,,,,,,,
HIST_FL_001188,HIST_FL_001188,HISTORICAL,FLOOD,2000,4,2000-04-01,month,,,missing,Kerala,,1.0,,2.0,,,,,,,,,,,,,
HIST_FL_001189,HIST_FL_001189,HISTORICAL,FLOOD,2000,5,2000-05-01,month,,,missing,Assam,,1.0,,,,,,,,,,,,,,,
HIST_FL_001190,HIST_FL_001190,HISTORICAL,FLOOD,2000,5,2000-05-01,month,,,missing,Assam,,8.0,,3.0,,,,,,,,,,,,,
HIST_FL_001191,HIST_FL_001191,HISTORICAL,FLOOD,2000,5,2000-05-01,month,,,missing,Assam,,5.0,,,,,,,,,,,,,,,
HIST_FL_001192,HIST_FL_001192,HISTORICAL,FLOOD,2000,5,2000-05-01,month,,,missing,Assam,,3.0,,,,,,,,,,,,,,,
HIST_FL_001193,HIST_FL_001193,HISTORICAL,FLOOD,2000,5,2000-05-01,month,,,missing,Maharashtra,,1.0,,1.0,,,,,,,,,,,,,
HIST_FL_001194,HIST_FL_001194,HISTORICAL,FLOOD,2000,5,2000-05-01,month,,,missing,Mizoram,,1.0,,5.0,,,,,,,,,,,,,
HIST_FL_001195,HIST_FL_001195,HISTORICAL,FLOOD,2000,5,2000-05-01,month,,,missing,Uttar Pradesh,,3.0,,,,,,,,,,,,,,,
HIST_FL_001196,HIST_FL_001196,HISTORICAL,FLOOD,2000,6,2000-06-01,month,,,missing,Arunachal Pradesh,,6.0,,26.0,,,,,,,,,,,,,
HIST_FL_001197,HIST_FL_001197,HISTORICAL,FLOOD,2000,6,2000-06-01,month,,,missing,Arunachal Pradesh,,4.0,,,,,,,,,,,,,,,
HIST_FL_001198,HIST_FL_001198,HISTORICAL,FLOOD,2000,6,2000-06-01,month,,,missing,Assam,,1.0,,,,,,,,,,,,,,,
HIST_FL_001199,HIST_FL_001199,HISTORICAL,FLOOD,2000,6,2000-06-01,month,,,missing,Assam,,1.0,,,,,,,,,,,,,,,
HIST_FL_001200,HIST_FL_001200,HISTORICAL,FLOOD,2000,6,2000-06-01,month,,,missing,Assam,,2.0,,,,,,,,,,,,,,,
HIST_FL_001201,HIST_FL_001201,HISTORICAL,FLOOD,2000,6,2000-06-01,month,,,missing,Assam,,19.0,,8.0,,,,,,,,,,,,,
HIST_FL_001202,HIST_FL_001202,HISTORICAL,FLOOD,2000,6,2000-06-01,month,,,missing,Goa,,3.0,,,,,,,,,,,,,,,
HIST_FL_001203,HIST_FL_001203,HISTORICAL,FLOOD,2000,6,2000-06-01,month,,,missing,Haryana,,1.0,,9.0,,,,,,,,,,,,,
HIST_FL_001204,HIST_FL_001204,HISTORICAL,FLOOD,2000,6,2000-06-01,month,,,missing,Himachal Pradesh,,5.0,,12.0,,,,,,,,,,,,,
HIST_FL_001205,HIST_FL_001205,HISTORICAL,FLOOD,2000,6,2000-06-01,month,,,missing,Himachal Pradesh,,1.0,,2.0,,,,,,,,,,,,,
HIST_FL_001206,HIST_FL_001206,HISTORICAL,FLOOD,2000,6,2000-06-01,month,,,missing,Himachal Pradesh,,1.0,,,,,,,,,,,,,,,
HIST_FL_001207,HIST_FL_001207,HISTORICAL,FLOOD,2000,6,2000-06-01,month,,,missing,Karnataka,,3.0,,3.0,,,,,,,,,,,,,
HIST_FL_001208,HIST_FL_001208,HISTORICAL,FLOOD,2000,6,2000-06-01,month,,,missing,Karnataka,,1.0,,,,,,,,,,,,,,,
HIST_FL_001209,HIST_FL_001209,HISTORICAL,FLOOD,2000,6,2000-06-01,month,,,missing,Karnataka,,3.0,,5.0,,,,,,,,,,,,,
HIST_FL_001210,HIST_FL_001210,HISTORICAL,FLOOD,2000,6,2000-06-01,month,,,missing,Karnataka,,2.0,,,,,,,,,,,,,,,
HIST_FL_001211,HIST_FL_001211,HISTORICAL,FLOOD,2000,6,2000-06-01,month,,,missing,Kerala,,7.0,,,,,,,,,,,,,,,
HIST_FL_001212,HIST_FL_001212,HISTORICAL,FLOOD,2000,6,2000-06-01,month,,,missing,Kerala,,1.0,,,,,,,,,,,,,,,
HIST_FL_001213,HIST_FL_001213,HISTORICAL,FLOOD,2000,6,2000-06-01,month,,,missing,Maharashtra,,2.0,,,,,,,,,,,,,,,
HIST_FL_001214,HIST_FL_001214,HISTORICAL,FLOOD,2000,6,2000-06-01,month,,,missing,Maharashtra,,2.0,,9.0,,,,,,,,,,,,,
HIST_FL_001215,HIST_FL_001215,HISTORICAL,FLOOD,2000,6,2000-06-01,month,,,missing,Maharashtra,,1.0,,7.0,,,,,,,,,,,,,
HIST_FL_001216,HIST_FL_001216,HISTORICAL,FLOOD,2000,6,2000-06-01,month,,,missing,Maharashtra,,1.0,,4.0,,,,,,,,,,,,,
HIST_FL_001217,HIST_FL_001217,HISTORICAL,FLOOD,2000,6,2000-06-01,month,,,missing,Maharashtra,,1.0,,2.0,,,,,,,,,,,,,
HIST_FL_001218,HIST_FL_001218,HISTORICAL,FLOOD,2000,6,2000-06-01,month,,,missing,Maharashtra,,1.0,,1.0,,,,,,,,,,,,,
HIST_FL_001219,HIST_FL_001219,HISTORICAL,FLOOD,2000,6,2000-06-01,month,,,missing,Tamil Nadu,,1.0,,1.0,,,,,,,,,,,,,
HIST_FL_001220,HIST_FL_001220,HISTORICAL,FLOOD,2000,6,2000-06-01,month,,,missing,Uttar Pradesh,,7.0,,90.0,,,,,,,,,,,,,
HIST_FL_001221,HIST_FL_001221,HISTORICAL,FLOOD,2000,7,2000-07-01,month,,,missing,Andhra Pradesh,,4.0,,37.0,,,,,,,,,,,,,
HIST_FL_001222,HIST_FL_001222,HISTORICAL,FLOOD,2000,7,2000-07-01,month,,,missing,Assam,,7.0,,13.0,,,,,,,,,,,,,
HIST_FL_001223,HIST_FL_001223,HISTORICAL,FLOOD,2000,7,2000-07-01,month,,,missing,Assam,,7.0,,14.0,,,,,,,,,,,,,
HIST_FL_001224,HIST_FL_001224,HISTORICAL,FLOOD,2000,7,2000-07-01,month,,,missing,Assam,,2.0,,,,,,,,,,,,,,,
HIST_FL_001225,HIST_FL_001225,HISTORICAL,FLOOD,2000,7,2000-07-01,month,,,missing,Gujarat,,4.0,,84.0,,,,,,,,,,,,,
HIST_FL_001226,HIST_FL_001226,HISTORICAL,FLOOD,2000,7,2000-07-01,month,,,missing,Haryana,,3.0,,2.0,,,,,,,,,,,,,
HIST_FL_001227,HIST_FL_001227,HISTORICAL,FLOOD,2000,7,2000-07-01,month,,,missing,Himachal Pradesh,,5.0,,25.0,,,,,,,,,,,,,
HIST_FL_001228,HIST_FL_001228,HISTORICAL,FLOOD,2000,7,2000-07-01,month,,,missing,Himachal Pradesh,,8.0,,151.0,,,,,,,,,,,,,
HIST_FL_001229,HIST_FL_001229,HISTORICAL,FLOOD,2000,7,2000-07-01,month,,,missing,Jammu and Kashmir,,2.0,,,,,,,,,,,,,,,
HIST_FL_001230,HIST_FL_001230,HISTORICAL,FLOOD,2000,7,2000-07-01,month,,,missing,Karnataka,,1.0,,3.0,,,,,,,,,,,,,
HIST_FL_001231,HIST_FL_001231,HISTORICAL,FLOOD,2000,7,2000-07-01,month,,,missing,Karnataka,,2.0,,,,,,,,,,,,,,,
HIST_FL_001232,HIST_FL_001232,HISTORICAL,FLOOD,2000,7,2000-07-01,month,,,missing,Karnataka,,4.0,,,,,,,,,,,,,,,
HIST_FL_001233,HIST_FL_001233,HISTORICAL,FLOOD,2000,7,2000-07-01,month,,,missing,Karnataka,,2.0,,,,,,,,,,,,,,,
HIST_FL_001234,HIST_FL_001234,HISTORICAL,FLOOD,2000,7,2000-07-01,month,,,missing,Karnataka,,4.0,,,,,,,,,,,,,,,
HIST_FL_001235,HIST_FL_001235,HISTORICAL,FLOOD,2000,7,2000-07-01,month,,,missing,Karnataka,,1.0,,,,,,,,,,,,,,,
HIST_FL_001236,HIST_FL_001236,HISTORICAL,FLOOD,2000,7,2000-07-01,month,,,missing,Kerala,,1.0,,1.0,,,,,,,,,,,,,
HIST_FL_001237,HIST_FL_001237,HISTORICAL,FLOOD,2000,7,2000-07-01,month,,,missing,Kerala,,4.0,,63.0,,,,,,,,,,,,,
HIST_FL_001238,HIST_FL_001238,HISTORICAL,FLOOD,2000,7,2000-07-01,month,,,missing,Madhya Pradesh,,3.0,,5.0,,,,,,,,,,,,,
HIST_FL_001239,HIST_FL_001239,HISTORICAL,FLOOD,2000,7,2000-07-01,month,,,missing,Madhya Pradesh,,1.0,,1.0,,,,,,,,,,,,,
HIST_FL_001240,HIST_FL_001240,HISTORICAL,FLOOD,2000,7,2000-07-01,month,,,missing,Madhya Pradesh,,2.0,,,,,,,,,,,,,,,
HIST_FL_001241,HIST_FL_001241,HISTORICAL,FLOOD,2000,7,2000-07-01,month,,,missing,Madhya Pradesh,,2.0,,6.0,,,,,,,,,,,,,
HIST_FL_001242,HIST_FL_001242,HISTORICAL,FLOOD,2000,7,2000-07-01,month,,,missing,Maharashtra,,1.0,,2.0,,,,,,,,,,,,,
HIST_FL_001243,HIST_FL_001243,HISTORICAL,FLOOD,2000,7,2000-07-01,month,,,missing,Maharashtra,,1.0,,20.0,,,,,,,,,,,,,
HIST_FL_001244,HIST_FL_001244,HISTORICAL,FLOOD,2000,7,2000-07-01,month,,,missing,Maharashtra,,1.0,,,,,,,,,,,,,,,
HIST_FL_001245,HIST_FL_001245,HISTORICAL,FLOOD,2000,7,2000-07-01,month,,,missing,Maharashtra,,1.0,,66.0,,,,,,,,,,,,,
HIST_FL_001246,HIST_FL_001246,HISTORICAL,FLOOD,2000,7,2000-07-01,month,,,missing,Maharashtra,,1.0,,9.0,,,,,,,,,,,,,
HIST_FL_001247,HIST_FL_001247,HISTORICAL,FLOOD,2000,7,2000-07-01,month,,,missing,Maharashtra,,1.0,,,,,,,,,,,,,,,
HIST_FL_001248,HIST_FL_001248,HISTORICAL,FLOOD,2000,7,2000-07-01,month,,,missing,Maharashtra,,1.0,,,,,,,,,,,,,,,
HIST_FL_001249,HIST_FL_001249,HISTORICAL,FLOOD,2000,7,2000-07-01,month,,,missing,Maharashtra,,1.0,,,,,,,,,,,,,,,
HIST_FL_001250,HIST_FL_001250,HISTORICAL,FLOOD,2000,7,2000-07-01,month,,,missing,Maharashtra,,5.0,,15.0,,,,,,,,,,,,,
HIST_FL_001251,HIST_FL_001251,HISTORICAL,FLOOD,2000,7,2000-07-01,month,,,missing,Maharashtra,,1.0,,1.0,,,,,,,,,,,,,
HIST_FL_001252,HIST_FL_001252,HISTORICAL,FLOOD,2000,7,2000-07-01,month,,,missing,Punjab,,1.0,,1.0,,,,,,,,,,,,,
HIST_FL_001253,HIST_FL_001253,HISTORICAL,FLOOD,2000,7,2000-07-01,month,,,missing,Punjab,,7.0,,1.0,,,,,,,,,,,,,
HIST_FL_001254,HIST_FL_001254,HISTORICAL,FLOOD,2000,7,2000-07-01,month,,,missing,Punjab,,1.0,,1.0,,,,,,,,,,,,,
HIST_FL_001255,HIST_FL_001255,HISTORICAL,FLOOD,2000,7,2000-07-01,month,,,missing,Rajasthan,,3.0,,26.0,,,,,,,,,,,,,
HIST_FL_001256,HIST_FL_001256,HISTORICAL,FLOOD,2000,7,2000-07-01,month,,,missing,Rajasthan,,3.0,,2.0,,,,,,,,,,,,,
HIST_FL_001257,HIST_FL_001257,HISTORICAL,FLOOD,2000,7,2000-07-01,month,,,missing,Uttar Pradesh,,1.0,,,,,,,,,,,,,,,
HIST_FL_001258,HIST_FL_001258,HISTORICAL,FLOOD,2000,7,2000-07-01,month,,,missing,Uttar Pradesh,,1.0,,,,,,,,,,,,,,,
HIST_FL_001259,HIST_FL_001259,HISTORICAL,FLOOD,2000,7,2000-07-01,month,,,missing,Uttar Pradesh,,3.0,,1.0,,,,,,,,,,,,,
HIST_FL_001260,HIST_FL_001260,HISTORICAL,FLOOD,2000,7,2000-07-01,month,,,missing,Uttar Pradesh,,1.0,,8.0,,,,,,,,,,,,,
HIST_FL_001261,HIST_FL_001261,HISTORICAL,FLOOD,2000,8,2000-08-01,month,,,missing,Andhra Pradesh,,2.0,,9.0,,,,,,,,,,,,,
HIST_FL_001262,HIST_FL_001262,HISTORICAL,FLOOD,2000,8,2000-08-01,month,,,missing,Andhra Pradesh,,2.0,,131.0,,,,,,,,,,,,,
HIST_FL_001263,HIST_FL_001263,HISTORICAL,FLOOD,2000,8,2000-08-01,month,,,missing,Arunachal Pradesh,,3.0,,7.0,,,,,,,,,,,,,
HIST_FL_001264,HIST_FL_001264,HISTORICAL,FLOOD,2000,8,2000-08-01,month,,,missing,Assam,,21.0,,31.0,,,,,,,,,,,,,
HIST_FL_001265,HIST_FL_001265,HISTORICAL,FLOOD,2000,8,2000-08-01,month,,,missing,Bihar,,21.0,,48.0,,,,,,,,,,,,,
HIST_FL_001266,HIST_FL_001266,HISTORICAL,FLOOD,2000,8,2000-08-01,month,,,missing,Himachal Pradesh,,1.0,,,,,,,,,,,,,,,
HIST_FL_001267,HIST_FL_001267,HISTORICAL,FLOOD,2000,8,2000-08-01,month,,,missing,Himachal Pradesh,,1.0,,2.0,,,,,,,,,,,,,
HIST_FL_001268,HIST_FL_001268,HISTORICAL,FLOOD,2000,8,2000-08-01,month,,,missing,Karnataka,,1.0,,1.0,,,,,,,,,,,,,
HIST_FL_001269,HIST_FL_001269,HISTORICAL,FLOOD,2000,8,2000-08-01,month,,,missing,Karnataka,,1.0,,,,,,,,,,,,,,,
HIST_FL_001270,HIST_FL_001270,HISTORICAL,FLOOD,2000,8,2000-08-01,month,,,missing,Karnataka,,4.0,,1.0,,,,,,,,,,,,,
HIST_FL_001271,HIST_FL_001271,HISTORICAL,FLOOD,2000,8,2000-08-01,month,,,missing,Karnataka,,1.0,,,,,,,,,,,,,,,
HIST_FL_001272,HIST_FL_001272,HISTORICAL,FLOOD,2000,8,2000-08-01,month,,,missing,Karnataka,,2.0,,,,,,,,,,,,,,,
HIST_FL_001273,HIST_FL_001273,HISTORICAL,FLOOD,2000,8,2000-08-01,month,,,missing,Karnataka,,2.0,,1.0,,,,,,,,,,,,,
HIST_FL_001274,HIST_FL_001274,HISTORICAL,FLOOD,2000,8,2000-08-01,month,,,missing,Karnataka,,1.0,,,,,,,,,,,,,,,
HIST_FL_001275,HIST_FL_001275,HISTORICAL,FLOOD,2000,8,2000-08-01,month,,,missing,Karnataka,,3.0,,,,,,,,,,,,,,,
HIST_FL_001276,HIST_FL_001276,HISTORICAL,FLOOD,2000,8,2000-08-01,month,,,missing,Kerala,,1.0,,,,,,,,,,,,,,,
HIST_FL_001277,HIST_FL_001277,HISTORICAL,FLOOD,2000,8,2000-08-01,month,,,missing,Kerala,,7.0,,37.0,,,,,,,,,,,,,
HIST_FL_001278,HIST_FL_001278,HISTORICAL,FLOOD,2000,8,2000-08-01,month,,,missing,Maharashtra,,7.0,,9.0,,,,,,,,,,,,,
HIST_FL_001279,HIST_FL_001279,HISTORICAL,FLOOD,2000,8,2000-08-01,month,,,missing,Meghalaya,,1.0,,,,,,,,,,,,,,,
HIST_FL_001280,HIST_FL_001280,HISTORICAL,FLOOD,2000,8,2000-08-01,month,,,missing,Mizoram,,1.0,,,,,,,,,,,,,,,
HIST_FL_001281,HIST_FL_001281,HISTORICAL,FLOOD,2000,8,2000-08-01,month,,,missing,Nagaland,,1.0,,,,,,,,,,,,,,,
HIST_FL_001282,HIST_FL_001282,HISTORICAL,FLOOD,2000,8,2000-08-01,month,,,missing,Rajasthan,,1.0,,,,,,,,,,,,,,,
HIST_FL_001283,HIST_FL_001283,HISTORICAL,FLOOD,2000,8,2000-08-01,month,,,missing,Sikkim,,1.0,,5.0,,,,,,,,,,,,,
HIST_FL_001284,HIST_FL_001284,HISTORICAL,FLOOD,2000,8,2000-08-01,month,,,missing,Uttar Pradesh,,1.0,,,,,,,,,,,,,,,
HIST_FL_001285,HIST_FL_001285,HISTORICAL,FLOOD,2000,8,2000-08-01,month,,,missing,Uttar Pradesh,,1.0,,62.0,,,,,,,,,,,,,
HIST_FL_001286,HIST_FL_001286,HISTORICAL,FLOOD,2000,8,2000-08-01,month,,,missing,Uttar Pradesh,,1.0,,7.0,,,,,,,,,,,,,
HIST_FL_001287,HIST_FL_001287,HISTORICAL,FLOOD,2000,8,2000-08-01,month,,,missing,Uttar Pradesh,,2.0,,33.0,,,,,,,,,,,,,
HIST_FL_001288,HIST_FL_001288,HISTORICAL,FLOOD,2000,8,2000-08-01,month,,,missing,West Bengal,,1.0,,9.0,,,,,,,,,,,,,
HIST_FL_001289,HIST_FL_001289,HISTORICAL,FLOOD,2000,8,2000-08-01,month,,,missing,West Bengal,,1.0,,,,,,,,,,,,,,,
HIST_FL_001290,HIST_FL_001290,HISTORICAL,FLOOD,2000,9,2000-09-01,month,,,missing,Himachal Pradesh,,4.0,,,,,,,,,,,,,,,
HIST_FL_001291,HIST_FL_001291,HISTORICAL,FLOOD,2000,9,2000-09-01,month,,,missing,Karnataka,,1.0,,,,,,,,,,,,,,,
HIST_FL_001292,HIST_FL_001292,HISTORICAL,FLOOD,2000,9,2000-09-01,month,,,missing,Karnataka,,1.0,,2.0,,,,,,,,,,,,,
HIST_FL_001293,HIST_FL_001293,HISTORICAL,FLOOD,2000,9,2000-09-01,month,,,missing,Karnataka,,3.0,,1.0,,,,,,,,,,,,,
HIST_FL_001294,HIST_FL_001294,HISTORICAL,FLOOD,2000,9,2000-09-01,month,,,missing,Maharashtra,,1.0,,,,,,,,,,,,,,,
HIST_FL_001295,HIST_FL_001295,HISTORICAL,FLOOD,2000,9,2000-09-01,month,,,missing,Maharashtra,,1.0,,1.0,,,,,,,,,,,,,
HIST_FL_001296,HIST_FL_001296,HISTORICAL,FLOOD,2000,9,2000-09-01,month,,,missing,Manipur,,3.0,,,,,,,,,,,,,,,
HIST_FL_001297,HIST_FL_001297,HISTORICAL,FLOOD,2000,9,2000-09-01,month,,,missing,Manipur,,1.0,,,,,,,,,,,,,,,
HIST_FL_001298,HIST_FL_001298,HISTORICAL,FLOOD,2000,9,2000-09-01,month,,,missing,Meghalaya,,1.0,,,,,,,,,,,,,,,
HIST_FL_001299,HIST_FL_001299,HISTORICAL,FLOOD,2000,9,2000-09-01,month,,,missing,Rajasthan,,1.0,,,,,,,,,,,,,,,
HIST_FL_001300,HIST_FL_001300,HISTORICAL,FLOOD,2000,9,2000-09-01,month,,,missing,Uttar Pradesh,,7.0,,24.0,,,,,,,,,,,,,
HIST_FL_001301,HIST_FL_001301,HISTORICAL,FLOOD,2000,9,2000-09-01,month,,,missing,West Bengal,,7.0,,,,,,,,,,,,,,,
HIST_FL_001302,HIST_FL_001302,HISTORICAL,FLOOD,2000,9,2000-09-01,month,,,missing,West Bengal,,30.0,,1258.0,,,,,,,,,,,,,
HIST_FL_001303,HIST_FL_001303,HISTORICAL,FLOOD,2000,10,2000-10-01,month,,,missing,Assam,,1.0,,6.0,,,,,,,,,,,,,
HIST_FL_001304,HIST_FL_001304,HISTORICAL,FLOOD,2000,10,2000-10-01,month,,,missing,Karnataka,,1.0,,,,,,,,,,,,,,,
HIST_FL_001305,HIST_FL_001305,HISTORICAL,FLOOD,2000,10,2000-10-01,month,,,missing,Karnataka,,1.0,,4.0,,,,,,,,,,,,,
HIST_FL_001306,HIST_FL_001306,HISTORICAL,FLOOD,2000,10,2000-10-01,month,,,missing,Karnataka,,1.0,,2.0,,,,,,,,,,,,,
HIST_FL_001307,HIST_FL_001307,HISTORICAL,FLOOD,2000,10,2000-10-01,month,,,missing,Karnataka,,1.0,,,,,,,,,,,,,,,
HIST_FL_001308,HIST_FL_001308,HISTORICAL,FLOOD,2000,10,2000-10-01,month,,,missing,Karnataka,,1.0,,1.0,,,,,,,,,,,,,
HIST_FL_001309,HIST_FL_001309,HISTORICAL,FLOOD,2000,10,2000-10-01,month,,,missing,Karnataka,,1.0,,1.0,,,,,,,,,,,,,
HIST_FL_001310,HIST_FL_001310,HISTORICAL,FLOOD,2000,10,2000-10-01,month,,,missing,Meghalaya,,2.0,,,,,,,,,,,,,,,
HIST_FL_001311,HIST_FL_001311,HISTORICAL,FLOOD,2000,10,2000-10-01,month,,,missing,West Bengal,,7.0,,,,,,,,,,,,,,,
HIST_FL_001312,HIST_FL_001312,HISTORICAL,FLOOD,2001,4,2001-04-01,month,,,missing,Karnataka,,1.0,,5.0,,,,,,,,,,,,,
HIST_FL_001313,HIST_FL_001313,HISTORICAL,FLOOD,2001,4,2001-04-01,month,,,missing,Karnataka,,1.0,,,,,,,,,,,,,,,
HIST_FL_001314,HIST_FL_001314,HISTORICAL,FLOOD,2001,4,2001-04-01,month,,,missing,Kerala,,1.0,,,,,,,,,,,,,,,
HIST_FL_001315,HIST_FL_001315,HISTORICAL,FLOOD,2001,5,2001-05-01,month,,,missing,Assam,,1.0,,,,,,,,,,,,,,,
HIST_FL_001316,HIST_FL_001316,HISTORICAL,FLOOD,2001,5,2001-05-01,month,,,missing,Kerala,,1.0,,,,,,,,,,,,,,,
HIST_FL_001317,HIST_FL_001317,HISTORICAL,FLOOD,2001,6,2001-06-01,month,,,missing,Assam,,1.0,,5.0,,,,,,,,,,,,,
HIST_FL_001318,HIST_FL_001318,HISTORICAL,FLOOD,2001,6,2001-06-01,month,,,missing,Assam,,14.0,,12.0,,,,,,,,,,,,,
HIST_FL_001319,HIST_FL_001319,HISTORICAL,FLOOD,2001,6,2001-06-01,month,,,missing,Chhattisgarh,,1.0,,5.0,,,,,,,,,,,,,
HIST_FL_001320,HIST_FL_001320,HISTORICAL,FLOOD,2001,6,2001-06-01,month,,,missing,Gujarat,,1.0,,,,,,,,,,,,,,,
HIST_FL_001321,HIST_FL_001321,HISTORICAL,FLOOD,2001,6,2001-06-01,month,,,missing,Gujarat,,1.0,,,,,,,,,,,,,,,
HIST_FL_001322,HIST_FL_001322,HISTORICAL,FLOOD,2001,6,2001-06-01,month,,,missing,Gujarat,,1.0,,,,,,,,,,,,,,,
HIST_FL_001323,HIST_FL_001323,HISTORICAL,FLOOD,2001,6,2001-06-01,month,,,missing,Gujarat,,1.0,,,,,,,,,,,,,,,
HIST_FL_001324,HIST_FL_001324,HISTORICAL,FLOOD,2001,6,2001-06-01,month,,,missing,Gujarat,,1.0,,1.0,,,,,,,,,,,,,
HIST_FL_001325,HIST_FL_001325,HISTORICAL,FLOOD,2001,6,2001-06-01,month,,,missing,Himachal Pradesh,,2.0,,,,,,,,,,,,,,,
HIST_FL_001326,HIST_FL_001326,HISTORICAL,FLOOD,2001,6,2001-06-01,month,,,missing,Himachal Pradesh,,1.0,,,,,,,,,,,,,,,
HIST_FL_001327,HIST_FL_001327,HISTORICAL,FLOOD,2001,6,2001-06-01,month,,,missing,Himachal Pradesh,,2.0,,,,,,,,,,,,,,,
HIST_FL_001328,HIST_FL_001328,HISTORICAL,FLOOD,2001,6,2001-06-01,month,,,missing,Karnataka,,7.0,,,,,,,,,,,,,,,
HIST_FL_001329,HIST_FL_001329,HISTORICAL,FLOOD,2001,6,2001-06-01,month,,,missing,Kerala,,1.0,,1.0,,,,,,,,,,,,,
HIST_FL_001330,HIST_FL_001330,HISTORICAL,FLOOD,2001,6,2001-06-01,month,,,missing,Kerala,,7.0,,5.0,,,,,,,,,,,,,
HIST_FL_001331,HIST_FL_001331,HISTORICAL,FLOOD,2001,6,2001-06-01,month,,,missing,Madhya Pradesh,,1.0,,5.0,,,,,,,,,,,,,
HIST_FL_001332,HIST_FL_001332,HISTORICAL,FLOOD,2001,6,2001-06-01,month,,,missing,Maharashtra,,1.0,,,,,,,,,,,,,,,
HIST_FL_001333,HIST_FL_001333,HISTORICAL,FLOOD,2001,6,2001-06-01,month,,,missing,Maharashtra,,2.0,,17.0,,,,,,,,,,,,,
HIST_FL_001334,HIST_FL_001334,HISTORICAL,FLOOD,2001,6,2001-06-01,month,,,missing,Maharashtra,,3.0,,8.0,,,,,,,,,,,,,
HIST_FL_001335,HIST_FL_001335,HISTORICAL,FLOOD,2001,6,2001-06-01,month,,,missing,Maharashtra,,3.0,,21.0,,,,,,,,,,,,,
HIST_FL_001336,HIST_FL_001336,HISTORICAL,FLOOD,2001,6,2001-06-01,month,,,missing,Maharashtra,,3.0,,,,,,,,,,,,,,,
HIST_FL_001337,HIST_FL_001337,HISTORICAL,FLOOD,2001,6,2001-06-01,month,,,missing,Maharashtra,,3.0,,6.0,,,,,,,,,,,,,
HIST_FL_001338,HIST_FL_001338,HISTORICAL,FLOOD,2001,6,2001-06-01,month,,,missing,Manipur,,2.0,,,,,,,,,,,,,,,
HIST_FL_001339,HIST_FL_001339,HISTORICAL,FLOOD,2001,6,2001-06-01,month,,,missing,Meghalaya,,1.0,,8.0,,,,,,,,,,,,,
HIST_FL_001340,HIST_FL_001340,HISTORICAL,FLOOD,2001,6,2001-06-01,month,,,missing,Rajasthan,,1.0,,1.0,,,,,,,,,,,,,
HIST_FL_001341,HIST_FL_001341,HISTORICAL,FLOOD,2001,6,2001-06-01,month,,,missing,Rajasthan,,3.0,,,,,,,,,,,,,,,
HIST_FL_001342,HIST_FL_001342,HISTORICAL,FLOOD,2001,6,2001-06-01,month,,,missing,Rajasthan,,3.0,,,,,,,,,,,,,,,
HIST_FL_001343,HIST_FL_001343,HISTORICAL,FLOOD,2001,6,2001-06-01,month,,,missing,Rajasthan,,3.0,,4.0,,,,,,,,,,,,,
HIST_FL_001344,HIST_FL_001344,HISTORICAL,FLOOD,2001,6,2001-06-01,month,,,missing,Tripura,,2.0,,,,,,,,,,,,,,,
HIST_FL_001345,HIST_FL_001345,HISTORICAL,FLOOD,2001,6,2001-06-01,month,,,missing,West Bengal,,1.0,,,,,,,,,,,,,,,
HIST_FL_001346,HIST_FL_001346,HISTORICAL,FLOOD,2001,6,2001-06-01,month,,,missing,West Bengal,,4.0,,,,,,,,,,,,,,,
HIST_FL_001347,HIST_FL_001347,HISTORICAL,FLOOD,2001,7,2001-07-01,month,,,missing,Arunachal Pradesh,,62.0,,5.0,,,,,,,,,,,,,
HIST_FL_001348,HIST_FL_001348,HISTORICAL,FLOOD,2001,7,2001-07-01,month,,,missing,Assam,,7.0,,,,,,,,,,,,,,,
HIST_FL_001349,HIST_FL_001349,HISTORICAL,FLOOD,2001,7,2001-07-01,month,,,missing,Assam,,24.0,,,,,,,,,,,,,,,
HIST_FL_001350,HIST_FL_001350,HISTORICAL,FLOOD,2001,7,2001-07-01,month,,,missing,Chhattisgarh,,1.0,,7.0,,,,,,,,,,,,,
HIST_FL_001351,HIST_FL_001351,HISTORICAL,FLOOD,2001,7,2001-07-01,month,,,missing,Chhattisgarh,,1.0,,40.0,,,,,,,,,,,,,
HIST_FL_001352,HIST_FL_001352,HISTORICAL,FLOOD,2001,7,2001-07-01,month,,,missing,Chhattisgarh,,1.0,,2.0,,,,,,,,,,,,,
HIST_FL_001353,HIST_FL_001353,HISTORICAL,FLOOD,2001,7,2001-07-01,month,,,missing,Chhattisgarh,,1.0,,5.0,,,,,,,,,,,,,
HIST_FL_001354,HIST_FL_001354,HISTORICAL,FLOOD,2001,7,2001-07-01,month,,,missing,Himachal Pradesh,,1.0,,,,,,,,,,,,,,,
HIST_FL_001355,HIST_FL_001355,HISTORICAL,FLOOD,2001,7,2001-07-01,month,,,missing,Himachal Pradesh,,1.0,,,,,,,,,,,,,,,
HIST_FL_001356,HIST_FL_001356,HISTORICAL,FLOOD,2001,7,2001-07-01,month,,,missing,Himachal Pradesh,,2.0,,27.0,,,,,,,,,,,,,
HIST_FL_001357,HIST_FL_001357,HISTORICAL,FLOOD,2001,7,2001-07-01,month,,,missing,Karnataka,,1.0,,,,,,,,,,,,,,,
HIST_FL_001358,HIST_FL_001358,HISTORICAL,FLOOD,2001,7,2001-07-01,month,,,missing,Karnataka,,1.0,,,,,,,,,,,,,,,
HIST_FL_001359,HIST_FL_001359,HISTORICAL,FLOOD,2001,7,2001-07-01,month,,,missing,Karnataka,,14.0,,2.0,,,,,,,,,,,,,
HIST_FL_001360,HIST_FL_001360,HISTORICAL,FLOOD,2001,7,2001-07-01,month,,,missing,Kerala,,7.0,,22.0,,,,,,,,,,,,,
HIST_FL_001361,HIST_FL_001361,HISTORICAL,FLOOD,2001,7,2001-07-01,month,,,missing,Madhya Pradesh,,1.0,,7.0,,,,,,,,,,,,,
HIST_FL_001362,HIST_FL_001362,HISTORICAL,FLOOD,2001,7,2001-07-01,month,,,missing,Madhya Pradesh,,1.0,,40.0,,,,,,,,,,,,,
HIST_FL_001363,HIST_FL_001363,HISTORICAL,FLOOD,2001,7,2001-07-01,month,,,missing,Madhya Pradesh,,1.0,,2.0,,,,,,,,,,,,,
HIST_FL_001364,HIST_FL_001364,HISTORICAL,FLOOD,2001,7,2001-07-01,month,,,missing,Madhya Pradesh,,1.0,,5.0,,,,,,,,,,,,,
HIST_FL_001365,HIST_FL_001365,HISTORICAL,FLOOD,2001,7,2001-07-01,month,,,missing,Maharashtra,,1.0,,,,,,,,,,,,,,,
HIST_FL_001366,HIST_FL_001366,HISTORICAL,FLOOD,2001,7,2001-07-01,month,,,missing,Maharashtra,,2.0,,,,,,,,,,,,,,,
HIST_FL_001367,HIST_FL_001367,HISTORICAL,FLOOD,2001,7,2001-07-01,month,,,missing,Maharashtra,,2.0,,2.0,,,,,,,,,,,,,
HIST_FL_001368,HIST_FL_001368,HISTORICAL,FLOOD,2001,7,2001-07-01,month,,,missing,Maharashtra,,2.0,,1.0,,,,,,,,,,,,,
HIST_FL_001369,HIST_FL_001369,HISTORICAL,FLOOD,2001,7,2001-07-01,month,,,missing,Maharashtra,,1.0,,,,,,,,,,,,,,,
HIST_FL_001370,HIST_FL_001370,HISTORICAL,FLOOD,2001,7,2001-07-01,month,,,missing,Maharashtra,,1.0,,,,,,,,,,,,,,,
HIST_FL_001371,HIST_FL_001371,HISTORICAL,FLOOD,2001,7,2001-07-01,month,,,missing,Maharashtra,,1.0,,,,,,,,,,,,,,,
HIST_FL_001372,HIST_FL_001372,HISTORICAL,FLOOD,2001,7,2001-07-01,month,,,missing,Meghalaya,,1.0,,,,,,,,,,,,,,,
HIST_FL_001373,HIST_FL_001373,HISTORICAL,FLOOD,2001,7,2001-07-01,month,,,missing,Odisha,,14.0,,99.0,,,,,,,,,,,,,
HIST_FL_001374,HIST_FL_001374,HISTORICAL,FLOOD,2001,7,2001-07-01,month,,,missing,Punjab,,1.0,,3.0,,,,,,,,,,,,,
HIST_FL_001375,HIST_FL_001375,HISTORICAL,FLOOD,2001,7,2001-07-01,month,,,missing,Rajasthan,,3.0,,1.0,,,,,,,,,,,,,
HIST_FL_001376,HIST_FL_001376,HISTORICAL,FLOOD,2001,7,2001-07-01,month,,,missing,Rajasthan,,5.0,,,,,,,,,,,,,,,
HIST_FL_001377,HIST_FL_001377,HISTORICAL,FLOOD,2001,7,2001-07-01,month,,,missing,Uttarakhand,,1.0,,10.0,,,,,,,,,,,,,
HIST_FL_001378,HIST_FL_001378,HISTORICAL,FLOOD,2001,7,2001-07-01,month,,,missing,Uttarakhand,,1.0,,25.0,,,,,,,,,,,,,
HIST_FL_001379,HIST_FL_001379,HISTORICAL,FLOOD,2001,7,2001-07-01,month,,,missing,Uttarakhand,,1.0,,26.0,,,,,,,,,,,,,
HIST_FL_001380,HIST_FL_001380,HISTORICAL,FLOOD,2001,7,2001-07-01,month,,,missing,West Bengal,,1.0,,,,,,,,,,,,,,,
HIST_FL_001381,HIST_FL_001381,HISTORICAL,FLOOD,2001,7,2001-07-01,month,,,missing,West Bengal,,2.0,,,,,,,,,,,,,,,
HIST_FL_001382,HIST_FL_001382,HISTORICAL,FLOOD,2001,8,2001-08-01,month,,,missing,Assam,,7.0,,,,,,,,,,,,,,,
HIST_FL_001383,HIST_FL_001383,HISTORICAL,FLOOD,2001,8,2001-08-01,month,,,missing,Chhattisgarh,,1.0,,1.0,,,,,,,,,,,,,
HIST_FL_001384,HIST_FL_001384,HISTORICAL,FLOOD,2001,8,2001-08-01,month,,,missing,Gujarat,,1.0,,12.0,,,,,,,,,,,,,
HIST_FL_001385,HIST_FL_001385,HISTORICAL,FLOOD,2001,8,2001-08-01,month,,,missing,Gujarat,,1.0,,1.0,,,,,,,,,,,,,
HIST_FL_001386,HIST_FL_001386,HISTORICAL,FLOOD,2001,8,2001-08-01,month,,,missing,Himachal Pradesh,,1.0,,,,,,,,,,,,,,,
HIST_FL_001387,HIST_FL_001387,HISTORICAL,FLOOD,2001,8,2001-08-01,month,,,missing,Himachal Pradesh,,1.0,,5.0,,,,,,,,,,,,,
HIST_FL_001388,HIST_FL_001388,HISTORICAL,FLOOD,2001,8,2001-08-01,month,,,missing,Himachal Pradesh,,1.0,,29.0,,,,,,,,,,,,,
HIST_FL_001389,HIST_FL_001389,HISTORICAL,FLOOD,2001,8,2001-08-01,month,,,missing,Himachal Pradesh,,1.0,,2.0,,,,,,,,,,,,,
HIST_FL_001390,HIST_FL_001390,HISTORICAL,FLOOD,2001,8,2001-08-01,month,,,missing,Karnataka,,1.0,,,,,,,,,,,,,,,
HIST_FL_001391,HIST_FL_001391,HISTORICAL,FLOOD,2001,8,2001-08-01,month,,,missing,Karnataka,,2.0,,5.0,,,,,,,,,,,,,
HIST_FL_001392,HIST_FL_001392,HISTORICAL,FLOOD,2001,8,2001-08-01,month,,,missing,Karnataka,,1.0,,3.0,,,,,,,,,,,,,
HIST_FL_001393,HIST_FL_001393,HISTORICAL,FLOOD,2001,8,2001-08-01,month,,,missing,Madhya Pradesh,,1.0,,1.0,,,,,,,,,,,,,
HIST_FL_001394,HIST_FL_001394,HISTORICAL,FLOOD,2001,8,2001-08-01,month,,,missing,Maharashtra,,1.0,,1.0,,,,,,,,,,,,,
HIST_FL_001395,HIST_FL_001395,HISTORICAL,FLOOD,2001,8,2001-08-01,month,,,missing,Punjab,,1.0,,6.0,,,,,,,,,,,,,
HIST_FL_001396,HIST_FL_001396,HISTORICAL,FLOOD,2001,8,2001-08-01,month,,,missing,Rajasthan,,1.0,,,,,,,,,,,,,,,
HIST_FL_001397,HIST_FL_001397,HISTORICAL,FLOOD,2001,8,2001-08-01,month,,,missing,Uttarakhand,,1.0,,,,,,,,,,,,,,,
HIST_FL_001398,HIST_FL_001398,HISTORICAL,FLOOD,2001,8,2001-08-01,month,,,missing,Uttar Pradesh,,1.0,,,,,,,,,,,,,,,
HIST_FL_001399,HIST_FL_001399,HISTORICAL,FLOOD,2001,8,2001-08-01,month,,,missing,West Bengal,,7.0,,,,,,,,,,,,,,,
HIST_FL_001400,HIST_FL_001400,HISTORICAL,FLOOD,2001,9,2001-09-01,month,,,missing,Assam,,14.0,,1.0,,,,,,,,,,,,,
HIST_FL_001401,HIST_FL_001401,HISTORICAL,FLOOD,2001,9,2001-09-01,month,,,missing,Assam,,7.0,,,,,,,,,,,,,,,
HIST_FL_001402,HIST_FL_001402,HISTORICAL,FLOOD,2001,9,2001-09-01,month,,,missing,Bihar,,14.0,,150.0,,,,,,,,,,,,,
HIST_FL_001403,HIST_FL_001403,HISTORICAL,FLOOD,2001,9,2001-09-01,month,,,missing,Jharkhand,,14.0,,150.0,,,,,,,,,,,,,
HIST_FL_001404,HIST_FL_001404,HISTORICAL,FLOOD,2001,9,2001-09-01,month,,,missing,Karnataka,,1.0,,,,,,,,,,,,,,,
HIST_FL_001405,HIST_FL_001405,HISTORICAL,FLOOD,2001,9,2001-09-01,month,,,missing,Karnataka,,1.0,,,,,,,,,,,,,,,
HIST_FL_001406,HIST_FL_001406,HISTORICAL,FLOOD,2001,9,2001-09-01,month,,,missing,Karnataka,,1.0,,,,,,,,,,,,,,,
HIST_FL_001407,HIST_FL_001407,HISTORICAL,FLOOD,2001,9,2001-09-01,month,,,missing,Karnataka,,1.0,,3.0,,,,,,,,,,,,,
HIST_FL_001408,HIST_FL_001408,HISTORICAL,FLOOD,2001,9,2001-09-01,month,,,missing,Karnataka,,2.0,,1.0,,,,,,,,,,,,,
HIST_FL_001409,HIST_FL_001409,HISTORICAL,FLOOD,2001,9,2001-09-01,month,,,missing,Kerala,,4.0,,,,,,,,,,,,,,,
HIST_FL_001410,HIST_FL_001410,HISTORICAL,FLOOD,2001,9,2001-09-01,month,,,missing,Maharashtra,,1.0,,,,,,,,,,,,,,,
HIST_FL_001411,HIST_FL_001411,HISTORICAL,FLOOD,2001,9,2001-09-01,month,,,missing,Maharashtra,,1.0,,,,,,,,,,,,,,,
HIST_FL_001412,HIST_FL_001412,HISTORICAL,FLOOD,2001,9,2001-09-01,month,,,missing,Maharashtra,,1.0,,,,,,,,,,,,,,,
HIST_FL_001413,HIST_FL_001413,HISTORICAL,FLOOD,2001,9,2001-09-01,month,,,missing,Tripura,,1.0,,1.0,,,,,,,,,,,,,
HIST_FL_001414,HIST_FL_001414,HISTORICAL,FLOOD,2001,9,2001-09-01,month,,,missing,Uttarakhand,,14.0,,212.0,,,,,,,,,,,,,
HIST_FL_001415,HIST_FL_001415,HISTORICAL,FLOOD,2001,9,2001-09-01,month,,,missing,Uttar Pradesh,,14.0,,212.0,,,,,,,,,,,,,
HIST_FL_001416,HIST_FL_001416,HISTORICAL,FLOOD,2001,9,2001-09-01,month,,,missing,West Bengal,,14.0,,,,,,,,,,,,,,,
HIST_FL_001417,HIST_FL_001417,HISTORICAL,FLOOD,2001,10,2001-10-01,month,,,missing,Bihar,,1.0,,6.0,,,,,,,,,,,,,
HIST_FL_001418,HIST_FL_001418,HISTORICAL,FLOOD,2001,10,2001-10-01,month,,,missing,Bihar,,1.0,,2.0,,,,,,,,,,,,,
HIST_FL_001419,HIST_FL_001419,HISTORICAL,FLOOD,2001,10,2001-10-01,month,,,missing,Chhattisgarh,,1.0,,1.0,,,,,,,,,,,,,
HIST_FL_001420,HIST_FL_001420,HISTORICAL,FLOOD,2001,10,2001-10-01,month,,,missing,Jharkhand,,1.0,,6.0,,,,,,,,,,,,,
HIST_FL_001421,HIST_FL_001421,HISTORICAL,FLOOD,2001,10,2001-10-01,month,,,missing,Jharkhand,,1.0,,2.0,,,,,,,,,,,,,
HIST_FL_001422,HIST_FL_001422,HISTORICAL,FLOOD,2001,10,2001-10-01,month,,,missing,Karnataka,,14.0,,23.0,,,,,,,,,,,,,
HIST_FL_001423,HIST_FL_001423,HISTORICAL,FLOOD,2001,10,2001-10-01,month,,,missing,Madhya Pradesh,,1.0,,1.0,,,,,,,,,,,,,
HIST_FL_001424,HIST_FL_001424,HISTORICAL,FLOOD,2001,10,2001-10-01,month,,,missing,Maharashtra,,1.0,,,,,,,,,,,,,,,
HIST_FL_001425,HIST_FL_001425,HISTORICAL,FLOOD,2001,10,2001-10-01,month,,,missing,Maharashtra,,2.0,,,,,,,,,,,,,,,
HIST_FL_001426,HIST_FL_001426,HISTORICAL,FLOOD,2001,10,2001-10-01,month,,,missing,Maharashtra,,4.0,,3.0,,,,,,,,,,,,,
HIST_FL_001427,HIST_FL_001427,HISTORICAL,FLOOD,2001,10,2001-10-01,month,,,missing,Maharashtra,,2.0,,,,,,,,,,,,,,,
HIST_FL_001428,HIST_FL_001428,HISTORICAL,FLOOD,2001,10,2001-10-01,month,,,missing,West Bengal,,14.0,,2.0,,,,,,,,,,,,,
HIST_FL_001429,HIST_FL_001429,HISTORICAL,FLOOD,2001,11,2001-11-01,month,,,missing,Karnataka,,1.0,,,,,,,,,,,,,,,
HIST_FL_001430,HIST_FL_001430,HISTORICAL,FLOOD,2001,11,2001-11-01,month,,,missing,Karnataka,,1.0,,,,,,,,,,,,,,,
HIST_FL_001431,HIST_FL_001431,HISTORICAL,FLOOD,2001,11,2001-11-01,month,,,missing,Kerala,,1.0,,40.0,,,,,,,,,,,,,
HIST_FL_001432,HIST_FL_001432,HISTORICAL,FLOOD,2002,1,2002-01-01,month,,,missing,Tamil Nadu,,3.0,,11.0,,,,,,,,,,,,,
HIST_FL_001433,HIST_FL_001433,HISTORICAL,FLOOD,2002,2,2002-02-01,month,,,missing,Uttar Pradesh,,1.0,,16.0,,,,,,,,,,,,,
HIST_FL_001434,HIST_FL_001434,HISTORICAL,FLOOD,2002,5,2002-05-01,month,,,missing,Assam,,1.0,,,,,,,,,,,,,,,
HIST_FL_001435,HIST_FL_001435,HISTORICAL,FLOOD,2002,5,2002-05-01,month,,,missing,Assam,,1.0,,,,,,,,,,,,,,,
HIST_FL_001436,HIST_FL_001436,HISTORICAL,FLOOD,2002,6,2002-06-01,month,,,missing,Assam,,7.0,,,,,,,,,,,,,,,
HIST_FL_001437,HIST_FL_001437,HISTORICAL,FLOOD,2002,6,2002-06-01,month,,,missing,Chhattisgarh,,1.0,,6.0,,,,,,,,,,,,,
HIST_FL_001438,HIST_FL_001438,HISTORICAL,FLOOD,2002,6,2002-06-01,month,,,missing,Chhattisgarh,,8.0,,25.0,,,,,,,,,,,,,
HIST_FL_001439,HIST_FL_001439,HISTORICAL,FLOOD,2002,6,2002-06-01,month,,,missing,Gujarat,,5.0,,58.0,,,,,,,,,,,,,
HIST_FL_001440,HIST_FL_001440,HISTORICAL,FLOOD,2002,6,2002-06-01,month,,,missing,Himachal Pradesh,,1.0,,5.0,,,,,,,,,,,,,
HIST_FL_001441,HIST_FL_001441,HISTORICAL,FLOOD,2002,6,2002-06-01,month,,,missing,Karnataka,,1.0,,,,,,,,,,,,,,,
HIST_FL_001442,HIST_FL_001442,HISTORICAL,FLOOD,2002,6,2002-06-01,month,,,missing,Karnataka,,1.0,,,,,,,,,,,,,,,
HIST_FL_001443,HIST_FL_001443,HISTORICAL,FLOOD,2002,6,2002-06-01,month,,,missing,Kerala,,3.0,,2.0,,,,,,,,,,,,,
HIST_FL_001444,HIST_FL_001444,HISTORICAL,FLOOD,2002,6,2002-06-01,month,,,missing,Madhya Pradesh,,1.0,,6.0,,,,,,,,,,,,,
HIST_FL_001445,HIST_FL_001445,HISTORICAL,FLOOD,2002,6,2002-06-01,month,,,missing,Madhya Pradesh,,8.0,,25.0,,,,,,,,,,,,,
HIST_FL_001446,HIST_FL_001446,HISTORICAL,FLOOD,2002,6,2002-06-01,month,,,missing,Maharashtra,,1.0,,,,,,,,,,,,,,,
HIST_FL_001447,HIST_FL_001447,HISTORICAL,FLOOD,2002,6,2002-06-01,month,,,missing,Maharashtra,,7.0,,94.0,,,,,,,,,,,,,
HIST_FL_001448,HIST_FL_001448,HISTORICAL,FLOOD,2002,6,2002-06-01,month,,,missing,Meghalaya,,1.0,,,,,,,,,,,,,,,
HIST_FL_001449,HIST_FL_001449,HISTORICAL,FLOOD,2002,6,2002-06-01,month,,,missing,West Bengal,,1.0,,1.0,,,,,,,,,,,,,
HIST_FL_001450,HIST_FL_001450,HISTORICAL,FLOOD,2002,7,2002-07-01,month,,,missing,Assam,,50.0,,41.0,,,,,,,,,,,,,
HIST_FL_001451,HIST_FL_001451,HISTORICAL,FLOOD,2002,7,2002-07-01,month,,,missing,Bihar,,1.0,,,,,,,,,,,,,,,
HIST_FL_001452,HIST_FL_001452,HISTORICAL,FLOOD,2002,7,2002-07-01,month,,,missing,Bihar,,28.0,,321.0,,,,,,,,,,,,,
HIST_FL_001453,HIST_FL_001453,HISTORICAL,FLOOD,2002,7,2002-07-01,month,,,missing,Jharkhand,,1.0,,,,,,,,,,,,,,,
HIST_FL_001454,HIST_FL_001454,HISTORICAL,FLOOD,2002,7,2002-07-01,month,,,missing,Jharkhand,,28.0,,321.0,,,,,,,,,,,,,
HIST_FL_001455,HIST_FL_001455,HISTORICAL,FLOOD,2002,7,2002-07-01,month,,,missing,Kerala,,1.0,,1.0,,,,,,,,,,,,,
HIST_FL_001456,HIST_FL_001456,HISTORICAL,FLOOD,2002,7,2002-07-01,month,,,missing,Meghalaya,,1.0,,1.0,,,,,,,,,,,,,
HIST_FL_001457,HIST_FL_001457,HISTORICAL,FLOOD,2002,7,2002-07-01,month,,,missing,West Bengal,,1.0,,,,,,,,,,,,,,,
HIST_FL_001458,HIST_FL_001458,HISTORICAL,FLOOD,2002,7,2002-07-01,month,,,missing,West Bengal,,1.0,,1.0,,,,,,,,,,,,,
HIST_FL_001459,HIST_FL_001459,HISTORICAL,FLOOD,2002,8,2002-08-01,month,,,missing,Andhra Pradesh,,5.0,,4.0,,,,,,,,,,,,,
HIST_FL_001460,HIST_FL_001460,HISTORICAL,FLOOD,2002,8,2002-08-01,month,,,missing,Andhra Pradesh,,2.0,,3.0,,,,,,,,,,,,,
HIST_FL_001461,HIST_FL_001461,HISTORICAL,FLOOD,2002,8,2002-08-01,month,,,missing,Arunachal Pradesh,,1.0,,,,,,,,,,,,,,,
HIST_FL_001462,HIST_FL_001462,HISTORICAL,FLOOD,2002,8,2002-08-01,month,,,missing,Gujarat,,7.0,,17.0,,,,,,,,,,,,,
HIST_FL_001463,HIST_FL_001463,HISTORICAL,FLOOD,2002,8,2002-08-01,month,,,missing,Haryana,,1.0,,3.0,,,,,,,,,,,,,
HIST_FL_001464,HIST_FL_001464,HISTORICAL,FLOOD,2002,8,2002-08-01,month,,,missing,Haryana,,1.0,,,,,,,,,,,,,,,
HIST_FL_001465,HIST_FL_001465,HISTORICAL,FLOOD,2002,8,2002-08-01,month,,,missing,Himachal Pradesh,,1.0,,,,,,,,,,,,,,,
HIST_FL_001466,HIST_FL_001466,HISTORICAL,FLOOD,2002,8,2002-08-01,month,,,missing,Himachal Pradesh,,1.0,,,,,,,,,,,,,,,
HIST_FL_001467,HIST_FL_001467,HISTORICAL,FLOOD,2002,8,2002-08-01,month,,,missing,Himachal Pradesh,,1.0,,,,,,,,,,,,,,,
HIST_FL_001468,HIST_FL_001468,HISTORICAL,FLOOD,2002,8,2002-08-01,month,,,missing,Himachal Pradesh,,1.0,,4.0,,,,,,,,,,,,,
HIST_FL_001469,HIST_FL_001469,HISTORICAL,FLOOD,2002,8,2002-08-01,month,,,missing,Kerala,,1.0,,3.0,,,,,,,,,,,,,
HIST_FL_001470,HIST_FL_001470,HISTORICAL,FLOOD,2002,8,2002-08-01,month,,,missing,Maharashtra,,3.0,,10.0,,,,,,,,,,,,,
HIST_FL_001471,HIST_FL_001471,HISTORICAL,FLOOD,2002,8,2002-08-01,month,,,missing,Maharashtra,,1.0,,,,,,,,,,,,,,,
HIST_FL_001472,HIST_FL_001472,HISTORICAL,FLOOD,2002,8,2002-08-01,month,,,missing,Maharashtra,,4.0,,,,,,,,,,,,,,,
HIST_FL_001473,HIST_FL_001473,HISTORICAL,FLOOD,2002,8,2002-08-01,month,,,missing,Maharashtra,,1.0,,,,,,,,,,,,,,,
HIST_FL_001474,HIST_FL_001474,HISTORICAL,FLOOD,2002,8,2002-08-01,month,,,missing,Maharashtra,,3.0,,15.0,,,,,,,,,,,,,
HIST_FL_001475,HIST_FL_001475,HISTORICAL,FLOOD,2002,8,2002-08-01,month,,,missing,Manipur,,7.0,,3.0,,,,,,,,,,,,,
HIST_FL_001476,HIST_FL_001476,HISTORICAL,FLOOD,2002,8,2002-08-01,month,,,missing,Mizoram,,1.0,,,,,,,,,,,,,,,
HIST_FL_001477,HIST_FL_001477,HISTORICAL,FLOOD,2002,8,2002-08-01,month,,,missing,Sikkim,,1.0,,4.0,,,,,,,,,,,,,
HIST_FL_001478,HIST_FL_001478,HISTORICAL,FLOOD,2002,8,2002-08-01,month,,,missing,Uttarakhand,,1.0,,33.0,,,,,,,,,,,,,
HIST_FL_001479,HIST_FL_001479,HISTORICAL,FLOOD,2002,8,2002-08-01,month,,,missing,Uttar Pradesh,,3.0,,4.0,,,,,,,,,,,,,
HIST_FL_001480,HIST_FL_001480,HISTORICAL,FLOOD,2002,9,2002-09-01,month,,,missing,Bihar,,2.0,,,,,,,,,,,,,,,
HIST_FL_001481,HIST_FL_001481,HISTORICAL,FLOOD,2002,9,2002-09-01,month,,,missing,Gujarat,,2.0,,28.0,,,,,,,,,,,,,
HIST_FL_001482,HIST_FL_001482,HISTORICAL,FLOOD,2002,9,2002-09-01,month,,,missing,Haryana,,1.0,,3.0,,,,,,,,,,,,,
HIST_FL_001483,HIST_FL_001483,HISTORICAL,FLOOD,2002,9,2002-09-01,month,,,missing,Haryana,,1.0,,,,,,,,,,,,,,,
HIST_FL_001484,HIST_FL_001484,HISTORICAL,FLOOD,2002,9,2002-09-01,month,,,missing,Himachal Pradesh,,1.0,,,,,,,,,,,,,,,
HIST_FL_001485,HIST_FL_001485,HISTORICAL,FLOOD,2002,9,2002-09-01,month,,,missing,Himachal Pradesh,,1.0,,6.0,,,,,,,,,,,,,
HIST_FL_001486,HIST_FL_001486,HISTORICAL,FLOOD,2002,9,2002-09-01,month,,,missing,Jharkhand,,2.0,,,,,,,,,,,,,,,
HIST_FL_001487,HIST_FL_001487,HISTORICAL,FLOOD,2002,9,2002-09-01,month,,,missing,Maharashtra,,2.0,,,,,,,,,,,,,,,
HIST_FL_001488,HIST_FL_001488,HISTORICAL,FLOOD,2002,9,2002-09-01,month,,,missing,Maharashtra,,4.0,,35.0,,,,,,,,,,,,,
HIST_FL_001489,HIST_FL_001489,HISTORICAL,FLOOD,2002,9,2002-09-01,month,,,missing,Maharashtra,,4.0,,,,,,,,,,,,,,,
HIST_FL_001490,HIST_FL_001490,HISTORICAL,FLOOD,2002,9,2002-09-01,month,,,missing,Maharashtra,,1.0,,5.0,,,,,,,,,,,,,
HIST_FL_001491,HIST_FL_001491,HISTORICAL,FLOOD,2002,9,2002-09-01,month,,,missing,Maharashtra,,1.0,,,,,,,,,,,,,,,
HIST_FL_001492,HIST_FL_001492,HISTORICAL,FLOOD,2002,9,2002-09-01,month,,,missing,Punjab,,2.0,,2.0,,,,,,,,,,,,,
HIST_FL_001493,HIST_FL_001493,HISTORICAL,FLOOD,2002,9,2002-09-01,month,,,missing,Uttarakhand,,1.0,,,,,,,,,,,,,,,
HIST_FL_001494,HIST_FL_001494,HISTORICAL,FLOOD,2002,9,2002-09-01,month,,,missing,Uttar Pradesh,,7.0,,10.0,,,,,,,,,,,,,
HIST_FL_001495,HIST_FL_001495,HISTORICAL,FLOOD,2002,9,2002-09-01,month,,,missing,Uttar Pradesh,,1.0,,11.0,,,,,,,,,,,,,
HIST_FL_001496,HIST_FL_001496,HISTORICAL,FLOOD,2002,9,2002-09-01,month,,,missing,West Bengal,,1.0,,,,,,,,,,,,,,,
HIST_FL_001497,HIST_FL_001497,HISTORICAL,FLOOD,2002,10,2002-10-01,month,,,missing,Karnataka,,5.0,,,,,,,,,,,,,,,
HIST_FL_001498,HIST_FL_001498,HISTORICAL,FLOOD,2002,10,2002-10-01,month,,,missing,Karnataka,,1.0,,,,,,,,,,,,,,,
HIST_FL_001499,HIST_FL_001499,HISTORICAL,FLOOD,2002,10,2002-10-01,month,,,missing,Karnataka,,3.0,,9.0,,,,,,,,,,,,,
HIST_FL_001500,HIST_FL_001500,HISTORICAL,FLOOD,2002,10,2002-10-01,month,,,missing,Kerala,,2.0,,2.0,,,,,,,,,,,,,
HIST_FL_001501,HIST_FL_001501,HISTORICAL,FLOOD,2002,10,2002-10-01,month,,,missing,Kerala,,4.0,,11.0,,,,,,,,,,,,,
HIST_FL_001502,HIST_FL_001502,HISTORICAL,FLOOD,2002,10,2002-10-01,month,,,missing,Tamil Nadu,,5.0,,20.0,,,,,,,,,,,,,
HIST_FL_001503,HIST_FL_001503,HISTORICAL,FLOOD,2002,11,2002-11-01,month,,,missing,Tamil Nadu,,11.0,,20.0,,,,,,,,,,,,,
HIST_FL_001504,HIST_FL_001504,HISTORICAL,FLOOD,2003,6,2003-06-01,month,,,missing,Assam,,1.0,,,,,,,,,,,,,,,
HIST_FL_001505,HIST_FL_001505,HISTORICAL,FLOOD,2003,6,2003-06-01,month,,,missing,Assam,,44.0,,38.0,,,,,,,,,,,,,
HIST_FL_001506,HIST_FL_001506,HISTORICAL,FLOOD,2003,6,2003-06-01,month,,,missing,Bihar,,1.0,,,,,,,,,,,,,,,
HIST_FL_001507,HIST_FL_001507,HISTORICAL,FLOOD,2003,6,2003-06-01,month,,,missing,Bihar,,16.0,,25.0,,,,,,,,,,,,,
HIST_FL_001508,HIST_FL_001508,HISTORICAL,FLOOD,2003,6,2003-06-01,month,,,missing,Gujarat,,1.0,,2.0,,,,,,,,,,,,,
HIST_FL_001509,HIST_FL_001509,HISTORICAL,FLOOD,2003,6,2003-06-01,month,,,missing,Karnataka,,4.0,,13.0,,,,,,,,,,,,,
HIST_FL_001510,HIST_FL_001510,HISTORICAL,FLOOD,2003,6,2003-06-01,month,,,missing,Kerala,,7.0,,6.0,,,,,,,,,,,,,
HIST_FL_001511,HIST_FL_001511,HISTORICAL,FLOOD,2003,6,2003-06-01,month,,,missing,Madhya Pradesh,,1.0,,1.0,,,,,,,,,,,,,
HIST_FL_001512,HIST_FL_001512,HISTORICAL,FLOOD,2003,6,2003-06-01,month,,,missing,Maharashtra,,1.0,,,,,,,,,,,,,,,
HIST_FL_001513,HIST_FL_001513,HISTORICAL,FLOOD,2003,6,2003-06-01,month,,,missing,Maharashtra,,3.0,,1.0,,,,,,,,,,,,,
HIST_FL_001514,HIST_FL_001514,HISTORICAL,FLOOD,2003,6,2003-06-01,month,,,missing,Maharashtra,,1.0,,,,,,,,,,,,,,,
HIST_FL_001515,HIST_FL_001515,HISTORICAL,FLOOD,2003,6,2003-06-01,month,,,missing,Maharashtra,,1.0,,,,,,,,,,,,,,,
HIST_FL_001516,HIST_FL_001516,HISTORICAL,FLOOD,2003,6,2003-06-01,month,,,missing,Maharashtra,,1.0,,37.0,,,,,,,,,,,,,
HIST_FL_001517,HIST_FL_001517,HISTORICAL,FLOOD,2003,6,2003-06-01,month,,,missing,Maharashtra,,2.0,,4.0,,,,,,,,,,,,,
HIST_FL_001518,HIST_FL_001518,HISTORICAL,FLOOD,2003,6,2003-06-01,month,,,missing,Meghalaya,,1.0,,,,,,,,,,,,,,,
HIST_FL_001519,HIST_FL_001519,HISTORICAL,FLOOD,2003,6,2003-06-01,month,,,missing,Rajasthan,,1.0,,1.0,,,,,,,,,,,,,
HIST_FL_001520,HIST_FL_001520,HISTORICAL,FLOOD,2003,6,2003-06-01,month,,,missing,Rajasthan,,1.0,,9.0,,,,,,,,,,,,,
HIST_FL_001521,HIST_FL_001521,HISTORICAL,FLOOD,2003,6,2003-06-01,month,,,missing,Rajasthan,,1.0,,1.0,,,,,,,,,,,,,
HIST_FL_001522,HIST_FL_001522,HISTORICAL,FLOOD,2003,6,2003-06-01,month,,,missing,Rajasthan,,1.0,,,,,,,,,,,,,,,
HIST_FL_001523,HIST_FL_001523,HISTORICAL,FLOOD,2003,6,2003-06-01,month,,,missing,Tamil Nadu,,1.0,,,,,,,,,,,,,,,
HIST_FL_001524,HIST_FL_001524,HISTORICAL,FLOOD,2003,7,2003-07-01,month,,,missing,Arunachal Pradesh,,2.0,,2.0,,,,,,,,,,,,,
HIST_FL_001525,HIST_FL_001525,HISTORICAL,FLOOD,2003,7,2003-07-01,month,,,missing,Chhattisgarh,,6.0,,,,,,,,,,,,,,,
HIST_FL_001526,HIST_FL_001526,HISTORICAL,FLOOD,2003,7,2003-07-01,month,,,missing,Delhi,,1.0,,4.0,,,,,,,,,,,,,
HIST_FL_001527,HIST_FL_001527,HISTORICAL,FLOOD,2003,7,2003-07-01,month,,,missing,Delhi,,3.0,,4.0,,,,,,,,,,,,,
HIST_FL_001528,HIST_FL_001528,HISTORICAL,FLOOD,2003,7,2003-07-01,month,,,missing,Gujarat,,1.0,,11.0,,,,,,,,,,,,,
HIST_FL_001529,HIST_FL_001529,HISTORICAL,FLOOD,2003,7,2003-07-01,month,,,missing,Haryana,,1.0,,4.0,,,,,,,,,,,,,
HIST_FL_001530,HIST_FL_001530,HISTORICAL,FLOOD,2003,7,2003-07-01,month,,,missing,Haryana,,1.0,,2.0,,,,,,,,,,,,,
HIST_FL_001531,HIST_FL_001531,HISTORICAL,FLOOD,2003,7,2003-07-01,month,,,missing,Haryana,,1.0,,1.0,,,,,,,,,,,,,
HIST_FL_001532,HIST_FL_001532,HISTORICAL,FLOOD,2003,7,2003-07-01,month,,,missing,Haryana,,1.0,,2.0,,,,,,,,,,,,,
HIST_FL_001533,HIST_FL_001533,HISTORICAL,FLOOD,2003,7,2003-07-01,month,,,missing,Himachal Pradesh,,1.0,,,,,,,,,,,,,,,
HIST_FL_001534,HIST_FL_001534,HISTORICAL,FLOOD,2003,7,2003-07-01,month,,,missing,Himachal Pradesh,,1.0,,150.0,,,,,,,,,,,,,
HIST_FL_001535,HIST_FL_001535,HISTORICAL,FLOOD,2003,7,2003-07-01,month,,,missing,Himachal Pradesh,,1.0,,,,,,,,,,,,,,,
HIST_FL_001536,HIST_FL_001536,HISTORICAL,FLOOD,2003,7,2003-07-01,month,,,missing,Himachal Pradesh,,1.0,,2.0,,,,,,,,,,,,,
HIST_FL_001537,HIST_FL_001537,HISTORICAL,FLOOD,2003,7,2003-07-01,month,,,missing,Himachal Pradesh,,1.0,,3.0,,,,,,,,,,,,,
HIST_FL_001538,HIST_FL_001538,HISTORICAL,FLOOD,2003,7,2003-07-01,month,,,missing,Himachal Pradesh,,1.0,,5.0,,,,,,,,,,,,,
HIST_FL_001539,HIST_FL_001539,HISTORICAL,FLOOD,2003,7,2003-07-01,month,,,missing,Karnataka,,1.0,,,,,,,,,,,,,,,
HIST_FL_001540,HIST_FL_001540,HISTORICAL,FLOOD,2003,7,2003-07-01,month,,,missing,Kerala,,1.0,,1.0,,,,,,,,,,,,,
HIST_FL_001541,HIST_FL_001541,HISTORICAL,FLOOD,2003,7,2003-07-01,month,,,missing,Kerala,,1.0,,4.0,,,,,,,,,,,,,
HIST_FL_001542,HIST_FL_001542,HISTORICAL,FLOOD,2003,7,2003-07-01,month,,,missing,Kerala,,1.0,,,,,,,,,,,,,,,
HIST_FL_001543,HIST_FL_001543,HISTORICAL,FLOOD,2003,7,2003-07-01,month,,,missing,Madhya Pradesh,,2.0,,,,,,,,,,,,,,,
HIST_FL_001544,HIST_FL_001544,HISTORICAL,FLOOD,2003,7,2003-07-01,month,,,missing,Madhya Pradesh,,1.0,,,,,,,,,,,,,,,
HIST_FL_001545,HIST_FL_001545,HISTORICAL,FLOOD,2003,7,2003-07-01,month,,,missing,Madhya Pradesh,,1.0,,3.0,,,,,,,,,,,,,
HIST_FL_001546,HIST_FL_001546,HISTORICAL,FLOOD,2003,7,2003-07-01,month,,,missing,Maharashtra,,1.0,,,,,,,,,,,,,,,
HIST_FL_001547,HIST_FL_001547,HISTORICAL,FLOOD,2003,7,2003-07-01,month,,,missing,Maharashtra,,1.0,,,,,,,,,,,,,,,
HIST_FL_001548,HIST_FL_001548,HISTORICAL,FLOOD,2003,7,2003-07-01,month,,,missing,Rajasthan,,1.0,,,,,,,,,,,,,,,
HIST_FL_001549,HIST_FL_001549,HISTORICAL,FLOOD,2003,7,2003-07-01,month,,,missing,Rajasthan,,4.0,,21.0,,,,,,,,,,,,,
HIST_FL_001550,HIST_FL_001550,HISTORICAL,FLOOD,2003,7,2003-07-01,month,,,missing,Rajasthan,,7.0,,30.0,,,,,,,,,,,,,
HIST_FL_001551,HIST_FL_001551,HISTORICAL,FLOOD,2003,7,2003-07-01,month,,,missing,Rajasthan,,1.0,,,,,,,,,,,,,,,
HIST_FL_001552,HIST_FL_001552,HISTORICAL,FLOOD,2003,7,2003-07-01,month,,,missing,Rajasthan,,1.0,,,,,,,,,,,,,,,
HIST_FL_001553,HIST_FL_001553,HISTORICAL,FLOOD,2003,7,2003-07-01,month,,,missing,Uttarakhand,,3.0,,5.0,,,,,,,,,,,,,
HIST_FL_001554,HIST_FL_001554,HISTORICAL,FLOOD,2003,7,2003-07-01,month,,,missing,Uttar Pradesh,,4.0,,64.0,,,,,,,,,,,,,
HIST_FL_001555,HIST_FL_001555,HISTORICAL,FLOOD,2003,7,2003-07-01,month,,,missing,Uttar Pradesh,,1.0,,5.0,,,,,,,,,,,,,
HIST_FL_001556,HIST_FL_001556,HISTORICAL,FLOOD,2003,7,2003-07-01,month,,,missing,West Bengal,,1.0,,,,,,,,,,,,,,,
HIST_FL_001557,HIST_FL_001557,HISTORICAL,FLOOD,2003,7,2003-07-01,month,,,missing,West Bengal,,3.0,,26.0,,,,,,,,,,,,,
HIST_FL_001558,HIST_FL_001558,HISTORICAL,FLOOD,2003,7,2003-07-01,month,,,missing,West Bengal,,1.0,,3.0,,,,,,,,,,,,,
HIST_FL_001559,HIST_FL_001559,HISTORICAL,FLOOD,2003,8,2003-08-01,month,,,missing,Assam,,7.0,,,,,,,,,,,,,,,
HIST_FL_001560,HIST_FL_001560,HISTORICAL,FLOOD,2003,8,2003-08-01,month,,,missing,Assam,,1.0,,,,,,,,,,,,,,,
HIST_FL_001561,HIST_FL_001561,HISTORICAL,FLOOD,2003,8,2003-08-01,month,,,missing,Bihar,,14.0,,75.0,,,,,,,,,,,,,
HIST_FL_001562,HIST_FL_001562,HISTORICAL,FLOOD,2003,8,2003-08-01,month,,,missing,Chhattisgarh,,1.0,,,,,,,,,,,,,,,
HIST_FL_001563,HIST_FL_001563,HISTORICAL,FLOOD,2003,8,2003-08-01,month,,,missing,Gujarat,,31.0,,76.0,,,,,,,,,,,,,
HIST_FL_001564,HIST_FL_001564,HISTORICAL,FLOOD,2003,8,2003-08-01,month,,,missing,Himachal Pradesh,,1.0,,,,,,,,,,,,,,,
HIST_FL_001565,HIST_FL_001565,HISTORICAL,FLOOD,2003,8,2003-08-01,month,,,missing,Himachal Pradesh,,1.0,,1.0,,,,,,,,,,,,,
HIST_FL_001566,HIST_FL_001566,HISTORICAL,FLOOD,2003,8,2003-08-01,month,,,missing,Himachal Pradesh,,1.0,,,,,,,,,,,,,,,
HIST_FL_001567,HIST_FL_001567,HISTORICAL,FLOOD,2003,8,2003-08-01,month,,,missing,Himachal Pradesh,,2.0,,,,,,,,,,,,,,,
HIST_FL_001568,HIST_FL_001568,HISTORICAL,FLOOD,2003,8,2003-08-01,month,,,missing,Karnataka,,3.0,,6.0,,,,,,,,,,,,,
HIST_FL_001569,HIST_FL_001569,HISTORICAL,FLOOD,2003,8,2003-08-01,month,,,missing,Karnataka,,1.0,,,,,,,,,,,,,,,
HIST_FL_001570,HIST_FL_001570,HISTORICAL,FLOOD,2003,8,2003-08-01,month,,,missing,Madhya Pradesh,,1.0,,1.0,,,,,,,,,,,,,
HIST_FL_001571,HIST_FL_001571,HISTORICAL,FLOOD,2003,8,2003-08-01,month,,,missing,Madhya Pradesh,,1.0,,,,,,,,,,,,,,,
HIST_FL_001572,HIST_FL_001572,HISTORICAL,FLOOD,2003,8,2003-08-01,month,,,missing,Mizoram,,1.0,,3.0,,,,,,,,,,,,,
HIST_FL_001573,HIST_FL_001573,HISTORICAL,FLOOD,2003,8,2003-08-01,month,,,missing,Odisha,,28.0,,10.0,,,,,,,,,,,,,
HIST_FL_001574,HIST_FL_001574,HISTORICAL,FLOOD,2003,8,2003-08-01,month,,,missing,Punjab,,1.0,,1.0,,,,,,,,,,,,,
HIST_FL_001575,HIST_FL_001575,HISTORICAL,FLOOD,2003,8,2003-08-01,month,,,missing,Rajasthan,,1.0,,,,,,,,,,,,,,,
HIST_FL_001576,HIST_FL_001576,HISTORICAL,FLOOD,2003,8,2003-08-01,month,,,missing,Rajasthan,,3.0,,8.0,,,,,,,,,,,,,
HIST_FL_001577,HIST_FL_001577,HISTORICAL,FLOOD,2003,8,2003-08-01,month,,,missing,Uttar Pradesh,,2.0,,,,,,,,,,,,,,,
HIST_FL_001578,HIST_FL_001578,HISTORICAL,FLOOD,2003,8,2003-08-01,month,,,missing,Uttar Pradesh,,1.0,,2.0,,,,,,,,,,,,,
HIST_FL_001579,HIST_FL_001579,HISTORICAL,FLOOD,2003,8,2003-08-01,month,,,missing,Uttar Pradesh,,1.0,,1.0,,,,,,,,,,,,,
HIST_FL_001580,HIST_FL_001580,HISTORICAL,FLOOD,2003,8,2003-08-01,month,,,missing,West Bengal,,1.0,,,,,,,,,,,,,,,
HIST_FL_001581,HIST_FL_001581,HISTORICAL,FLOOD,2003,9,2003-09-01,month,,,missing,Assam,,1.0,,,,,,,,,,,,,,,
HIST_FL_001582,HIST_FL_001582,HISTORICAL,FLOOD,2003,9,2003-09-01,month,,,missing,Assam,,1.0,,,,,,,,,,,,,,,
HIST_FL_001583,HIST_FL_001583,HISTORICAL,FLOOD,2003,9,2003-09-01,month,,,missing,Bihar,,3.0,,140.0,,,,,,,,,,,,,
HIST_FL_001584,HIST_FL_001584,HISTORICAL,FLOOD,2003,9,2003-09-01,month,,,missing,Bihar,,7.0,,179.0,,,,,,,,,,,,,
HIST_FL_001585,HIST_FL_001585,HISTORICAL,FLOOD,2003,9,2003-09-01,month,,,missing,Madhya Pradesh,,1.0,,10.0,,,,,,,,,,,,,
HIST_FL_001586,HIST_FL_001586,HISTORICAL,FLOOD,2003,9,2003-09-01,month,,,missing,Madhya Pradesh,,6.0,,35.0,,,,,,,,,,,,,
HIST_FL_001587,HIST_FL_001587,HISTORICAL,FLOOD,2003,9,2003-09-01,month,,,missing,Odisha,,30.0,,60.0,,,,,,,,,,,,,
HIST_FL_001588,HIST_FL_001588,HISTORICAL,FLOOD,2003,9,2003-09-01,month,,,missing,Rajasthan,,1.0,,,,,,,,,,,,,,,
HIST_FL_001589,HIST_FL_001589,HISTORICAL,FLOOD,2003,9,2003-09-01,month,,,missing,Uttarakhand,,1.0,,7.0,,,,,,,,,,,,,
HIST_FL_001590,HIST_FL_001590,HISTORICAL,FLOOD,2003,9,2003-09-01,month,,,missing,Uttar Pradesh,,1.0,,2.0,,,,,,,,,,,,,
HIST_FL_001591,HIST_FL_001591,HISTORICAL,FLOOD,2003,9,2003-09-01,month,,,missing,Uttar Pradesh,,1.0,,3.0,,,,,,,,,,,,,
HIST_FL_001592,HIST_FL_001592,HISTORICAL,FLOOD,2003,9,2003-09-01,month,,,missing,Uttar Pradesh,,1.0,,65.0,,,,,,,,,,,,,
HIST_FL_001593,HIST_FL_001593,HISTORICAL,FLOOD,2003,9,2003-09-01,month,,,missing,Uttar Pradesh,,14.0,,172.0,,,,,,,,,,,,,
HIST_FL_001594,HIST_FL_001594,HISTORICAL,FLOOD,2003,9,2003-09-01,month,,,missing,Uttar Pradesh,,1.0,,1.0,,,,,,,,,,,,,
HIST_FL_001595,HIST_FL_001595,HISTORICAL,FLOOD,2003,9,2003-09-01,month,,,missing,West Bengal,,2.0,,,,,,,,,,,,,,,
HIST_FL_001596,HIST_FL_001596,HISTORICAL,FLOOD,2003,9,2003-09-01,month,,,missing,West Bengal,,3.0,,,,,,,,,,,,,,,
HIST_FL_001597,HIST_FL_001597,HISTORICAL,FLOOD,2003,10,2003-10-01,month,,,missing,Assam,,1.0,,,,,,,,,,,,,,,
HIST_FL_001598,HIST_FL_001598,HISTORICAL,FLOOD,2003,10,2003-10-01,month,,,missing,Assam,,1.0,,2.0,,,,,,,,,,,,,
HIST_FL_001599,HIST_FL_001599,HISTORICAL,FLOOD,2003,10,2003-10-01,month,,,missing,Assam,,1.0,,,,,,,,,,,,,,,
HIST_FL_001600,HIST_FL_001600,HISTORICAL,FLOOD,2003,10,2003-10-01,month,,,missing,Assam,,1.0,,,,,,,,,,,,,,,
HIST_FL_001601,HIST_FL_001601,HISTORICAL,FLOOD,2003,10,2003-10-01,month,,,missing,Assam,,1.0,,1.0,,,,,,,,,,,,,
HIST_FL_001602,HIST_FL_001602,HISTORICAL,FLOOD,2003,10,2003-10-01,month,,,missing,Karnataka,,4.0,,1.0,,,,,,,,,,,,,
HIST_FL_001603,HIST_FL_001603,HISTORICAL,FLOOD,2003,10,2003-10-01,month,,,missing,Karnataka,,2.0,,3.0,,,,,,,,,,,,,
HIST_FL_001604,HIST_FL_001604,HISTORICAL,FLOOD,2003,10,2003-10-01,month,,,missing,Karnataka,,1.0,,,,,,,,,,,,,,,
HIST_FL_001605,HIST_FL_001605,HISTORICAL,FLOOD,2003,10,2003-10-01,month,,,missing,Karnataka,,1.0,,,,,,,,,,,,,,,
HIST_FL_001606,HIST_FL_001606,HISTORICAL,FLOOD,2003,10,2003-10-01,month,,,missing,Kerala,,1.0,,,,,,,,,,,,,,,
HIST_FL_001607,HIST_FL_001607,HISTORICAL,FLOOD,2003,10,2003-10-01,month,,,missing,Kerala,,3.0,,1.0,,,,,,,,,,,,,
HIST_FL_001608,HIST_FL_001608,HISTORICAL,FLOOD,2003,10,2003-10-01,month,,,missing,Kerala,,1.0,,,,,,,,,,,,,,,
HIST_FL_001609,HIST_FL_001609,HISTORICAL,FLOOD,2003,10,2003-10-01,month,,,missing,Maharashtra,,1.0,,,,,,,,,,,,,,,
HIST_FL_001610,HIST_FL_001610,HISTORICAL,FLOOD,2003,10,2003-10-01,month,,,missing,Maharashtra,,1.0,,1.0,,,,,,,,,,,,,
HIST_FL_001611,HIST_FL_001611,HISTORICAL,FLOOD,2003,10,2003-10-01,month,,,missing,Maharashtra,,1.0,,4.0,,,,,,,,,,,,,
HIST_FL_001612,HIST_FL_001612,HISTORICAL,FLOOD,2003,10,2003-10-01,month,,,missing,Maharashtra,,1.0,,,,,,,,,,,,,,,
HIST_FL_001613,HIST_FL_001613,HISTORICAL,FLOOD,2003,10,2003-10-01,month,,,missing,Meghalaya,,1.0,,,,,,,,,,,,,,,
HIST_FL_001614,HIST_FL_001614,HISTORICAL,FLOOD,2003,10,2003-10-01,month,,,missing,Odisha,,14.0,,32.0,,,,,,,,,,,,,
HIST_FL_001615,HIST_FL_001615,HISTORICAL,FLOOD,2003,10,2003-10-01,month,,,missing,West Bengal,,1.0,,,,,,,,,,,,,,,
HIST_FL_001616,HIST_FL_001616,HISTORICAL,FLOOD,2003,11,2003-11-01,month,,,missing,Maharashtra,,2.0,,,,,,,,,,,,,,,
HIST_FL_001617,HIST_FL_001617,HISTORICAL,FLOOD,2004,4,2004-04-01,month,,,missing,Assam,,1.0,,,,,,,,,,,,,,,
HIST_FL_001618,HIST_FL_001618,HISTORICAL,FLOOD,2004,4,2004-04-01,month,,,missing,Assam,,1.0,,5.0,,,,,,,,,,,,,
HIST_FL_001619,HIST_FL_001619,HISTORICAL,FLOOD,2004,5,2004-05-01,month,,,missing,Assam,,2.0,,,,,,,,,,,,,,,
HIST_FL_001620,HIST_FL_001620,HISTORICAL,FLOOD,2004,5,2004-05-01,month,,,missing,Assam,,3.0,,,,,,,,,,,,,,,
HIST_FL_001621,HIST_FL_001621,HISTORICAL,FLOOD,2004,5,2004-05-01,month,,,missing,Assam,,1.0,,2.0,,,,,,,,,,,,,
HIST_FL_001622,HIST_FL_001622,HISTORICAL,FLOOD,2004,5,2004-05-01,month,,,missing,Assam,,1.0,,,,,,,,,,,,,,,
HIST_FL_001623,HIST_FL_001623,HISTORICAL,FLOOD,2004,5,2004-05-01,month,,,missing,Assam,,1.0,,,,,,,,,,,,,,,
HIST_FL_001624,HIST_FL_001624,HISTORICAL,FLOOD,2004,5,2004-05-01,month,,,missing,Uttarakhand,,1.0,,,,,,,,,,,,,,,
HIST_FL_001625,HIST_FL_001625,HISTORICAL,FLOOD,2004,6,2004-06-01,month,,,missing,Arunachal Pradesh,,1.0,,5.0,,,,,,,,,,,,,
HIST_FL_001626,HIST_FL_001626,HISTORICAL,FLOOD,2004,6,2004-06-01,month,,,missing,Assam,,48.0,,248.0,,,,,,,,,,,,,
HIST_FL_001627,HIST_FL_001627,HISTORICAL,FLOOD,2004,6,2004-06-01,month,,,missing,Bihar,,1.0,,30.0,,,,,,,,,,,,,
HIST_FL_001628,HIST_FL_001628,HISTORICAL,FLOOD,2004,6,2004-06-01,month,,,missing,Himachal Pradesh,,2.0,,,,,,,,,,,,,,,
HIST_FL_001629,HIST_FL_001629,HISTORICAL,FLOOD,2004,6,2004-06-01,month,,,missing,Karnataka,,2.0,,4.0,,,,,,,,,,,,,
HIST_FL_001630,HIST_FL_001630,HISTORICAL,FLOOD,2004,6,2004-06-01,month,,,missing,Karnataka,,6.0,,3.0,,,,,,,,,,,,,
HIST_FL_001631,HIST_FL_001631,HISTORICAL,FLOOD,2004,6,2004-06-01,month,,,missing,Kerala,,15.0,,25.0,,,,,,,,,,,,,
HIST_FL_001632,HIST_FL_001632,HISTORICAL,FLOOD,2004,6,2004-06-01,month,,,missing,Maharashtra,,1.0,,1.0,,,,,,,,,,,,,
HIST_FL_001633,HIST_FL_001633,HISTORICAL,FLOOD,2004,6,2004-06-01,month,,,missing,Mizoram,,1.0,,6.0,,,,,,,,,,,,,
HIST_FL_001634,HIST_FL_001634,HISTORICAL,FLOOD,2004,6,2004-06-01,month,,,missing,Tripura,,9.0,,4.0,,,,,,,,,,,,,
HIST_FL_001635,HIST_FL_001635,HISTORICAL,FLOOD,2004,6,2004-06-01,month,,,missing,Uttarakhand,,1.0,,,,,,,,,,,,,,,
HIST_FL_001636,HIST_FL_001636,HISTORICAL,FLOOD,2004,7,2004-07-01,month,,,missing,Arunachal Pradesh,,13.0,,11.0,,,,,,,,,,,,,
HIST_FL_001637,HIST_FL_001637,HISTORICAL,FLOOD,2004,7,2004-07-01,month,,,missing,Bihar,,31.0,,450.0,,,,,,,,,,,,,
HIST_FL_001638,HIST_FL_001638,HISTORICAL,FLOOD,2004,7,2004-07-01,month,,,missing,Karnataka,,7.0,,15.0,,,,,,,,,,,,,
HIST_FL_001639,HIST_FL_001639,HISTORICAL,FLOOD,2004,7,2004-07-01,month,,,missing,Kerala,,1.0,,,,,,,,,,,,,,,
HIST_FL_001640,HIST_FL_001640,HISTORICAL,FLOOD,2004,7,2004-07-01,month,,,missing,Kerala,,3.0,,,,,,,,,,,,,,,
HIST_FL_001641,HIST_FL_001641,HISTORICAL,FLOOD,2004,7,2004-07-01,month,,,missing,Kerala,,1.0,,,,,,,,,,,,,,,
HIST_FL_001642,HIST_FL_001642,HISTORICAL,FLOOD,2004,7,2004-07-01,month,,,missing,Maharashtra,,1.0,,,,,,,,,,,,,,,
HIST_FL_001643,HIST_FL_001643,HISTORICAL,FLOOD,2004,7,2004-07-01,month,,,missing,Maharashtra,,11.0,,33.0,,,,,,,,,,,,,
HIST_FL_001644,HIST_FL_001644,HISTORICAL,FLOOD,2004,7,2004-07-01,month,,,missing,Meghalaya,,1.0,,,,,,,,,,,,,,,
HIST_FL_001645,HIST_FL_001645,HISTORICAL,FLOOD,2004,7,2004-07-01,month,,,missing,Nagaland,,6.0,,,,,,,,,,,,,,,
HIST_FL_001646,HIST_FL_001646,HISTORICAL,FLOOD,2004,7,2004-07-01,month,,,missing,Rajasthan,,1.0,,1.0,,,,,,,,,,,,,
HIST_FL_001647,HIST_FL_001647,HISTORICAL,FLOOD,2004,7,2004-07-01,month,,,missing,Uttarakhand,,1.0,,31.0,,,,,,,,,,,,,
HIST_FL_001648,HIST_FL_001648,HISTORICAL,FLOOD,2004,7,2004-07-01,month,,,missing,Uttarakhand,,1.0,,6.0,,,,,,,,,,,,,
HIST_FL_001649,HIST_FL_001649,HISTORICAL,FLOOD,2004,7,2004-07-01,month,,,missing,Uttar Pradesh,,2.0,,8.0,,,,,,,,,,,,,
HIST_FL_001650,HIST_FL_001650,HISTORICAL,FLOOD,2004,7,2004-07-01,month,,,missing,West Bengal,,7.0,,5.0,,,,,,,,,,,,,
HIST_FL_001651,HIST_FL_001651,HISTORICAL,FLOOD,2004,8,2004-08-01,month,,,missing,Andhra Pradesh,,4.0,,10.0,,,,,,,,,,,,,
HIST_FL_001652,HIST_FL_001652,HISTORICAL,FLOOD,2004,8,2004-08-01,month,,,missing,Goa,,1.0,,1.0,,,,,,,,,,,,,
HIST_FL_001653,HIST_FL_001653,HISTORICAL,FLOOD,2004,8,2004-08-01,month,,,missing,Gujarat,,14.0,,184.0,,,,,,,,,,,,,
HIST_FL_001654,HIST_FL_001654,HISTORICAL,FLOOD,2004,8,2004-08-01,month,,,missing,Haryana,,1.0,,2.0,,,,,,,,,,,,,
HIST_FL_001655,HIST_FL_001655,HISTORICAL,FLOOD,2004,8,2004-08-01,month,,,missing,Haryana,,1.0,,10.0,,,,,,,,,,,,,
HIST_FL_001656,HIST_FL_001656,HISTORICAL,FLOOD,2004,8,2004-08-01,month,,,missing,Himachal Pradesh,,2.0,,,,,,,,,,,,,,,
HIST_FL_001657,HIST_FL_001657,HISTORICAL,FLOOD,2004,8,2004-08-01,month,,,missing,Himachal Pradesh,,2.0,,2.0,,,,,,,,,,,,,
HIST_FL_001658,HIST_FL_001658,HISTORICAL,FLOOD,2004,8,2004-08-01,month,,,missing,Himachal Pradesh,,1.0,,,,,,,,,,,,,,,
HIST_FL_001659,HIST_FL_001659,HISTORICAL,FLOOD,2004,8,2004-08-01,month,,,missing,Himachal Pradesh,,1.0,,1.0,,,,,,,,,,,,,
HIST_FL_001660,HIST_FL_001660,HISTORICAL,FLOOD,2004,8,2004-08-01,month,,,missing,Karnataka,,7.0,,6.0,,,,,,,,,,,,,
HIST_FL_001661,HIST_FL_001661,HISTORICAL,FLOOD,2004,8,2004-08-01,month,,,missing,Kerala,,6.0,,31.0,,,,,,,,,,,,,
HIST_FL_001662,HIST_FL_001662,HISTORICAL,FLOOD,2004,8,2004-08-01,month,,,missing,Madhya Pradesh,,1.0,,,,,,,,,,,,,,,
HIST_FL_001663,HIST_FL_001663,HISTORICAL,FLOOD,2004,8,2004-08-01,month,,,missing,Madhya Pradesh,,1.0,,,,,,,,,,,,,,,
HIST_FL_001664,HIST_FL_001664,HISTORICAL,FLOOD,2004,8,2004-08-01,month,,,missing,Maharashtra,,2.0,,3.0,,,,,,,,,,,,,
HIST_FL_001665,HIST_FL_001665,HISTORICAL,FLOOD,2004,8,2004-08-01,month,,,missing,Punjab,,3.0,,,,,,,,,,,,,,,
HIST_FL_001666,HIST_FL_001666,HISTORICAL,FLOOD,2004,8,2004-08-01,month,,,missing,Punjab,,1.0,,3.0,,,,,,,,,,,,,
HIST_FL_001667,HIST_FL_001667,HISTORICAL,FLOOD,2004,8,2004-08-01,month,,,missing,Punjab,,1.0,,,,,,,,,,,,,,,
HIST_FL_001668,HIST_FL_001668,HISTORICAL,FLOOD,2004,8,2004-08-01,month,,,missing,Rajasthan,,2.0,,6.0,,,,,,,,,,,,,
HIST_FL_001669,HIST_FL_001669,HISTORICAL,FLOOD,2004,8,2004-08-01,month,,,missing,Rajasthan,,1.0,,6.0,,,,,,,,,,,,,
HIST_FL_001670,HIST_FL_001670,HISTORICAL,FLOOD,2004,8,2004-08-01,month,,,missing,Rajasthan,,1.0,,,,,,,,,,,,,,,
HIST_FL_001671,HIST_FL_001671,HISTORICAL,FLOOD,2004,8,2004-08-01,month,,,missing,Uttarakhand,,1.0,,8.0,,,,,,,,,,,,,
HIST_FL_001672,HIST_FL_001672,HISTORICAL,FLOOD,2004,8,2004-08-01,month,,,missing,Uttar Pradesh,,3.0,,,,,,,,,,,,,,,
HIST_FL_001673,HIST_FL_001673,HISTORICAL,FLOOD,2004,8,2004-08-01,month,,,missing,West Bengal,,1.0,,,,,,,,,,,,,,,
HIST_FL_001674,HIST_FL_001674,HISTORICAL,FLOOD,2004,9,2004-09-01,month,,,missing,Assam,,2.0,,3.0,,,,,,,,,,,,,
HIST_FL_001675,HIST_FL_001675,HISTORICAL,FLOOD,2004,9,2004-09-01,month,,,missing,Karnataka,,1.0,,1.0,,,,,,,,,,,,,
HIST_FL_001676,HIST_FL_001676,HISTORICAL,FLOOD,2004,9,2004-09-01,month,,,missing,Karnataka,,1.0,,3.0,,,,,,,,,,,,,
HIST_FL_001677,HIST_FL_001677,HISTORICAL,FLOOD,2004,9,2004-09-01,month,,,missing,Maharashtra,,2.0,,14.0,,,,,,,,,,,,,
HIST_FL_001678,HIST_FL_001678,HISTORICAL,FLOOD,2004,9,2004-09-01,month,,,missing,Tamil Nadu,,1.0,,,,,,,,,,,,,,,
HIST_FL_001679,HIST_FL_001679,HISTORICAL,FLOOD,2004,9,2004-09-01,month,,,missing,Uttar Pradesh,,3.0,,84.0,,,,,,,,,,,,,
HIST_FL_001680,HIST_FL_001680,HISTORICAL,FLOOD,2004,9,2004-09-01,month,,,missing,West Bengal,,14.0,,17.0,,,,,,,,,,,,,
HIST_FL_001681,HIST_FL_001681,HISTORICAL,FLOOD,2004,10,2004-10-01,month,,,missing,Assam,,19.0,,200.0,,,,,,,,,,,,,
HIST_FL_001682,HIST_FL_001682,HISTORICAL,FLOOD,2004,10,2004-10-01,month,,,missing,Karnataka,,1.0,,,,,,,,,,,,,,,
HIST_FL_001683,HIST_FL_001683,HISTORICAL,FLOOD,2004,10,2004-10-01,month,,,missing,Karnataka,,2.0,,3.0,,,,,,,,,,,,,
HIST_FL_001684,HIST_FL_001684,HISTORICAL,FLOOD,2004,10,2004-10-01,month,,,missing,Kerala,,1.0,,2.0,,,,,,,,,,,,,
HIST_FL_001685,HIST_FL_001685,HISTORICAL,FLOOD,2004,10,2004-10-01,month,,,missing,Meghalaya,,3.0,,9.0,,,,,,,,,,,,,
HIST_FL_001686,HIST_FL_001686,HISTORICAL,FLOOD,2004,10,2004-10-01,month,,,missing,Tamil Nadu,,1.0,,5.0,,,,,,,,,,,,,
HIST_FL_001687,HIST_FL_001687,HISTORICAL,FLOOD,2004,10,2004-10-01,month,,,missing,West Bengal,,19.0,,18.0,,,,,,,,,,,,,
HIST_FL_001688,HIST_FL_001688,HISTORICAL,FLOOD,2004,11,2004-11-01,month,,,missing,Andhra Pradesh,,1.0,,4.0,,,,,,,,,,,,,
HIST_FL_001689,HIST_FL_001689,HISTORICAL,FLOOD,2004,11,2004-11-01,month,,,missing,Tamil Nadu,,1.0,,,,,,,,,,,,,,,
HIST_FL_001690,HIST_FL_001690,HISTORICAL,FLOOD,2004,11,2004-11-01,month,,,missing,Tamil Nadu,,1.0,,2.0,,,,,,,,,,,,,
HIST_FL_001691,HIST_FL_001691,HISTORICAL,FLOOD,2004,11,2004-11-01,month,,,missing,Tamil Nadu,,1.0,,,,,,,,,,,,,,,
HIST_FL_001692,HIST_FL_001692,HISTORICAL,FLOOD,2005,1,2005-01-01,month,,,missing,Karnataka,,1.0,,,,,,,,,,,,,,,
HIST_FL_001693,HIST_FL_001693,HISTORICAL,FLOOD,2005,1,2005-01-01,month,,,missing,Maharashtra,,2.0,,,,,,,,,,,,,,,
HIST_FL_001694,HIST_FL_001694,HISTORICAL,FLOOD,2005,2,2005-02-01,month,,,missing,Kerala,,1.0,,2.0,,,,,,,,,,,,,
HIST_FL_001695,HIST_FL_001695,HISTORICAL,FLOOD,2005,2,2005-02-01,month,,,missing,Maharashtra,,1.0,,,,,,,,,,,,,,,
HIST_FL_001696,HIST_FL_001696,HISTORICAL,FLOOD,2005,2,2005-02-01,month,,,missing,Maharashtra,,2.0,,,,,,,,,,,,,,,
HIST_FL_001697,HIST_FL_001697,HISTORICAL,FLOOD,2005,3,2005-03-01,month,,,missing,Haryana,,1.0,,,,,,,,,,,,,,,
HIST_FL_001698,HIST_FL_001698,HISTORICAL,FLOOD,2005,3,2005-03-01,month,,,missing,Himachal Pradesh,,7.0,,4.0,,,,,,,,,,,,,
HIST_FL_001699,HIST_FL_001699,HISTORICAL,FLOOD,2005,3,2005-03-01,month,,,missing,Kerala,,1.0,,,,,,,,,,,,,,,
HIST_FL_001700,HIST_FL_001700,HISTORICAL,FLOOD,2005,3,2005-03-01,month,,,missing,Maharashtra,,3.0,,3.0,,,,,,,,,,,,,
HIST_FL_001701,HIST_FL_001701,HISTORICAL,FLOOD,2005,4,2005-04-01,month,,,missing,Karnataka,,1.0,,,,,,,,,,,,,,,
HIST_FL_001702,HIST_FL_001702,HISTORICAL,FLOOD,2005,4,2005-04-01,month,,,missing,Kerala,,1.0,,,,,,,,,,,,,,,
HIST_FL_001703,HIST_FL_001703,HISTORICAL,FLOOD,2005,4,2005-04-01,month,,,missing,Kerala,,1.0,,,,,,,,,,,,,,,
HIST_FL_001704,HIST_FL_001704,HISTORICAL,FLOOD,2005,4,2005-04-01,month,,,missing,Kerala,,1.0,,,,,,,,,,,,,,,
HIST_FL_001705,HIST_FL_001705,HISTORICAL,FLOOD,2005,4,2005-04-01,month,,,missing,Kerala,,14.0,,2.0,,,,,,,,,,,,,
HIST_FL_001706,HIST_FL_001706,HISTORICAL,FLOOD,2005,4,2005-04-01,month,,,missing,Tamil Nadu,,1.0,,27.0,,,,,,,,,,,,,
HIST_FL_001707,HIST_FL_001707,HISTORICAL,FLOOD,2005,4,2005-04-01,month,,,missing,West Bengal,,1.0,,4.0,,,,,,,,,,,,,
HIST_FL_001708,HIST_FL_001708,HISTORICAL,FLOOD,2005,5,2005-05-01,month,,,missing,Assam,,1.0,,,,,,,,,,,,,,,
HIST_FL_001709,HIST_FL_001709,HISTORICAL,FLOOD,2005,5,2005-05-01,month,,,missing,Karnataka,,1.0,,,,,,,,,,,,,,,
HIST_FL_001710,HIST_FL_001710,HISTORICAL,FLOOD,2005,5,2005-05-01,month,,,missing,Kerala,,1.0,,,,,,,,,,,,,,,
HIST_FL_001711,HIST_FL_001711,HISTORICAL,FLOOD,2005,5,2005-05-01,month,,,missing,Kerala,,1.0,,,,,,,,,,,,,,,
HIST_FL_001712,HIST_FL_001712,HISTORICAL,FLOOD,2005,5,2005-05-01,month,,,missing,Kerala,,1.0,,,,,,,,,,,,,,,
HIST_FL_001713,HIST_FL_001713,HISTORICAL,FLOOD,2005,5,2005-05-01,month,,,missing,Rajasthan,,2.0,,,,,,,,,,,,,,,
HIST_FL_001714,HIST_FL_001714,HISTORICAL,FLOOD,2005,5,2005-05-01,month,,,missing,West Bengal,,1.0,,11.0,,,,,,,,,,,,,
HIST_FL_001715,HIST_FL_001715,HISTORICAL,FLOOD,2005,6,2005-06-01,month,,,missing,Assam,,14.0,,,,,,,,,,,,,,,
HIST_FL_001716,HIST_FL_001716,HISTORICAL,FLOOD,2005,6,2005-06-01,month,,,missing,Gujarat,,7.0,,202.0,,,,,,,,,,,,,
HIST_FL_001717,HIST_FL_001717,HISTORICAL,FLOOD,2005,6,2005-06-01,month,,,missing,Himachal Pradesh,,1.0,,,,,,,,,,,,,,,
HIST_FL_001718,HIST_FL_001718,HISTORICAL,FLOOD,2005,6,2005-06-01,month,,,missing,Himachal Pradesh,,2.0,,6.0,,,,,,,,,,,,,
HIST_FL_001719,HIST_FL_001719,HISTORICAL,FLOOD,2005,6,2005-06-01,month,,,missing,Karnataka,,1.0,,1.0,,,,,,,,,,,,,
HIST_FL_001720,HIST_FL_001720,HISTORICAL,FLOOD,2005,6,2005-06-01,month,,,missing,Karnataka,,1.0,,2.0,,,,,,,,,,,,,
HIST_FL_001721,HIST_FL_001721,HISTORICAL,FLOOD,2005,6,2005-06-01,month,,,missing,Karnataka,,1.0,,7.0,,,,,,,,,,,,,
HIST_FL_001722,HIST_FL_001722,HISTORICAL,FLOOD,2005,6,2005-06-01,month,,,missing,Karnataka,,1.0,,,,,,,,,,,,,,,
HIST_FL_001723,HIST_FL_001723,HISTORICAL,FLOOD,2005,6,2005-06-01,month,,,missing,Karnataka,,1.0,,2.0,,,,,,,,,,,,,
HIST_FL_001724,HIST_FL_001724,HISTORICAL,FLOOD,2005,6,2005-06-01,month,,,missing,Karnataka,,1.0,,,,,,,,,,,,,,,
HIST_FL_001725,HIST_FL_001725,HISTORICAL,FLOOD,2005,6,2005-06-01,month,,,missing,Kerala,,14.0,,2.0,,,,,,,,,,,,,
HIST_FL_001726,HIST_FL_001726,HISTORICAL,FLOOD,2005,6,2005-06-01,month,,,missing,Kerala,,14.0,,7.0,,,,,,,,,,,,,
HIST_FL_001727,HIST_FL_001727,HISTORICAL,FLOOD,2005,6,2005-06-01,month,,,missing,Madhya Pradesh,,4.0,,11.0,,,,,,,,,,,,,
HIST_FL_001728,HIST_FL_001728,HISTORICAL,FLOOD,2005,6,2005-06-01,month,,,missing,Maharashtra,,7.0,,,,,,,,,,,,,,,
HIST_FL_001729,HIST_FL_001729,HISTORICAL,FLOOD,2005,6,2005-06-01,month,,,missing,Rajasthan,,1.0,,3.0,,,,,,,,,,,,,
HIST_FL_001730,HIST_FL_001730,HISTORICAL,FLOOD,2005,6,2005-06-01,month,,,missing,Uttarakhand,,1.0,,9.0,,,,,,,,,,,,,
HIST_FL_001731,HIST_FL_001731,HISTORICAL,FLOOD,2005,7,2005-07-01,month,,,missing,Andhra Pradesh,,1.0,,9.0,,,,,,,,,,,,,
HIST_FL_001732,HIST_FL_001732,HISTORICAL,FLOOD,2005,7,2005-07-01,month,,,missing,Andhra Pradesh,,3.0,,9.0,,,,,,,,,,,,,
HIST_FL_001733,HIST_FL_001733,HISTORICAL,FLOOD,2005,7,2005-07-01,month,,,missing,Assam,,21.0,,15.0,,,,,,,,,,,,,
HIST_FL_001734,HIST_FL_001734,HISTORICAL,FLOOD,2005,7,2005-07-01,month,,,missing,Goa,,3.0,,7.0,,,,,,,,,,,,,
HIST_FL_001735,HIST_FL_001735,HISTORICAL,FLOOD,2005,7,2005-07-01,month,,,missing,Gujarat,,21.0,,11.0,,,,,,,,,,,,,
HIST_FL_001736,HIST_FL_001736,HISTORICAL,FLOOD,2005,7,2005-07-01,month,,,missing,Haryana,,1.0,,,,,,,,,,,,,,,
HIST_FL_001737,HIST_FL_001737,HISTORICAL,FLOOD,2005,7,2005-07-01,month,,,missing,Haryana,,14.0,,1.0,,,,,,,,,,,,,
HIST_FL_001738,HIST_FL_001738,HISTORICAL,FLOOD,2005,7,2005-07-01,month,,,missing,Haryana,,1.0,,,,,,,,,,,,,,,
HIST_FL_001739,HIST_FL_001739,HISTORICAL,FLOOD,2005,7,2005-07-01,month,,,missing,Himachal Pradesh,,1.0,,,,,,,,,,,,,,,
HIST_FL_001740,HIST_FL_001740,HISTORICAL,FLOOD,2005,7,2005-07-01,month,,,missing,Himachal Pradesh,,1.0,,,,,,,,,,,,,,,
HIST_FL_001741,HIST_FL_001741,HISTORICAL,FLOOD,2005,7,2005-07-01,month,,,missing,Himachal Pradesh,,1.0,,,,,,,,,,,,,,,
HIST_FL_001742,HIST_FL_001742,HISTORICAL,FLOOD,2005,7,2005-07-01,month,,,missing,Himachal Pradesh,,1.0,,,,,,,,,,,,,,,
HIST_FL_001743,HIST_FL_001743,HISTORICAL,FLOOD,2005,7,2005-07-01,month,,,missing,Himachal Pradesh,,2.0,,,,,,,,,,,,,,,
HIST_FL_001744,HIST_FL_001744,HISTORICAL,FLOOD,2005,7,2005-07-01,month,,,missing,Himachal Pradesh,,1.0,,,,,,,,,,,,,,,
HIST_FL_001745,HIST_FL_001745,HISTORICAL,FLOOD,2005,7,2005-07-01,month,,,missing,Karnataka,,1.0,,1.0,,,,,,,,,,,,,
HIST_FL_001746,HIST_FL_001746,HISTORICAL,FLOOD,2005,7,2005-07-01,month,,,missing,Karnataka,,1.0,,,,,,,,,,,,,,,
HIST_FL_001747,HIST_FL_001747,HISTORICAL,FLOOD,2005,7,2005-07-01,month,,,missing,Karnataka,,1.0,,2.0,,,,,,,,,,,,,
HIST_FL_001748,HIST_FL_001748,HISTORICAL,FLOOD,2005,7,2005-07-01,month,,,missing,Karnataka,,7.0,,4.0,,,,,,,,,,,,,
HIST_FL_001749,HIST_FL_001749,HISTORICAL,FLOOD,2005,7,2005-07-01,month,,,missing,Karnataka,,7.0,,6.0,,,,,,,,,,,,,
HIST_FL_001750,HIST_FL_001750,HISTORICAL,FLOOD,2005,7,2005-07-01,month,,,missing,Karnataka,,1.0,,,,,,,,,,,,,,,
HIST_FL_001751,HIST_FL_001751,HISTORICAL,FLOOD,2005,7,2005-07-01,month,,,missing,Karnataka,,1.0,,,,,,,,,,,,,,,
HIST_FL_001752,HIST_FL_001752,HISTORICAL,FLOOD,2005,7,2005-07-01,month,,,missing,Karnataka,,1.0,,,,,,,,,,,,,,,
HIST_FL_001753,HIST_FL_001753,HISTORICAL,FLOOD,2005,7,2005-07-01,month,,,missing,Karnataka,,1.0,,,,,,,,,,,,,,,
HIST_FL_001754,HIST_FL_001754,HISTORICAL,FLOOD,2005,7,2005-07-01,month,,,missing,Karnataka,,1.0,,1.0,,,,,,,,,,,,,
HIST_FL_001755,HIST_FL_001755,HISTORICAL,FLOOD,2005,7,2005-07-01,month,,,missing,Kerala,,1.0,,1.0,,,,,,,,,,,,,
HIST_FL_001756,HIST_FL_001756,HISTORICAL,FLOOD,2005,7,2005-07-01,month,,,missing,Kerala,,1.0,,5.0,,,,,,,,,,,,,
HIST_FL_001757,HIST_FL_001757,HISTORICAL,FLOOD,2005,7,2005-07-01,month,,,missing,Kerala,,1.0,,,,,,,,,,,,,,,
HIST_FL_001758,HIST_FL_001758,HISTORICAL,FLOOD,2005,7,2005-07-01,month,,,missing,Kerala,,1.0,,,,,,,,,,,,,,,
HIST_FL_001759,HIST_FL_001759,HISTORICAL,FLOOD,2005,7,2005-07-01,month,,,missing,Kerala,,1.0,,,,,,,,,,,,,,,
HIST_FL_001760,HIST_FL_001760,HISTORICAL,FLOOD,2005,7,2005-07-01,month,,,missing,Kerala,,7.0,,28.0,,,,,,,,,,,,,
HIST_FL_001761,HIST_FL_001761,HISTORICAL,FLOOD,2005,7,2005-07-01,month,,,missing,Madhya Pradesh,,1.0,,,,,,,,,,,,,,,
HIST_FL_001762,HIST_FL_001762,HISTORICAL,FLOOD,2005,7,2005-07-01,month,,,missing,Madhya Pradesh,,1.0,,,,,,,,,,,,,,,
HIST_FL_001763,HIST_FL_001763,HISTORICAL,FLOOD,2005,7,2005-07-01,month,,,missing,Madhya Pradesh,,7.0,,37.0,,,,,,,,,,,,,
HIST_FL_001764,HIST_FL_001764,HISTORICAL,FLOOD,2005,7,2005-07-01,month,,,missing,Madhya Pradesh,,17.0,,16.0,,,,,,,,,,,,,
HIST_FL_001765,HIST_FL_001765,HISTORICAL,FLOOD,2005,7,2005-07-01,month,,,missing,Maharashtra,,1.0,,,,,,,,,,,,,,,
HIST_FL_001766,HIST_FL_001766,HISTORICAL,FLOOD,2005,7,2005-07-01,month,,,missing,Maharashtra,,1.0,,,,,,,,,,,,,,,
HIST_FL_001767,HIST_FL_001767,HISTORICAL,FLOOD,2005,7,2005-07-01,month,,,missing,Maharashtra,,1.0,,,,,,,,,,,,,,,
HIST_FL_001768,HIST_FL_001768,HISTORICAL,FLOOD,2005,7,2005-07-01,month,,,missing,Maharashtra,,2.0,,32.0,,,,,,,,,,,,,
HIST_FL_001769,HIST_FL_001769,HISTORICAL,FLOOD,2005,7,2005-07-01,month,,,missing,Maharashtra,,1.0,,4.0,,,,,,,,,,,,,
HIST_FL_001770,HIST_FL_001770,HISTORICAL,FLOOD,2005,7,2005-07-01,month,,,missing,Maharashtra,,1.0,,1.0,,,,,,,,,,,,,
HIST_FL_001771,HIST_FL_001771,HISTORICAL,FLOOD,2005,7,2005-07-01,month,,,missing,Maharashtra,,2.0,,273.0,,,,,,,,,,,,,
HIST_FL_001772,HIST_FL_001772,HISTORICAL,FLOOD,2005,7,2005-07-01,month,,,missing,Maharashtra,,7.0,,527.0,,,,,,,,,,,,,
HIST_FL_001773,HIST_FL_001773,HISTORICAL,FLOOD,2005,7,2005-07-01,month,,,missing,Punjab,,1.0,,,,,,,,,,,,,,,
HIST_FL_001774,HIST_FL_001774,HISTORICAL,FLOOD,2005,7,2005-07-01,month,,,missing,Punjab,,1.0,,2.0,,,,,,,,,,,,,
HIST_FL_001775,HIST_FL_001775,HISTORICAL,FLOOD,2005,7,2005-07-01,month,,,missing,Punjab,,1.0,,,,,,,,,,,,,,,
HIST_FL_001776,HIST_FL_001776,HISTORICAL,FLOOD,2005,7,2005-07-01,month,,,missing,Punjab,,1.0,,2.0,,,,,,,,,,,,,
HIST_FL_001777,HIST_FL_001777,HISTORICAL,FLOOD,2005,7,2005-07-01,month,,,missing,Punjab,,1.0,,,,,,,,,,,,,,,
HIST_FL_001778,HIST_FL_001778,HISTORICAL,FLOOD,2005,7,2005-07-01,month,,,missing,Punjab,,1.0,,,,,,,,,,,,,,,
HIST_FL_001779,HIST_FL_001779,HISTORICAL,FLOOD,2005,7,2005-07-01,month,,,missing,Rajasthan,,2.0,,4.0,,,,,,,,,,,,,
HIST_FL_001780,HIST_FL_001780,HISTORICAL,FLOOD,2005,7,2005-07-01,month,,,missing,Rajasthan,,1.0,,3.0,,,,,,,,,,,,,
HIST_FL_001781,HIST_FL_001781,HISTORICAL,FLOOD,2005,7,2005-07-01,month,,,missing,Rajasthan,,1.0,,3.0,,,,,,,,,,,,,
HIST_FL_001782,HIST_FL_001782,HISTORICAL,FLOOD,2005,7,2005-07-01,month,,,missing,Rajasthan,,1.0,,3.0,,,,,,,,,,,,,
HIST_FL_001783,HIST_FL_001783,HISTORICAL,FLOOD,2005,7,2005-07-01,month,,,missing,Rajasthan,,1.0,,1.0,,,,,,,,,,,,,
HIST_FL_001784,HIST_FL_001784,HISTORICAL,FLOOD,2005,7,2005-07-01,month,,,missing,Uttarakhand,,1.0,,23.0,,,,,,,,,,,,,
HIST_FL_001785,HIST_FL_001785,HISTORICAL,FLOOD,2005,7,2005-07-01,month,,,missing,Uttarakhand,,1.0,,,,,,,,,,,,,,,
HIST_FL_001786,HIST_FL_001786,HISTORICAL,FLOOD,2005,7,2005-07-01,month,,,missing,Uttarakhand,,1.0,,,,,,,,,,,,,,,
HIST_FL_001787,HIST_FL_001787,HISTORICAL,FLOOD,2005,7,2005-07-01,month,,,missing,Uttarakhand,,1.0,,4.0,,,,,,,,,,,,,
HIST_FL_001788,HIST_FL_001788,HISTORICAL,FLOOD,2005,7,2005-07-01,month,,,missing,Uttar Pradesh,,1.0,,23.0,,,,,,,,,,,,,
HIST_FL_001789,HIST_FL_001789,HISTORICAL,FLOOD,2005,7,2005-07-01,month,,,missing,Uttar Pradesh,,1.0,,,,,,,,,,,,,,,
HIST_FL_001790,HIST_FL_001790,HISTORICAL,FLOOD,2005,7,2005-07-01,month,,,missing,Uttar Pradesh,,1.0,,,,,,,,,,,,,,,
HIST_FL_001791,HIST_FL_001791,HISTORICAL,FLOOD,2005,7,2005-07-01,month,,,missing,West Bengal,,1.0,,,,,,,,,,,,,,,
HIST_FL_001792,HIST_FL_001792,HISTORICAL,FLOOD,2005,7,2005-07-01,month,,,missing,West Bengal,,2.0,,,,,,,,,,,,,,,
HIST_FL_001793,HIST_FL_001793,HISTORICAL,FLOOD,2005,8,2005-08-01,month,,,missing,Arunachal Pradesh,,4.0,,1.0,,,,,,,,,,,,,
HIST_FL_001794,HIST_FL_001794,HISTORICAL,FLOOD,2005,8,2005-08-01,month,,,missing,Assam,,7.0,,43.0,,,,,,,,,,,,,
HIST_FL_001795,HIST_FL_001795,HISTORICAL,FLOOD,2005,8,2005-08-01,month,,,missing,Assam,,1.0,,2.0,,,,,,,,,,,,,
HIST_FL_001796,HIST_FL_001796,HISTORICAL,FLOOD,2005,8,2005-08-01,month,,,missing,Assam,,1.0,,,,,,,,,,,,,,,
HIST_FL_001797,HIST_FL_001797,HISTORICAL,FLOOD,2005,8,2005-08-01,month,,,missing,Assam,,1.0,,,,,,,,,,,,,,,
HIST_FL_001798,HIST_FL_001798,HISTORICAL,FLOOD,2005,8,2005-08-01,month,,,missing,Assam,,7.0,,15.0,,,,,,,,,,,,,
HIST_FL_001799,HIST_FL_001799,HISTORICAL,FLOOD,2005,8,2005-08-01,month,,,missing,Assam,,1.0,,,,,,,,,,,,,,,
HIST_FL_001800,HIST_FL_001800,HISTORICAL,FLOOD,2005,8,2005-08-01,month,,,missing,Gujarat,,5.0,,69.0,,,,,,,,,,,,,
HIST_FL_001801,HIST_FL_001801,HISTORICAL,FLOOD,2005,8,2005-08-01,month,,,missing,Himachal Pradesh,,1.0,,,,,,,,,,,,,,,
HIST_FL_001802,HIST_FL_001802,HISTORICAL,FLOOD,2005,8,2005-08-01,month,,,missing,Jammu and Kashmir,,1.0,,11.0,,,,,,,,,,,,,
HIST_FL_001803,HIST_FL_001803,HISTORICAL,FLOOD,2005,8,2005-08-01,month,,,missing,Karnataka,,1.0,,,,,,,,,,,,,,,
HIST_FL_001804,HIST_FL_001804,HISTORICAL,FLOOD,2005,8,2005-08-01,month,,,missing,Karnataka,,4.0,,,,,,,,,,,,,,,
HIST_FL_001805,HIST_FL_001805,HISTORICAL,FLOOD,2005,8,2005-08-01,month,,,missing,Karnataka,,1.0,,3.0,,,,,,,,,,,,,
HIST_FL_001806,HIST_FL_001806,HISTORICAL,FLOOD,2005,8,2005-08-01,month,,,missing,Karnataka,,1.0,,,,,,,,,,,,,,,
HIST_FL_001807,HIST_FL_001807,HISTORICAL,FLOOD,2005,8,2005-08-01,month,,,missing,Maharashtra,,7.0,,302.0,,,,,,,,,,,,,
HIST_FL_001808,HIST_FL_001808,HISTORICAL,FLOOD,2005,8,2005-08-01,month,,,missing,Maharashtra,,2.0,,3.0,,,,,,,,,,,,,
HIST_FL_001809,HIST_FL_001809,HISTORICAL,FLOOD,2005,8,2005-08-01,month,,,missing,Maharashtra,,2.0,,4.0,,,,,,,,,,,,,
HIST_FL_001810,HIST_FL_001810,HISTORICAL,FLOOD,2005,8,2005-08-01,month,,,missing,Odisha,,1.0,,5.0,,,,,,,,,,,,,
HIST_FL_001811,HIST_FL_001811,HISTORICAL,FLOOD,2005,8,2005-08-01,month,,,missing,Punjab,,1.0,,,,,,,,,,,,,,,
HIST_FL_001812,HIST_FL_001812,HISTORICAL,FLOOD,2005,8,2005-08-01,month,,,missing,Rajasthan,,1.0,,,,,,,,,,,,,,,
HIST_FL_001813,HIST_FL_001813,HISTORICAL,FLOOD,2005,8,2005-08-01,month,,,missing,Rajasthan,,1.0,,,,,,,,,,,,,,,
HIST_FL_001814,HIST_FL_001814,HISTORICAL,FLOOD,2005,8,2005-08-01,month,,,missing,Uttarakhand,,1.0,,11.0,,,,,,,,,,,,,
HIST_FL_001815,HIST_FL_001815,HISTORICAL,FLOOD,2005,8,2005-08-01,month,,,missing,Uttarakhand,,1.0,,10.0,,,,,,,,,,,,,
HIST_FL_001816,HIST_FL_001816,HISTORICAL,FLOOD,2005,8,2005-08-01,month,,,missing,Uttar Pradesh,,1.0,,5.0,,,,,,,,,,,,,
HIST_FL_001817,HIST_FL_001817,HISTORICAL,FLOOD,2005,8,2005-08-01,month,,,missing,Uttar Pradesh,,7.0,,89.0,,,,,,,,,,,,,
HIST_FL_001818,HIST_FL_001818,HISTORICAL,FLOOD,2005,8,2005-08-01,month,,,missing,Uttar Pradesh,,2.0,,8.0,,,,,,,,,,,,,
HIST_FL_001819,HIST_FL_001819,HISTORICAL,FLOOD,2005,8,2005-08-01,month,,,missing,West Bengal,,1.0,,15.0,,,,,,,,,,,,,
HIST_FL_001820,HIST_FL_001820,HISTORICAL,FLOOD,2005,8,2005-08-01,month,,,missing,West Bengal,,1.0,,,,,,,,,,,,,,,
HIST_FL_001821,HIST_FL_001821,HISTORICAL,FLOOD,2005,8,2005-08-01,month,,,missing,West Bengal,,1.0,,,,,,,,,,,,,,,
HIST_FL_001822,HIST_FL_001822,HISTORICAL,FLOOD,2005,8,2005-08-01,month,,,missing,West Bengal,,1.0,,3.0,,,,,,,,,,,,,
HIST_FL_001823,HIST_FL_001823,HISTORICAL,FLOOD,2005,9,2005-09-01,month,,,missing,Andhra Pradesh,,2.0,,6.0,,,,,,,,,,,,,
HIST_FL_001824,HIST_FL_001824,HISTORICAL,FLOOD,2005,9,2005-09-01,month,,,missing,Assam,,7.0,,,,,,,,,,,,,,,
HIST_FL_001825,HIST_FL_001825,HISTORICAL,FLOOD,2005,9,2005-09-01,month,,,missing,Assam,,2.0,,,,,,,,,,,,,,,
HIST_FL_001826,HIST_FL_001826,HISTORICAL,FLOOD,2005,9,2005-09-01,month,,,missing,Gujarat,,28.0,,20.0,,,,,,,,,,,,,
HIST_FL_001827,HIST_FL_001827,HISTORICAL,FLOOD,2005,9,2005-09-01,month,,,missing,Haryana,,1.0,,,,,,,,,,,,,,,
HIST_FL_001828,HIST_FL_001828,HISTORICAL,FLOOD,2005,9,2005-09-01,month,,,missing,Himachal Pradesh,,2.0,,6.0,,,,,,,,,,,,,
HIST_FL_001829,HIST_FL_001829,HISTORICAL,FLOOD,2005,9,2005-09-01,month,,,missing,Kerala,,1.0,,,,,,,,,,,,,,,
HIST_FL_001830,HIST_FL_001830,HISTORICAL,FLOOD,2005,9,2005-09-01,month,,,missing,Madhya Pradesh,,2.0,,,,,,,,,,,,,,,
HIST_FL_001831,HIST_FL_001831,HISTORICAL,FLOOD,2005,9,2005-09-01,month,,,missing,Maharashtra,,1.0,,,,,,,,,,,,,,,
HIST_FL_001832,HIST_FL_001832,HISTORICAL,FLOOD,2005,9,2005-09-01,month,,,missing,Maharashtra,,1.0,,2.0,,,,,,,,,,,,,
HIST_FL_001833,HIST_FL_001833,HISTORICAL,FLOOD,2005,9,2005-09-01,month,,,missing,Maharashtra,,1.0,,,,,,,,,,,,,,,
HIST_FL_001834,HIST_FL_001834,HISTORICAL,FLOOD,2005,9,2005-09-01,month,,,missing,Maharashtra,,7.0,,11.0,,,,,,,,,,,,,
HIST_FL_001835,HIST_FL_001835,HISTORICAL,FLOOD,2005,9,2005-09-01,month,,,missing,Maharashtra,,1.0,,,,,,,,,,,,,,,
HIST_FL_001836,HIST_FL_001836,HISTORICAL,FLOOD,2005,9,2005-09-01,month,,,missing,Maharashtra,,1.0,,2.0,,,,,,,,,,,,,
HIST_FL_001837,HIST_FL_001837,HISTORICAL,FLOOD,2005,9,2005-09-01,month,,,missing,Maharashtra,,7.0,,10.0,,,,,,,,,,,,,
HIST_FL_001838,HIST_FL_001838,HISTORICAL,FLOOD,2005,9,2005-09-01,month,,,missing,Odisha,,1.0,,4.0,,,,,,,,,,,,,
HIST_FL_001839,HIST_FL_001839,HISTORICAL,FLOOD,2005,9,2005-09-01,month,,,missing,Uttarakhand,,2.0,,,,,,,,,,,,,,,
HIST_FL_001840,HIST_FL_001840,HISTORICAL,FLOOD,2005,9,2005-09-01,month,,,missing,Uttarakhand,,1.0,,18.0,,,,,,,,,,,,,
HIST_FL_001841,HIST_FL_001841,HISTORICAL,FLOOD,2005,9,2005-09-01,month,,,missing,Uttar Pradesh,,1.0,,8.0,,,,,,,,,,,,,
HIST_FL_001842,HIST_FL_001842,HISTORICAL,FLOOD,2005,9,2005-09-01,month,,,missing,Uttar Pradesh,,1.0,,1.0,,,,,,,,,,,,,
HIST_FL_001843,HIST_FL_001843,HISTORICAL,FLOOD,2005,9,2005-09-01,month,,,missing,Uttar Pradesh,,1.0,,18.0,,,,,,,,,,,,,
HIST_FL_001844,HIST_FL_001844,HISTORICAL,FLOOD,2005,9,2005-09-01,month,,,missing,West Bengal,,3.0,,2.0,,,,,,,,,,,,,
HIST_FL_001845,HIST_FL_001845,HISTORICAL,FLOOD,2005,9,2005-09-01,month,,,missing,West Bengal,,3.0,,2.0,,,,,,,,,,,,,
HIST_FL_001846,HIST_FL_001846,HISTORICAL,FLOOD,2005,9,2005-09-01,month,,,missing,West Bengal,,1.0,,,,,,,,,,,,,,,
HIST_FL_001847,HIST_FL_001847,HISTORICAL,FLOOD,2005,10,2005-10-01,month,,,missing,Andhra Pradesh,,3.0,,19.0,,,,,,,,,,,,,
HIST_FL_001848,HIST_FL_001848,HISTORICAL,FLOOD,2005,10,2005-10-01,month,,,missing,Andhra Pradesh,,1.0,,10.0,,,,,,,,,,,,,
HIST_FL_001849,HIST_FL_001849,HISTORICAL,FLOOD,2005,10,2005-10-01,month,,,missing,Karnataka,,1.0,,,,,,,,,,,,,,,
HIST_FL_001850,HIST_FL_001850,HISTORICAL,FLOOD,2005,10,2005-10-01,month,,,missing,Karnataka,,7.0,,13.0,,,,,,,,,,,,,
HIST_FL_001851,HIST_FL_001851,HISTORICAL,FLOOD,2005,10,2005-10-01,month,,,missing,Karnataka,,7.0,,33.0,,,,,,,,,,,,,
HIST_FL_001852,HIST_FL_001852,HISTORICAL,FLOOD,2005,10,2005-10-01,month,,,missing,Kerala,,1.0,,,,,,,,,,,,,,,
HIST_FL_001853,HIST_FL_001853,HISTORICAL,FLOOD,2005,10,2005-10-01,month,,,missing,Kerala,,1.0,,,,,,,,,,,,,,,
HIST_FL_001854,HIST_FL_001854,HISTORICAL,FLOOD,2005,10,2005-10-01,month,,,missing,Kerala,,7.0,,1.0,,,,,,,,,,,,,
HIST_FL_001855,HIST_FL_001855,HISTORICAL,FLOOD,2005,10,2005-10-01,month,,,missing,Kerala,,2.0,,,,,,,,,,,,,,,
HIST_FL_001856,HIST_FL_001856,HISTORICAL,FLOOD,2005,10,2005-10-01,month,,,missing,Tamil Nadu,,1.0,,2.0,,,,,,,,,,,,,
HIST_FL_001857,HIST_FL_001857,HISTORICAL,FLOOD,2005,10,2005-10-01,month,,,missing,Tamil Nadu,,14.0,,80.0,,,,,,,,,,,,,
HIST_FL_001858,HIST_FL_001858,HISTORICAL,FLOOD,2005,10,2005-10-01,month,,,missing,West Bengal,,1.0,,2.0,,,,,,,,,,,,,
HIST_FL_001859,HIST_FL_001859,HISTORICAL,FLOOD,2005,10,2005-10-01,month,,,missing,West Bengal,,1.0,,12.0,,,,,,,,,,,,,
HIST_FL_001860,HIST_FL_001860,HISTORICAL,FLOOD,2005,10,2005-10-01,month,,,missing,West Bengal,,2.0,,32.0,,,,,,,,,,,,,
HIST_FL_001861,HIST_FL_001861,HISTORICAL,FLOOD,2005,11,2005-11-01,month,,,missing,Kerala,,7.0,,,,,,,,,,,,,,,
HIST_FL_001862,HIST_FL_001862,HISTORICAL,FLOOD,2005,11,2005-11-01,month,,,missing,Tamil Nadu,,1.0,,,,,,,,,,,,,,,
HIST_FL_001863,HIST_FL_001863,HISTORICAL,FLOOD,2005,11,2005-11-01,month,,,missing,Tamil Nadu,,1.0,,8.0,,,,,,,,,,,,,
HIST_FL_001864,HIST_FL_001864,HISTORICAL,FLOOD,2005,11,2005-11-01,month,,,missing,Tamil Nadu,,1.0,,,,,,,,,,,,,,,
HIST_FL_001865,HIST_FL_001865,HISTORICAL,FLOOD,2005,11,2005-11-01,month,,,missing,West Bengal,,1.0,,,,,,,,,,,,,,,
HIST_FL_001866,HIST_FL_001866,HISTORICAL,FLOOD,2005,12,2005-12-01,month,,,missing,Kerala,,8.0,,,,,,,,,,,,,,,
HIST_FL_001867,HIST_FL_001867,HISTORICAL,FLOOD,2005,12,2005-12-01,month,,,missing,Tamil Nadu,,2.0,,6.0,,,,,,,,,,,,,
HIST_FL_001868,HIST_FL_001868,HISTORICAL,FLOOD,2005,12,2005-12-01,month,,,missing,Tamil Nadu,,1.0,,,,,,,,,,,,,,,
HIST_FL_001869,HIST_FL_001869,HISTORICAL,FLOOD,2005,12,2005-12-01,month,,,missing,Tamil Nadu,,1.0,,,,,,,,,,,,,,,
HIST_FL_001870,HIST_FL_001870,HISTORICAL,FLOOD,2005,12,2005-12-01,month,,,missing,Tamil Nadu,,1.0,,2.0,,,,,,,,,,,,,
HIST_FL_001871,HIST_FL_001871,HISTORICAL,FLOOD,2006,3,2006-03-01,month,,,missing,Kerala,,1.0,,,,,,,,,,,,,,,
HIST_FL_001872,HIST_FL_001872,HISTORICAL,FLOOD,2006,4,2006-04-01,month,,,missing,Punjab,,1.0,,,,,,,,,,,,,,,
HIST_FL_001873,HIST_FL_001873,HISTORICAL,FLOOD,2006,5,2006-05-01,month,,,missing,Assam,,3.0,,,,,,,,,,,,,,,
HIST_FL_001874,HIST_FL_001874,HISTORICAL,FLOOD,2006,5,2006-05-01,month,,,missing,Himachal Pradesh,,1.0,,1.0,,,,,,,,,,,,,
HIST_FL_001875,HIST_FL_001875,HISTORICAL,FLOOD,2006,5,2006-05-01,month,,,missing,Karnataka,,4.0,,21.0,,,,,,,,,,,,,
HIST_FL_001876,HIST_FL_001876,HISTORICAL,FLOOD,2006,5,2006-05-01,month,,,missing,Kerala,,1.0,,1.0,,,,,,,,,,,,,
HIST_FL_001877,HIST_FL_001877,HISTORICAL,FLOOD,2006,5,2006-05-01,month,,,missing,Kerala,,3.0,,2.0,,,,,,,,,,,,,
HIST_FL_001878,HIST_FL_001878,HISTORICAL,FLOOD,2006,5,2006-05-01,month,,,missing,Maharashtra,,1.0,,1.0,,,,,,,,,,,,,
HIST_FL_001879,HIST_FL_001879,HISTORICAL,FLOOD,2006,5,2006-05-01,month,,,missing,Maharashtra,,4.0,,38.0,,,,,,,,,,,,,
HIST_FL_001880,HIST_FL_001880,HISTORICAL,FLOOD,2006,5,2006-05-01,month,,,missing,Punjab,,1.0,,,,,,,,,,,,,,,
HIST_FL_001881,HIST_FL_001881,HISTORICAL,FLOOD,2006,5,2006-05-01,month,,,missing,Tamil Nadu,,1.0,,,,,,,,,,,,,,,
HIST_FL_001882,HIST_FL_001882,HISTORICAL,FLOOD,2006,6,2006-06-01,month,,,missing,Arunachal Pradesh,,1.0,,,,,,,,,,,,,,,
HIST_FL_001883,HIST_FL_001883,HISTORICAL,FLOOD,2006,6,2006-06-01,month,,,missing,Assam,,7.0,,9.0,,,,,,,,,,,,,
HIST_FL_001884,HIST_FL_001884,HISTORICAL,FLOOD,2006,6,2006-06-01,month,,,missing,Assam,,1.0,,7.0,,,,,,,,,,,,,
HIST_FL_001885,HIST_FL_001885,HISTORICAL,FLOOD,2006,6,2006-06-01,month,,,missing,Gujarat,,1.0,,4.0,,,,,,,,,,,,,
HIST_FL_001886,HIST_FL_001886,HISTORICAL,FLOOD,2006,6,2006-06-01,month,,,missing,Himachal Pradesh,,1.0,,,,,,,,,,,,,,,
HIST_FL_001887,HIST_FL_001887,HISTORICAL,FLOOD,2006,6,2006-06-01,month,,,missing,Kerala,,1.0,,10.0,,,,,,,,,,,,,
HIST_FL_001888,HIST_FL_001888,HISTORICAL,FLOOD,2006,6,2006-06-01,month,,,missing,Kerala,,3.0,,3.0,,,,,,,,,,,,,
HIST_FL_001889,HIST_FL_001889,HISTORICAL,FLOOD,2006,6,2006-06-01,month,,,missing,Kerala,,1.0,,,,,,,,,,,,,,,
HIST_FL_001890,HIST_FL_001890,HISTORICAL,FLOOD,2006,6,2006-06-01,month,,,missing,Maharashtra,,1.0,,6.0,,,,,,,,,,,,,
HIST_FL_001891,HIST_FL_001891,HISTORICAL,FLOOD,2006,6,2006-06-01,month,,,missing,Maharashtra,,3.0,,18.0,,,,,,,,,,,,,
HIST_FL_001892,HIST_FL_001892,HISTORICAL,FLOOD,2006,6,2006-06-01,month,,,missing,Maharashtra,,1.0,,3.0,,,,,,,,,,,,,
HIST_FL_001893,HIST_FL_001893,HISTORICAL,FLOOD,2006,6,2006-06-01,month,,,missing,Punjab,,1.0,,,,,,,,,,,,,,,
HIST_FL_001894,HIST_FL_001894,HISTORICAL,FLOOD,2006,6,2006-06-01,month,,,missing,Uttarakhand,,1.0,,15.0,,,,,,,,,,,,,
HIST_FL_001895,HIST_FL_001895,HISTORICAL,FLOOD,2006,6,2006-06-01,month,,,missing,Uttar Pradesh,,1.0,,15.0,,,,,,,,,,,,,
HIST_FL_001896,HIST_FL_001896,HISTORICAL,FLOOD,2006,7,2006-07-01,month,,,missing,Assam,,1.0,,1.0,,,,,,,,,,,,,
HIST_FL_001897,HIST_FL_001897,HISTORICAL,FLOOD,2006,7,2006-07-01,month,,,missing,Assam,,4.0,,,,,,,,,,,,,,,
HIST_FL_001898,HIST_FL_001898,HISTORICAL,FLOOD,2006,7,2006-07-01,month,,,missing,Assam,,1.0,,,,,,,,,,,,,,,
HIST_FL_001899,HIST_FL_001899,HISTORICAL,FLOOD,2006,7,2006-07-01,month,,,missing,Bihar,,1.0,,,,,,,,,,,,,,,
HIST_FL_001900,HIST_FL_001900,HISTORICAL,FLOOD,2006,7,2006-07-01,month,,,missing,Bihar,,2.0,,22.0,,,,,,,,,,,,,
HIST_FL_001901,HIST_FL_001901,HISTORICAL,FLOOD,2006,7,2006-07-01,month,,,missing,Chhattisgarh,,1.0,,2.0,,,,,,,,,,,,,
HIST_FL_001902,HIST_FL_001902,HISTORICAL,FLOOD,2006,7,2006-07-01,month,,,missing,Chhattisgarh,,1.0,,,,,,,,,,,,,,,
HIST_FL_001903,HIST_FL_001903,HISTORICAL,FLOOD,2006,7,2006-07-01,month,,,missing,Gujarat,,2.0,,9.0,,,,,,,,,,,,,
HIST_FL_001904,HIST_FL_001904,HISTORICAL,FLOOD,2006,7,2006-07-01,month,,,missing,Gujarat,,2.0,,15.0,,,,,,,,,,,,,
HIST_FL_001905,HIST_FL_001905,HISTORICAL,FLOOD,2006,7,2006-07-01,month,,,missing,Haryana,,2.0,,,,,,,,,,,,,,,
HIST_FL_001906,HIST_FL_001906,HISTORICAL,FLOOD,2006,7,2006-07-01,month,,,missing,Haryana,,1.0,,,,,,,,,,,,,,,
HIST_FL_001907,HIST_FL_001907,HISTORICAL,FLOOD,2006,7,2006-07-01,month,,,missing,Haryana,,2.0,,,,,,,,,,,,,,,
HIST_FL_001908,HIST_FL_001908,HISTORICAL,FLOOD,2006,7,2006-07-01,month,,,missing,Himachal Pradesh,,1.0,,,,,,,,,,,,,,,
HIST_FL_001909,HIST_FL_001909,HISTORICAL,FLOOD,2006,7,2006-07-01,month,,,missing,Himachal Pradesh,,2.0,,,,,,,,,,,,,,,
HIST_FL_001910,HIST_FL_001910,HISTORICAL,FLOOD,2006,7,2006-07-01,month,,,missing,Himachal Pradesh,,6.0,,15.0,,,,,,,,,,,,,
HIST_FL_001911,HIST_FL_001911,HISTORICAL,FLOOD,2006,7,2006-07-01,month,,,missing,Jharkhand,,2.0,,15.0,,,,,,,,,,,,,
HIST_FL_001912,HIST_FL_001912,HISTORICAL,FLOOD,2006,7,2006-07-01,month,,,missing,Karnataka,,1.0,,,,,,,,,,,,,,,
HIST_FL_001913,HIST_FL_001913,HISTORICAL,FLOOD,2006,7,2006-07-01,month,,,missing,Karnataka,,1.0,,,,,,,,,,,,,,,
HIST_FL_001914,HIST_FL_001914,HISTORICAL,FLOOD,2006,7,2006-07-01,month,,,missing,Kerala,,3.0,,1.0,,,,,,,,,,,,,
HIST_FL_001915,HIST_FL_001915,HISTORICAL,FLOOD,2006,7,2006-07-01,month,,,missing,Kerala,,1.0,,6.0,,,,,,,,,,,,,
HIST_FL_001916,HIST_FL_001916,HISTORICAL,FLOOD,2006,7,2006-07-01,month,,,missing,Kerala,,2.0,,,,,,,,,,,,,,,
HIST_FL_001917,HIST_FL_001917,HISTORICAL,FLOOD,2006,7,2006-07-01,month,,,missing,Madhya Pradesh,,1.0,,2.0,,,,,,,,,,,,,
HIST_FL_001918,HIST_FL_001918,HISTORICAL,FLOOD,2006,7,2006-07-01,month,,,missing,Madhya Pradesh,,1.0,,,,,,,,,,,,,,,
HIST_FL_001919,HIST_FL_001919,HISTORICAL,FLOOD,2006,7,2006-07-01,month,,,missing,Maharashtra,,7.0,,131.0,,,,,,,,,,,,,
HIST_FL_001920,HIST_FL_001920,HISTORICAL,FLOOD,2006,7,2006-07-01,month,,,missing,Maharashtra,,1.0,,29.0,,,,,,,,,,,,,
HIST_FL_001921,HIST_FL_001921,HISTORICAL,FLOOD,2006,7,2006-07-01,month,,,missing,Maharashtra,,2.0,,32.0,,,,,,,,,,,,,
HIST_FL_001922,HIST_FL_001922,HISTORICAL,FLOOD,2006,7,2006-07-01,month,,,missing,Maharashtra,,6.0,,,,,,,,,,,,,,,
HIST_FL_001923,HIST_FL_001923,HISTORICAL,FLOOD,2006,7,2006-07-01,month,,,missing,Odisha,,31.0,,36.0,,,,,,,,,,,,,
HIST_FL_001924,HIST_FL_001924,HISTORICAL,FLOOD,2006,7,2006-07-01,month,,,missing,Punjab,,2.0,,2.0,,,,,,,,,,,,,
HIST_FL_001925,HIST_FL_001925,HISTORICAL,FLOOD,2006,7,2006-07-01,month,,,missing,Rajasthan,,1.0,,1.0,,,,,,,,,,,,,
HIST_FL_001926,HIST_FL_001926,HISTORICAL,FLOOD,2006,7,2006-07-01,month,,,missing,Rajasthan,,1.0,,2.0,,,,,,,,,,,,,
HIST_FL_001927,HIST_FL_001927,HISTORICAL,FLOOD,2006,8,2006-08-01,month,,,missing,Andhra Pradesh,,7.0,,200.0,,,,,,,,,,,,,
HIST_FL_001928,HIST_FL_001928,HISTORICAL,FLOOD,2006,8,2006-08-01,month,,,missing,Chhattisgarh,,3.0,,1.0,,,,,,,,,,,,,
HIST_FL_001929,HIST_FL_001929,HISTORICAL,FLOOD,2006,8,2006-08-01,month,,,missing,Chhattisgarh,,1.0,,38.0,,,,,,,,,,,,,
HIST_FL_001930,HIST_FL_001930,HISTORICAL,FLOOD,2006,8,2006-08-01,month,,,missing,Chhattisgarh,,8.0,,158.0,,,,,,,,,,,,,
HIST_FL_001931,HIST_FL_001931,HISTORICAL,FLOOD,2006,8,2006-08-01,month,,,missing,Chhattisgarh,,2.0,,3.0,,,,,,,,,,,,,
HIST_FL_001932,HIST_FL_001932,HISTORICAL,FLOOD,2006,8,2006-08-01,month,,,missing,Gujarat,,1.0,,,,,,,,,,,,,,,
HIST_FL_001933,HIST_FL_001933,HISTORICAL,FLOOD,2006,8,2006-08-01,month,,,missing,Gujarat,,1.0,,8.0,,,,,,,,,,,,,
HIST_FL_001934,HIST_FL_001934,HISTORICAL,FLOOD,2006,8,2006-08-01,month,,,missing,Haryana,,7.0,,,,,,,,,,,,,,,
HIST_FL_001935,HIST_FL_001935,HISTORICAL,FLOOD,2006,8,2006-08-01,month,,,missing,Himachal Pradesh,,3.0,,,,,,,,,,,,,,,
HIST_FL_001936,HIST_FL_001936,HISTORICAL,FLOOD,2006,8,2006-08-01,month,,,missing,Himachal Pradesh,,1.0,,,,,,,,,,,,,,,
HIST_FL_001937,HIST_FL_001937,HISTORICAL,FLOOD,2006,8,2006-08-01,month,,,missing,Himachal Pradesh,,1.0,,,,,,,,,,,,,,,
HIST_FL_001938,HIST_FL_001938,HISTORICAL,FLOOD,2006,8,2006-08-01,month,,,missing,Himachal Pradesh,,2.0,,,,,,,,,,,,,,,
HIST_FL_001939,HIST_FL_001939,HISTORICAL,FLOOD,2006,8,2006-08-01,month,,,missing,Jammu and Kashmir,,1.0,,15.0,,,,,,,,,,,,,
HIST_FL_001940,HIST_FL_001940,HISTORICAL,FLOOD,2006,8,2006-08-01,month,,,missing,Karnataka,,1.0,,,,,,,,,,,,,,,
HIST_FL_001941,HIST_FL_001941,HISTORICAL,FLOOD,2006,8,2006-08-01,month,,,missing,Karnataka,,1.0,,,,,,,,,,,,,,,
HIST_FL_001942,HIST_FL_001942,HISTORICAL,FLOOD,2006,8,2006-08-01,month,,,missing,Kerala,,1.0,,,,,,,,,,,,,,,
HIST_FL_001943,HIST_FL_001943,HISTORICAL,FLOOD,2006,8,2006-08-01,month,,,missing,Madhya Pradesh,,3.0,,1.0,,,,,,,,,,,,,
HIST_FL_001944,HIST_FL_001944,HISTORICAL,FLOOD,2006,8,2006-08-01,month,,,missing,Madhya Pradesh,,1.0,,38.0,,,,,,,,,,,,,
HIST_FL_001945,HIST_FL_001945,HISTORICAL,FLOOD,2006,8,2006-08-01,month,,,missing,Madhya Pradesh,,8.0,,158.0,,,,,,,,,,,,,
HIST_FL_001946,HIST_FL_001946,HISTORICAL,FLOOD,2006,8,2006-08-01,month,,,missing,Madhya Pradesh,,2.0,,3.0,,,,,,,,,,,,,
HIST_FL_001947,HIST_FL_001947,HISTORICAL,FLOOD,2006,8,2006-08-01,month,,,missing,Maharashtra,,5.0,,149.0,,,,,,,,,,,,,
HIST_FL_001948,HIST_FL_001948,HISTORICAL,FLOOD,2006,8,2006-08-01,month,,,missing,Maharashtra,,1.0,,1.0,,,,,,,,,,,,,
HIST_FL_001949,HIST_FL_001949,HISTORICAL,FLOOD,2006,8,2006-08-01,month,,,missing,Maharashtra,,1.0,,,,,,,,,,,,,,,
HIST_FL_001950,HIST_FL_001950,HISTORICAL,FLOOD,2006,8,2006-08-01,month,,,missing,Odisha,,31.0,,45.0,,,,,,,,,,,,,
HIST_FL_001951,HIST_FL_001951,HISTORICAL,FLOOD,2006,8,2006-08-01,month,,,missing,Punjab,,2.0,,,,,,,,,,,,,,,
HIST_FL_001952,HIST_FL_001952,HISTORICAL,FLOOD,2006,8,2006-08-01,month,,,missing,Rajasthan,,1.0,,,,,,,,,,,,,,,
HIST_FL_001953,HIST_FL_001953,HISTORICAL,FLOOD,2006,8,2006-08-01,month,,,missing,Rajasthan,,3.0,,26.0,,,,,,,,,,,,,
HIST_FL_001954,HIST_FL_001954,HISTORICAL,FLOOD,2006,8,2006-08-01,month,,,missing,Rajasthan,,9.0,,440.0,,,,,,,,,,,,,
HIST_FL_001955,HIST_FL_001955,HISTORICAL,FLOOD,2006,8,2006-08-01,month,,,missing,West Bengal,,1.0,,,,,,,,,,,,,,,
HIST_FL_001956,HIST_FL_001956,HISTORICAL,FLOOD,2006,9,2006-09-01,month,,,missing,Andhra Pradesh,,4.0,,61.0,,,,,,,,,,,,,
HIST_FL_001957,HIST_FL_001957,HISTORICAL,FLOOD,2006,9,2006-09-01,month,,,missing,Assam,,1.0,,,,,,,,,,,,,,,
HIST_FL_001958,HIST_FL_001958,HISTORICAL,FLOOD,2006,9,2006-09-01,month,,,missing,Assam,,1.0,,,,,,,,,,,,,,,
HIST_FL_001959,HIST_FL_001959,HISTORICAL,FLOOD,2006,9,2006-09-01,month,,,missing,Bihar,,2.0,,37.0,,,,,,,,,,,,,
HIST_FL_001960,HIST_FL_001960,HISTORICAL,FLOOD,2006,9,2006-09-01,month,,,missing,Chhattisgarh,,1.0,,9.0,,,,,,,,,,,,,
HIST_FL_001961,HIST_FL_001961,HISTORICAL,FLOOD,2006,9,2006-09-01,month,,,missing,Chhattisgarh,,2.0,,,,,,,,,,,,,,,
HIST_FL_001962,HIST_FL_001962,HISTORICAL,FLOOD,2006,9,2006-09-01,month,,,missing,Gujarat,,1.0,,4.0,,,,,,,,,,,,,
HIST_FL_001963,HIST_FL_001963,HISTORICAL,FLOOD,2006,9,2006-09-01,month,,,missing,Himachal Pradesh,,1.0,,2.0,,,,,,,,,,,,,
HIST_FL_001964,HIST_FL_001964,HISTORICAL,FLOOD,2006,9,2006-09-01,month,,,missing,Himachal Pradesh,,1.0,,,,,,,,,,,,,,,
HIST_FL_001965,HIST_FL_001965,HISTORICAL,FLOOD,2006,9,2006-09-01,month,,,missing,Jammu and Kashmir,,1.0,,6.0,,,,,,,,,,,,,
HIST_FL_001966,HIST_FL_001966,HISTORICAL,FLOOD,2006,9,2006-09-01,month,,,missing,Jharkhand,,1.0,,,,,,,,,,,,,,,
HIST_FL_001967,HIST_FL_001967,HISTORICAL,FLOOD,2006,9,2006-09-01,month,,,missing,Kerala,,1.0,,,,,,,,,,,,,,,
HIST_FL_001968,HIST_FL_001968,HISTORICAL,FLOOD,2006,9,2006-09-01,month,,,missing,Kerala,,3.0,,2.0,,,,,,,,,,,,,
HIST_FL_001969,HIST_FL_001969,HISTORICAL,FLOOD,2006,9,2006-09-01,month,,,missing,Madhya Pradesh,,1.0,,9.0,,,,,,,,,,,,,
HIST_FL_001970,HIST_FL_001970,HISTORICAL,FLOOD,2006,9,2006-09-01,month,,,missing,Madhya Pradesh,,2.0,,,,,,,,,,,,,,,
HIST_FL_001971,HIST_FL_001971,HISTORICAL,FLOOD,2006,9,2006-09-01,month,,,missing,Maharashtra,,6.0,,12.0,,,,,,,,,,,,,
HIST_FL_001972,HIST_FL_001972,HISTORICAL,FLOOD,2006,9,2006-09-01,month,,,missing,Maharashtra,,1.0,,,,,,,,,,,,,,,
HIST_FL_001973,HIST_FL_001973,HISTORICAL,FLOOD,2006,9,2006-09-01,month,,,missing,Odisha,,30.0,,18.0,,,,,,,,,,,,,
HIST_FL_001974,HIST_FL_001974,HISTORICAL,FLOOD,2006,9,2006-09-01,month,,,missing,Punjab,,1.0,,1.0,,,,,,,,,,,,,
HIST_FL_001975,HIST_FL_001975,HISTORICAL,FLOOD,2006,9,2006-09-01,month,,,missing,Punjab,,1.0,,,,,,,,,,,,,,,
HIST_FL_001976,HIST_FL_001976,HISTORICAL,FLOOD,2006,9,2006-09-01,month,,,missing,Rajasthan,,2.0,,,,,,,,,,,,,,,
HIST_FL_001977,HIST_FL_001977,HISTORICAL,FLOOD,2006,9,2006-09-01,month,,,missing,West Bengal,,3.0,,,,,,,,,,,,,,,
HIST_FL_001978,HIST_FL_001978,HISTORICAL,FLOOD,2006,9,2006-09-01,month,,,missing,West Bengal,,7.0,,84.0,,,,,,,,,,,,,
HIST_FL_001979,HIST_FL_001979,HISTORICAL,FLOOD,2006,9,2006-09-01,month,,,missing,West Bengal,,2.0,,5.0,,,,,,,,,,,,,
HIST_FL_001980,HIST_FL_001980,HISTORICAL,FLOOD,2006,10,2006-10-01,month,,,missing,Jharkhand,,1.0,,,,,,,,,,,,,,,
HIST_FL_001981,HIST_FL_001981,HISTORICAL,FLOOD,2006,10,2006-10-01,month,,,missing,Kerala,,1.0,,,,,,,,,,,,,,,
HIST_FL_001982,HIST_FL_001982,HISTORICAL,FLOOD,2006,10,2006-10-01,month,,,missing,Kerala,,2.0,,2.0,,,,,,,,,,,,,
HIST_FL_001983,HIST_FL_001983,HISTORICAL,FLOOD,2006,10,2006-10-01,month,,,missing,Maharashtra,,2.0,,,,,,,,,,,,,,,
HIST_FL_001984,HIST_FL_001984,HISTORICAL,FLOOD,2006,10,2006-10-01,month,,,missing,Tamil Nadu,,7.0,,47.0,,,,,,,,,,,,,
HIST_FL_001985,HIST_FL_001985,HISTORICAL,FLOOD,2006,11,2006-11-01,month,,,missing,Kerala,,1.0,,,,,,,,,,,,,,,
HIST_FL_001986,HIST_FL_001986,HISTORICAL,FLOOD,2006,11,2006-11-01,month,,,missing,Kerala,,1.0,,,,,,,,,,,,,,,
HIST_FL_001987,HIST_FL_001987,HISTORICAL,FLOOD,2006,11,2006-11-01,month,,,missing,Kerala,,1.0,,,,,,,,,,,,,,,
HIST_FL_001988,HIST_FL_001988,HISTORICAL,FLOOD,2006,11,2006-11-01,month,,,missing,Kerala,,1.0,,1.0,,,,,,,,,,,,,
HIST_FL_001989,HIST_FL_001989,HISTORICAL,FLOOD,2006,11,2006-11-01,month,,,missing,Tamil Nadu,,7.0,,1.0,,,,,,,,,,,,,
HIST_FL_001990,HIST_FL_001990,HISTORICAL,FLOOD,2006,11,2006-11-01,month,,,missing,Tamil Nadu,,1.0,,7.0,,,,,,,,,,,,,
HIST_FL_001991,HIST_FL_001991,HISTORICAL,FLOOD,2007,2,2007-02-01,month,,,missing,Haryana,,1.0,,,,,,,,,,,,,,,
HIST_FL_001992,HIST_FL_001992,HISTORICAL,FLOOD,2007,2,2007-02-01,month,,,missing,Himachal Pradesh,,2.0,,,,,,,,,,,,,,,
HIST_FL_001993,HIST_FL_001993,HISTORICAL,FLOOD,2007,2,2007-02-01,month,,,missing,Kerala,,1.0,,2.0,,,,,,,,,,,,,
HIST_FL_001994,HIST_FL_001994,HISTORICAL,FLOOD,2007,2,2007-02-01,month,,,missing,Uttar Pradesh,,1.0,,4.0,,,,,,,,,,,,,
HIST_FL_001995,HIST_FL_001995,HISTORICAL,FLOOD,2007,2,2007-02-01,month,,,missing,West Bengal,,1.0,,,,,,,,,,,,,,,
HIST_FL_001996,HIST_FL_001996,HISTORICAL,FLOOD,2007,3,2007-03-01,month,,,missing,Himachal Pradesh,,1.0,,,,,,,,,,,,,,,
HIST_FL_001997,HIST_FL_001997,HISTORICAL,FLOOD,2007,3,2007-03-01,month,,,missing,Himachal Pradesh,,1.0,,,,,,,,,,,,,,,
HIST_FL_001998,HIST_FL_001998,HISTORICAL,FLOOD,2007,3,2007-03-01,month,,,missing,Jammu and Kashmir,,4.0,,2.0,,,,,,,,,,,,,
HIST_FL_001999,HIST_FL_001999,HISTORICAL,FLOOD,2007,3,2007-03-01,month,,,missing,Punjab,,1.0,,4.0,,,,,,,,,,,,,
HIST_FL_002000,HIST_FL_002000,HISTORICAL,FLOOD,2007,4,2007-04-01,month,,,missing,Karnataka,,1.0,,,,,,,,,,,,,,,
HIST_FL_002001,HIST_FL_002001,HISTORICAL,FLOOD,2007,4,2007-04-01,month,,,missing,Karnataka,,1.0,,,,,,,,,,,,,,,
HIST_FL_002002,HIST_FL_002002,HISTORICAL,FLOOD,2007,4,2007-04-01,month,,,missing,Kerala,,1.0,,,,,,,,,,,,,,,
HIST_FL_002003,HIST_FL_002003,HISTORICAL,FLOOD,2007,5,2007-05-01,month,,,missing,Himachal Pradesh,,1.0,,,,,,,,,,,,,,,
HIST_FL_002004,HIST_FL_002004,HISTORICAL,FLOOD,2007,5,2007-05-01,month,,,missing,Himachal Pradesh,,1.0,,5.0,,,,,,,,,,,,,
HIST_FL_002005,HIST_FL_002005,HISTORICAL,FLOOD,2007,5,2007-05-01,month,,,missing,Karnataka,,1.0,,3.0,,,,,,,,,,,,,
HIST_FL_002006,HIST_FL_002006,HISTORICAL,FLOOD,2007,5,2007-05-01,month,,,missing,Sikkim,,4.0,,,,,,,,,,,,,,,
HIST_FL_002007,HIST_FL_002007,HISTORICAL,FLOOD,2007,6,2007-06-01,month,,,missing,Andhra Pradesh,,1.0,,50.0,,,,,,,,,,,,,
HIST_FL_002008,HIST_FL_002008,HISTORICAL,FLOOD,2007,6,2007-06-01,month,,,missing,Assam,,6.0,,,,,,,,,,,,,,,
HIST_FL_002009,HIST_FL_002009,HISTORICAL,FLOOD,2007,6,2007-06-01,month,,,missing,Bihar,,1.0,,19.0,,,,,,,,,,,,,
HIST_FL_002010,HIST_FL_002010,HISTORICAL,FLOOD,2007,6,2007-06-01,month,,,missing,Bihar,,1.0,,,,,,,,,,,,,,,
HIST_FL_002011,HIST_FL_002011,HISTORICAL,FLOOD,2007,6,2007-06-01,month,,,missing,Chhattisgarh,,1.0,,,,,,,,,,,,,,,
HIST_FL_002012,HIST_FL_002012,HISTORICAL,FLOOD,2007,6,2007-06-01,month,,,missing,Haryana,,1.0,,2.0,,,,,,,,,,,,,
HIST_FL_002013,HIST_FL_002013,HISTORICAL,FLOOD,2007,6,2007-06-01,month,,,missing,Himachal Pradesh,,1.0,,,,,,,,,,,,,,,
HIST_FL_002014,HIST_FL_002014,HISTORICAL,FLOOD,2007,6,2007-06-01,month,,,missing,Karnataka,,1.0,,,,,,,,,,,,,,,
HIST_FL_002015,HIST_FL_002015,HISTORICAL,FLOOD,2007,6,2007-06-01,month,,,missing,Karnataka,,4.0,,39.0,,,,,,,,,,,,,
HIST_FL_002016,HIST_FL_002016,HISTORICAL,FLOOD,2007,6,2007-06-01,month,,,missing,Karnataka,,1.0,,1.0,,,,,,,,,,,,,
HIST_FL_002017,HIST_FL_002017,HISTORICAL,FLOOD,2007,6,2007-06-01,month,,,missing,Karnataka,,1.0,,,,,,,,,,,,,,,
HIST_FL_002018,HIST_FL_002018,HISTORICAL,FLOOD,2007,6,2007-06-01,month,,,missing,Kerala,,1.0,,,,,,,,,,,,,,,
HIST_FL_002019,HIST_FL_002019,HISTORICAL,FLOOD,2007,6,2007-06-01,month,,,missing,Kerala,,1.0,,,,,,,,,,,,,,,
HIST_FL_002020,HIST_FL_002020,HISTORICAL,FLOOD,2007,6,2007-06-01,month,,,missing,Kerala,,1.0,,1.0,,,,,,,,,,,,,
HIST_FL_002021,HIST_FL_002021,HISTORICAL,FLOOD,2007,6,2007-06-01,month,,,missing,Kerala,,7.0,,77.0,,,,,,,,,,,,,
HIST_FL_002022,HIST_FL_002022,HISTORICAL,FLOOD,2007,6,2007-06-01,month,,,missing,Kerala,,2.0,,,,,,,,,,,,,,,
HIST_FL_002023,HIST_FL_002023,HISTORICAL,FLOOD,2007,6,2007-06-01,month,,,missing,Maharashtra,,1.0,,3.0,,,,,,,,,,,,,
HIST_FL_002024,HIST_FL_002024,HISTORICAL,FLOOD,2007,6,2007-06-01,month,,,missing,Maharashtra,,1.0,,7.0,,,,,,,,,,,,,
HIST_FL_002025,HIST_FL_002025,HISTORICAL,FLOOD,2007,6,2007-06-01,month,,,missing,Maharashtra,,1.0,,16.0,,,,,,,,,,,,,
HIST_FL_002026,HIST_FL_002026,HISTORICAL,FLOOD,2007,6,2007-06-01,month,,,missing,Rajasthan,,1.0,,2.0,,,,,,,,,,,,,
HIST_FL_002027,HIST_FL_002027,HISTORICAL,FLOOD,2007,6,2007-06-01,month,,,missing,Sikkim,,1.0,,2.0,,,,,,,,,,,,,
HIST_FL_002028,HIST_FL_002028,HISTORICAL,FLOOD,2007,6,2007-06-01,month,,,missing,Sikkim,,1.0,,,,,,,,,,,,,,,
HIST_FL_002029,HIST_FL_002029,HISTORICAL,FLOOD,2007,6,2007-06-01,month,,,missing,Sikkim,,1.0,,2.0,,,,,,,,,,,,,
HIST_FL_002030,HIST_FL_002030,HISTORICAL,FLOOD,2007,6,2007-06-01,month,,,missing,Tripura,,1.0,,1.0,,,,,,,,,,,,,
HIST_FL_002031,HIST_FL_002031,HISTORICAL,FLOOD,2007,6,2007-06-01,month,,,missing,Tripura,,1.0,,,,,,,,,,,,,,,
HIST_FL_002032,HIST_FL_002032,HISTORICAL,FLOOD,2007,6,2007-06-01,month,,,missing,Tripura,,1.0,,,,,,,,,,,,,,,
HIST_FL_002033,HIST_FL_002033,HISTORICAL,FLOOD,2007,6,2007-06-01,month,,,missing,West Bengal,,1.0,,6.0,,,,,,,,,,,,,
HIST_FL_002034,HIST_FL_002034,HISTORICAL,FLOOD,2007,7,2007-07-01,month,,,missing,Assam,,2.0,,,,,,,,,,,,,,,
HIST_FL_002035,HIST_FL_002035,HISTORICAL,FLOOD,2007,7,2007-07-01,month,,,missing,Assam,,1.0,,7.0,,,,,,,,,,,,,
HIST_FL_002036,HIST_FL_002036,HISTORICAL,FLOOD,2007,7,2007-07-01,month,,,missing,Assam,,17.0,,40.0,,,,,,,,,,,,,
HIST_FL_002037,HIST_FL_002037,HISTORICAL,FLOOD,2007,7,2007-07-01,month,,,missing,Bihar,,1.0,,7.0,,,,,,,,,,,,,
HIST_FL_002038,HIST_FL_002038,HISTORICAL,FLOOD,2007,7,2007-07-01,month,,,missing,Bihar,,1.0,,18.0,,,,,,,,,,,,,
HIST_FL_002039,HIST_FL_002039,HISTORICAL,FLOOD,2007,7,2007-07-01,month,,,missing,Gujarat,,1.0,,63.0,,,,,,,,,,,,,
HIST_FL_002040,HIST_FL_002040,HISTORICAL,FLOOD,2007,7,2007-07-01,month,,,missing,Haryana,,2.0,,,,,,,,,,,,,,,
HIST_FL_002041,HIST_FL_002041,HISTORICAL,FLOOD,2007,7,2007-07-01,month,,,missing,Himachal Pradesh,,2.0,,4.0,,,,,,,,,,,,,
HIST_FL_002042,HIST_FL_002042,HISTORICAL,FLOOD,2007,7,2007-07-01,month,,,missing,Himachal Pradesh,,1.0,,2.0,,,,,,,,,,,,,
HIST_FL_002043,HIST_FL_002043,HISTORICAL,FLOOD,2007,7,2007-07-01,month,,,missing,Himachal Pradesh,,1.0,,,,,,,,,,,,,,,
HIST_FL_002044,HIST_FL_002044,HISTORICAL,FLOOD,2007,7,2007-07-01,month,,,missing,Jharkhand,,1.0,,15.0,,,,,,,,,,,,,
HIST_FL_002045,HIST_FL_002045,HISTORICAL,FLOOD,2007,7,2007-07-01,month,,,missing,Jharkhand,,1.0,,4.0,,,,,,,,,,,,,
HIST_FL_002046,HIST_FL_002046,HISTORICAL,FLOOD,2007,7,2007-07-01,month,,,missing,Jharkhand,,3.0,,17.0,,,,,,,,,,,,,
HIST_FL_002047,HIST_FL_002047,HISTORICAL,FLOOD,2007,7,2007-07-01,month,,,missing,Karnataka,,1.0,,1.0,,,,,,,,,,,,,
HIST_FL_002048,HIST_FL_002048,HISTORICAL,FLOOD,2007,7,2007-07-01,month,,,missing,Karnataka,,1.0,,2.0,,,,,,,,,,,,,
HIST_FL_002049,HIST_FL_002049,HISTORICAL,FLOOD,2007,7,2007-07-01,month,,,missing,Karnataka,,1.0,,1.0,,,,,,,,,,,,,
HIST_FL_002050,HIST_FL_002050,HISTORICAL,FLOOD,2007,7,2007-07-01,month,,,missing,Karnataka,,2.0,,,,,,,,,,,,,,,
HIST_FL_002051,HIST_FL_002051,HISTORICAL,FLOOD,2007,7,2007-07-01,month,,,missing,Karnataka,,4.0,,,,,,,,,,,,,,,
HIST_FL_002052,HIST_FL_002052,HISTORICAL,FLOOD,2007,7,2007-07-01,month,,,missing,Karnataka,,1.0,,3.0,,,,,,,,,,,,,
HIST_FL_002053,HIST_FL_002053,HISTORICAL,FLOOD,2007,7,2007-07-01,month,,,missing,Kerala,,1.0,,,,,,,,,,,,,,,
HIST_FL_002054,HIST_FL_002054,HISTORICAL,FLOOD,2007,7,2007-07-01,month,,,missing,Kerala,,1.0,,1.0,,,,,,,,,,,,,
HIST_FL_002055,HIST_FL_002055,HISTORICAL,FLOOD,2007,7,2007-07-01,month,,,missing,Kerala,,2.0,,,,,,,,,,,,,,,
HIST_FL_002056,HIST_FL_002056,HISTORICAL,FLOOD,2007,7,2007-07-01,month,,,missing,Kerala,,5.0,,30.0,,,,,,,,,,,,,
HIST_FL_002057,HIST_FL_002057,HISTORICAL,FLOOD,2007,7,2007-07-01,month,,,missing,Kerala,,3.0,,,,,,,,,,,,,,,
HIST_FL_002058,HIST_FL_002058,HISTORICAL,FLOOD,2007,7,2007-07-01,month,,,missing,Madhya Pradesh,,2.0,,42.0,,,,,,,,,,,,,
HIST_FL_002059,HIST_FL_002059,HISTORICAL,FLOOD,2007,7,2007-07-01,month,,,missing,Maharashtra,,2.0,,70.0,,,,,,,,,,,,,
HIST_FL_002060,HIST_FL_002060,HISTORICAL,FLOOD,2007,7,2007-07-01,month,,,missing,Maharashtra,,1.0,,5.0,,,,,,,,,,,,,
HIST_FL_002061,HIST_FL_002061,HISTORICAL,FLOOD,2007,7,2007-07-01,month,,,missing,Maharashtra,,2.0,,9.0,,,,,,,,,,,,,
HIST_FL_002062,HIST_FL_002062,HISTORICAL,FLOOD,2007,7,2007-07-01,month,,,missing,Odisha,,6.0,,17.0,,,,,,,,,,,,,
HIST_FL_002063,HIST_FL_002063,HISTORICAL,FLOOD,2007,7,2007-07-01,month,,,missing,Punjab,,1.0,,2.0,,,,,,,,,,,,,
HIST_FL_002064,HIST_FL_002064,HISTORICAL,FLOOD,2007,7,2007-07-01,month,,,missing,Punjab,,1.0,,,,,,,,,,,,,,,
HIST_FL_002065,HIST_FL_002065,HISTORICAL,FLOOD,2007,7,2007-07-01,month,,,missing,Rajasthan,,1.0,,1.0,,,,,,,,,,,,,
HIST_FL_002066,HIST_FL_002066,HISTORICAL,FLOOD,2007,7,2007-07-01,month,,,missing,Sikkim,,3.0,,,,,,,,,,,,,,,
HIST_FL_002067,HIST_FL_002067,HISTORICAL,FLOOD,2007,7,2007-07-01,month,,,missing,Tripura,,1.0,,,,,,,,,,,,,,,
HIST_FL_002068,HIST_FL_002068,HISTORICAL,FLOOD,2007,7,2007-07-01,month,,,missing,Uttar Pradesh,,17.0,,,,,,,,,,,,,,,
HIST_FL_002069,HIST_FL_002069,HISTORICAL,FLOOD,2007,7,2007-07-01,month,,,missing,West Bengal,,9.0,,51.0,,,,,,,,,,,,,
HIST_FL_002070,HIST_FL_002070,HISTORICAL,FLOOD,2007,8,2007-08-01,month,,,missing,Andhra Pradesh,,2.0,,4.0,,,,,,,,,,,,,
HIST_FL_002071,HIST_FL_002071,HISTORICAL,FLOOD,2007,8,2007-08-01,month,,,missing,Andhra Pradesh,,1.0,,2.0,,,,,,,,,,,,,
HIST_FL_002072,HIST_FL_002072,HISTORICAL,FLOOD,2007,8,2007-08-01,month,,,missing,Andhra Pradesh,,1.0,,,,,,,,,,,,,,,
HIST_FL_002073,HIST_FL_002073,HISTORICAL,FLOOD,2007,8,2007-08-01,month,,,missing,Andhra Pradesh,,1.0,,2.0,,,,,,,,,,,,,
HIST_FL_002074,HIST_FL_002074,HISTORICAL,FLOOD,2007,8,2007-08-01,month,,,missing,Assam,,1.0,,2.0,,,,,,,,,,,,,
HIST_FL_002075,HIST_FL_002075,HISTORICAL,FLOOD,2007,8,2007-08-01,month,,,missing,Assam,,1.0,,,,,,,,,,,,,,,
HIST_FL_002076,HIST_FL_002076,HISTORICAL,FLOOD,2007,8,2007-08-01,month,,,missing,Bihar,,14.0,,68.0,,,,,,,,,,,,,
HIST_FL_002077,HIST_FL_002077,HISTORICAL,FLOOD,2007,8,2007-08-01,month,,,missing,Bihar,,1.0,,23.0,,,,,,,,,,,,,
HIST_FL_002078,HIST_FL_002078,HISTORICAL,FLOOD,2007,8,2007-08-01,month,,,missing,Himachal Pradesh,,3.0,,3.0,,,,,,,,,,,,,
HIST_FL_002079,HIST_FL_002079,HISTORICAL,FLOOD,2007,8,2007-08-01,month,,,missing,Himachal Pradesh,,7.0,,,,,,,,,,,,,,,
HIST_FL_002080,HIST_FL_002080,HISTORICAL,FLOOD,2007,8,2007-08-01,month,,,missing,Himachal Pradesh,,1.0,,11.0,,,,,,,,,,,,,
HIST_FL_002081,HIST_FL_002081,HISTORICAL,FLOOD,2007,8,2007-08-01,month,,,missing,Himachal Pradesh,,1.0,,21.0,,,,,,,,,,,,,
HIST_FL_002082,HIST_FL_002082,HISTORICAL,FLOOD,2007,8,2007-08-01,month,,,missing,Himachal Pradesh,,1.0,,,,,,,,,,,,,,,
HIST_FL_002083,HIST_FL_002083,HISTORICAL,FLOOD,2007,8,2007-08-01,month,,,missing,Himachal Pradesh,,1.0,,2.0,,,,,,,,,,,,,
HIST_FL_002084,HIST_FL_002084,HISTORICAL,FLOOD,2007,8,2007-08-01,month,,,missing,Jharkhand,,6.0,,10.0,,,,,,,,,,,,,
HIST_FL_002085,HIST_FL_002085,HISTORICAL,FLOOD,2007,8,2007-08-01,month,,,missing,Jharkhand,,4.0,,23.0,,,,,,,,,,,,,
HIST_FL_002086,HIST_FL_002086,HISTORICAL,FLOOD,2007,8,2007-08-01,month,,,missing,Karnataka,,5.0,,28.0,,,,,,,,,,,,,
HIST_FL_002087,HIST_FL_002087,HISTORICAL,FLOOD,2007,8,2007-08-01,month,,,missing,Madhya Pradesh,,1.0,,,,,,,,,,,,,,,
HIST_FL_002088,HIST_FL_002088,HISTORICAL,FLOOD,2007,8,2007-08-01,month,,,missing,Maharashtra,,9.0,,32.0,,,,,,,,,,,,,
HIST_FL_002089,HIST_FL_002089,HISTORICAL,FLOOD,2007,8,2007-08-01,month,,,missing,Maharashtra,,1.0,,,,,,,,,,,,,,,
HIST_FL_002090,HIST_FL_002090,HISTORICAL,FLOOD,2007,8,2007-08-01,month,,,missing,Odisha,,2.0,,18.0,,,,,,,,,,,,,
HIST_FL_002091,HIST_FL_002091,HISTORICAL,FLOOD,2007,8,2007-08-01,month,,,missing,Punjab,,1.0,,,,,,,,,,,,,,,
HIST_FL_002092,HIST_FL_002092,HISTORICAL,FLOOD,2007,8,2007-08-01,month,,,missing,Punjab,,1.0,,1.0,,,,,,,,,,,,,
HIST_FL_002093,HIST_FL_002093,HISTORICAL,FLOOD,2007,8,2007-08-01,month,,,missing,Sikkim,,1.0,,,,,,,,,,,,,,,
HIST_FL_002094,HIST_FL_002094,HISTORICAL,FLOOD,2007,8,2007-08-01,month,,,missing,Uttar Pradesh,,1.0,,2.0,,,,,,,,,,,,,
HIST_FL_002095,HIST_FL_002095,HISTORICAL,FLOOD,2007,8,2007-08-01,month,,,missing,Uttar Pradesh,,1.0,,12.0,,,,,,,,,,,,,
HIST_FL_002096,HIST_FL_002096,HISTORICAL,FLOOD,2007,8,2007-08-01,month,,,missing,Uttar Pradesh,,1.0,,8.0,,,,,,,,,,,,,
HIST_FL_002097,HIST_FL_002097,HISTORICAL,FLOOD,2007,8,2007-08-01,month,,,missing,West Bengal,,1.0,,2.0,,,,,,,,,,,,,
HIST_FL_002098,HIST_FL_002098,HISTORICAL,FLOOD,2007,8,2007-08-01,month,,,missing,West Bengal,,3.0,,4.0,,,,,,,,,,,,,
HIST_FL_002099,HIST_FL_002099,HISTORICAL,FLOOD,2007,9,2007-09-01,month,,,missing,Andhra Pradesh,,1.0,,,,,,,,,,,,,,,
HIST_FL_002100,HIST_FL_002100,HISTORICAL,FLOOD,2007,9,2007-09-01,month,,,missing,Andhra Pradesh,,9.0,,21.0,,,,,,,,,,,,,
HIST_FL_002101,HIST_FL_002101,HISTORICAL,FLOOD,2007,9,2007-09-01,month,,,missing,Assam,,8.0,,,,,,,,,,,,,,,
HIST_FL_002102,HIST_FL_002102,HISTORICAL,FLOOD,2007,9,2007-09-01,month,,,missing,Assam,,1.0,,,,,,,,,,,,,,,
HIST_FL_002103,HIST_FL_002103,HISTORICAL,FLOOD,2007,9,2007-09-01,month,,,missing,Assam,,1.0,,,,,,,,,,,,,,,
HIST_FL_002104,HIST_FL_002104,HISTORICAL,FLOOD,2007,9,2007-09-01,month,,,missing,Assam,,1.0,,10.0,,,,,,,,,,,,,
HIST_FL_002105,HIST_FL_002105,HISTORICAL,FLOOD,2007,9,2007-09-01,month,,,missing,Bihar,,1.0,,9.0,,,,,,,,,,,,,
HIST_FL_002106,HIST_FL_002106,HISTORICAL,FLOOD,2007,9,2007-09-01,month,,,missing,Bihar,,1.0,,20.0,,,,,,,,,,,,,
HIST_FL_002107,HIST_FL_002107,HISTORICAL,FLOOD,2007,9,2007-09-01,month,,,missing,Haryana,,1.0,,,,,,,,,,,,,,,
HIST_FL_002108,HIST_FL_002108,HISTORICAL,FLOOD,2007,9,2007-09-01,month,,,missing,Himachal Pradesh,,1.0,,15.0,,,,,,,,,,,,,
HIST_FL_002109,HIST_FL_002109,HISTORICAL,FLOOD,2007,9,2007-09-01,month,,,missing,Karnataka,,1.0,,2.0,,,,,,,,,,,,,
HIST_FL_002110,HIST_FL_002110,HISTORICAL,FLOOD,2007,9,2007-09-01,month,,,missing,Karnataka,,4.0,,14.0,,,,,,,,,,,,,
HIST_FL_002111,HIST_FL_002111,HISTORICAL,FLOOD,2007,9,2007-09-01,month,,,missing,Karnataka,,1.0,,3.0,,,,,,,,,,,,,
HIST_FL_002112,HIST_FL_002112,HISTORICAL,FLOOD,2007,9,2007-09-01,month,,,missing,Kerala,,1.0,,,,,,,,,,,,,,,
HIST_FL_002113,HIST_FL_002113,HISTORICAL,FLOOD,2007,9,2007-09-01,month,,,missing,Maharashtra,,1.0,,4.0,,,,,,,,,,,,,
HIST_FL_002114,HIST_FL_002114,HISTORICAL,FLOOD,2007,9,2007-09-01,month,,,missing,Maharashtra,,2.0,,3.0,,,,,,,,,,,,,
HIST_FL_002115,HIST_FL_002115,HISTORICAL,FLOOD,2007,9,2007-09-01,month,,,missing,Odisha,,4.0,,39.0,,,,,,,,,,,,,
HIST_FL_002116,HIST_FL_002116,HISTORICAL,FLOOD,2007,9,2007-09-01,month,,,missing,Punjab,,1.0,,,,,,,,,,,,,,,
HIST_FL_002117,HIST_FL_002117,HISTORICAL,FLOOD,2007,9,2007-09-01,month,,,missing,Rajasthan,,1.0,,3.0,,,,,,,,,,,,,
HIST_FL_002118,HIST_FL_002118,HISTORICAL,FLOOD,2007,9,2007-09-01,month,,,missing,Sikkim,,3.0,,,,,,,,,,,,,,,
HIST_FL_002119,HIST_FL_002119,HISTORICAL,FLOOD,2007,9,2007-09-01,month,,,missing,West Bengal,,1.0,,5.0,,,,,,,,,,,,,
HIST_FL_002120,HIST_FL_002120,HISTORICAL,FLOOD,2007,9,2007-09-01,month,,,missing,West Bengal,,1.0,,5.0,,,,,,,,,,,,,
HIST_FL_002121,HIST_FL_002121,HISTORICAL,FLOOD,2007,9,2007-09-01,month,,,missing,West Bengal,,3.0,,28.0,,,,,,,,,,,,,
HIST_FL_002122,HIST_FL_002122,HISTORICAL,FLOOD,2007,10,2007-10-01,month,,,missing,Andhra Pradesh,,1.0,,6.0,,,,,,,,,,,,,
HIST_FL_002123,HIST_FL_002123,HISTORICAL,FLOOD,2007,10,2007-10-01,month,,,missing,Andhra Pradesh,,1.0,,22.0,,,,,,,,,,,,,
HIST_FL_002124,HIST_FL_002124,HISTORICAL,FLOOD,2007,10,2007-10-01,month,,,missing,Andhra Pradesh,,3.0,,21.0,,,,,,,,,,,,,
HIST_FL_002125,HIST_FL_002125,HISTORICAL,FLOOD,2007,10,2007-10-01,month,,,missing,Karnataka,,1.0,,7.0,,,,,,,,,,,,,
HIST_FL_002126,HIST_FL_002126,HISTORICAL,FLOOD,2007,10,2007-10-01,month,,,missing,Karnataka,,1.0,,2.0,,,,,,,,,,,,,
HIST_FL_002127,HIST_FL_002127,HISTORICAL,FLOOD,2007,10,2007-10-01,month,,,missing,Karnataka,,1.0,,3.0,,,,,,,,,,,,,
HIST_FL_002128,HIST_FL_002128,HISTORICAL,FLOOD,2007,10,2007-10-01,month,,,missing,Kerala,,1.0,,,,,,,,,,,,,,,
HIST_FL_002129,HIST_FL_002129,HISTORICAL,FLOOD,2007,10,2007-10-01,month,,,missing,Manipur,,9.0,,,,,,,,,,,,,,,
HIST_FL_002130,HIST_FL_002130,HISTORICAL,FLOOD,2007,10,2007-10-01,month,,,missing,Nagaland,,1.0,,,,,,,,,,,,,,,
HIST_FL_002131,HIST_FL_002131,HISTORICAL,FLOOD,2007,10,2007-10-01,month,,,missing,Tamil Nadu,,1.0,,,,,,,,,,,,,,,
HIST_FL_002132,HIST_FL_002132,HISTORICAL,FLOOD,2007,10,2007-10-01,month,,,missing,Tamil Nadu,,1.0,,15.0,,,,,,,,,,,,,
HIST_FL_002133,HIST_FL_002133,HISTORICAL,FLOOD,2007,11,2007-11-01,month,,,missing,Kerala,,7.0,,,,,,,,,,,,,,,
HIST_FL_002134,HIST_FL_002134,HISTORICAL,FLOOD,2007,11,2007-11-01,month,,,missing,Tamil Nadu,,1.0,,6.0,,,,,,,,,,,,,
HIST_FL_002135,HIST_FL_002135,HISTORICAL,FLOOD,2007,12,2007-12-01,month,,,missing,Tamil Nadu,,2.0,,30.0,,,,,,,,,,,,,
HIST_FL_002136,HIST_FL_002136,HISTORICAL,FLOOD,2008,3,2008-03-01,month,,,missing,Andhra Pradesh,,5.0,,8.0,,,,,,,,,,,,,
HIST_FL_002137,HIST_FL_002137,HISTORICAL,FLOOD,2008,3,2008-03-01,month,,,missing,Karnataka,,6.0,,,,,,,,,,,,,,,
HIST_FL_002138,HIST_FL_002138,HISTORICAL,FLOOD,2008,3,2008-03-01,month,,,missing,Kerala,,12.0,,16.0,,,,,,,,,,,,,
HIST_FL_002139,HIST_FL_002139,HISTORICAL,FLOOD,2008,3,2008-03-01,month,,,missing,Tamil Nadu,,1.0,,,,,,,,,,,,,,,
HIST_FL_002140,HIST_FL_002140,HISTORICAL,FLOOD,2008,4,2008-04-01,month,,,missing,Assam,,1.0,,3.0,,,,,,,,,,,,,
HIST_FL_002141,HIST_FL_002141,HISTORICAL,FLOOD,2008,4,2008-04-01,month,,,missing,Himachal Pradesh,,5.0,,,,,,,,,,,,,,,
HIST_FL_002142,HIST_FL_002142,HISTORICAL,FLOOD,2008,4,2008-04-01,month,,,missing,Himachal Pradesh,,1.0,,,,,,,,,,,,,,,
HIST_FL_002143,HIST_FL_002143,HISTORICAL,FLOOD,2008,4,2008-04-01,month,,,missing,Kerala,,4.0,,,,,,,,,,,,,,,
HIST_FL_002144,HIST_FL_002144,HISTORICAL,FLOOD,2008,4,2008-04-01,month,,,missing,Kerala,,3.0,,,,,,,,,,,,,,,
HIST_FL_002145,HIST_FL_002145,HISTORICAL,FLOOD,2008,4,2008-04-01,month,,,missing,Punjab,,2.0,,3.0,,,,,,,,,,,,,
HIST_FL_002146,HIST_FL_002146,HISTORICAL,FLOOD,2008,5,2008-05-01,month,,,missing,Assam,,1.0,,,,,,,,,,,,,,,
HIST_FL_002147,HIST_FL_002147,HISTORICAL,FLOOD,2008,5,2008-05-01,month,,,missing,Himachal Pradesh,,1.0,,1.0,,,,,,,,,,,,,
HIST_FL_002148,HIST_FL_002148,HISTORICAL,FLOOD,2008,5,2008-05-01,month,,,missing,Tamil Nadu,,1.0,,13.0,,,,,,,,,,,,,
HIST_FL_002149,HIST_FL_002149,HISTORICAL,FLOOD,2008,5,2008-05-01,month,,,missing,Uttar Pradesh,,1.0,,2.0,,,,,,,,,,,,,
HIST_FL_002150,HIST_FL_002150,HISTORICAL,FLOOD,2008,6,2008-06-01,month,,,missing,Arunachal Pradesh,,3.0,,43.0,,,,,,,,,,,,,
HIST_FL_002151,HIST_FL_002151,HISTORICAL,FLOOD,2008,6,2008-06-01,month,,,missing,Assam,,1.0,,,,,,,,,,,,,,,
HIST_FL_002152,HIST_FL_002152,HISTORICAL,FLOOD,2008,6,2008-06-01,month,,,missing,Assam,,3.0,,27.0,,,,,,,,,,,,,
HIST_FL_002153,HIST_FL_002153,HISTORICAL,FLOOD,2008,6,2008-06-01,month,,,missing,Assam,,1.0,,,,,,,,,,,,,,,
HIST_FL_002154,HIST_FL_002154,HISTORICAL,FLOOD,2008,6,2008-06-01,month,,,missing,Bihar,,3.0,,6.0,,,,,,,,,,,,,
HIST_FL_002155,HIST_FL_002155,HISTORICAL,FLOOD,2008,6,2008-06-01,month,,,missing,Dadra and Nagar Haveli and Daman and Diu,,1.0,,5.0,,,,,,,,,,,,,
HIST_FL_002156,HIST_FL_002156,HISTORICAL,FLOOD,2008,6,2008-06-01,month,,,missing,Goa,,1.0,,5.0,,,,,,,,,,,,,
HIST_FL_002157,HIST_FL_002157,HISTORICAL,FLOOD,2008,6,2008-06-01,month,,,missing,Haryana,,1.0,,2.0,,,,,,,,,,,,,
HIST_FL_002158,HIST_FL_002158,HISTORICAL,FLOOD,2008,6,2008-06-01,month,,,missing,Haryana,,1.0,,,,,,,,,,,,,,,
HIST_FL_002159,HIST_FL_002159,HISTORICAL,FLOOD,2008,6,2008-06-01,month,,,missing,Himachal Pradesh,,1.0,,1.0,,,,,,,,,,,,,
HIST_FL_002160,HIST_FL_002160,HISTORICAL,FLOOD,2008,6,2008-06-01,month,,,missing,Himachal Pradesh,,1.0,,,,,,,,,,,,,,,
HIST_FL_002161,HIST_FL_002161,HISTORICAL,FLOOD,2008,6,2008-06-01,month,,,missing,Himachal Pradesh,,3.0,,,,,,,,,,,,,,,
HIST_FL_002162,HIST_FL_002162,HISTORICAL,FLOOD,2008,6,2008-06-01,month,,,missing,Jammu and Kashmir,,1.0,,,,,,,,,,,,,,,
HIST_FL_002163,HIST_FL_002163,HISTORICAL,FLOOD,2008,6,2008-06-01,month,,,missing,Jharkhand,,14.0,,31.0,,,,,,,,,,,,,
HIST_FL_002164,HIST_FL_002164,HISTORICAL,FLOOD,2008,6,2008-06-01,month,,,missing,Karnataka,,2.0,,,,,,,,,,,,,,,
HIST_FL_002165,HIST_FL_002165,HISTORICAL,FLOOD,2008,6,2008-06-01,month,,,missing,Madhya Pradesh,,3.0,,3.0,,,,,,,,,,,,,
HIST_FL_002166,HIST_FL_002166,HISTORICAL,FLOOD,2008,6,2008-06-01,month,,,missing,Maharashtra,,1.0,,,,,,,,,,,,,,,
HIST_FL_002167,HIST_FL_002167,HISTORICAL,FLOOD,2008,6,2008-06-01,month,,,missing,Maharashtra,,1.0,,1.0,,,,,,,,,,,,,
HIST_FL_002168,HIST_FL_002168,HISTORICAL,FLOOD,2008,6,2008-06-01,month,,,missing,Maharashtra,,3.0,,10.0,,,,,,,,,,,,,
HIST_FL_002169,HIST_FL_002169,HISTORICAL,FLOOD,2008,6,2008-06-01,month,,,missing,Maharashtra,,1.0,,4.0,,,,,,,,,,,,,
HIST_FL_002170,HIST_FL_002170,HISTORICAL,FLOOD,2008,6,2008-06-01,month,,,missing,Odisha,,9.0,,14.0,,,,,,,,,,,,,
HIST_FL_002171,HIST_FL_002171,HISTORICAL,FLOOD,2008,6,2008-06-01,month,,,missing,Odisha,,5.0,,3.0,,,,,,,,,,,,,
HIST_FL_002172,HIST_FL_002172,HISTORICAL,FLOOD,2008,6,2008-06-01,month,,,missing,Punjab,,4.0,,3.0,,,,,,,,,,,,,
HIST_FL_002173,HIST_FL_002173,HISTORICAL,FLOOD,2008,6,2008-06-01,month,,,missing,Punjab,,1.0,,,,,,,,,,,,,,,
HIST_FL_002174,HIST_FL_002174,HISTORICAL,FLOOD,2008,6,2008-06-01,month,,,missing,Punjab,,4.0,,,,,,,,,,,,,,,
HIST_FL_002175,HIST_FL_002175,HISTORICAL,FLOOD,2008,6,2008-06-01,month,,,missing,Punjab,,1.0,,,,,,,,,,,,,,,
HIST_FL_002176,HIST_FL_002176,HISTORICAL,FLOOD,2008,6,2008-06-01,month,,,missing,Uttar Pradesh,,1.0,,2.0,,,,,,,,,,,,,
HIST_FL_002177,HIST_FL_002177,HISTORICAL,FLOOD,2008,6,2008-06-01,month,,,missing,Uttar Pradesh,,89.0,,721.0,,,,,,,,,,,,,
HIST_FL_002178,HIST_FL_002178,HISTORICAL,FLOOD,2008,6,2008-06-01,month,,,missing,West Bengal,,2.0,,25.0,,,,,,,,,,,,,
HIST_FL_002179,HIST_FL_002179,HISTORICAL,FLOOD,2008,7,2008-07-01,month,,,missing,Arunachal Pradesh,,1.0,,37.0,,,,,,,,,,,,,
HIST_FL_002180,HIST_FL_002180,HISTORICAL,FLOOD,2008,7,2008-07-01,month,,,missing,Assam,,1.0,,,,,,,,,,,,,,,
HIST_FL_002181,HIST_FL_002181,HISTORICAL,FLOOD,2008,7,2008-07-01,month,,,missing,Assam,,1.0,,,,,,,,,,,,,,,
HIST_FL_002182,HIST_FL_002182,HISTORICAL,FLOOD,2008,7,2008-07-01,month,,,missing,Assam,,1.0,,,,,,,,,,,,,,,
HIST_FL_002183,HIST_FL_002183,HISTORICAL,FLOOD,2008,7,2008-07-01,month,,,missing,Assam,,11.0,,1.0,,,,,,,,,,,,,
HIST_FL_002184,HIST_FL_002184,HISTORICAL,FLOOD,2008,7,2008-07-01,month,,,missing,Haryana,,1.0,,4.0,,,,,,,,,,,,,
HIST_FL_002185,HIST_FL_002185,HISTORICAL,FLOOD,2008,7,2008-07-01,month,,,missing,Haryana,,3.0,,3.0,,,,,,,,,,,,,
HIST_FL_002186,HIST_FL_002186,HISTORICAL,FLOOD,2008,7,2008-07-01,month,,,missing,Haryana,,1.0,,,,,,,,,,,,,,,
HIST_FL_002187,HIST_FL_002187,HISTORICAL,FLOOD,2008,7,2008-07-01,month,,,missing,Himachal Pradesh,,1.0,,,,,,,,,,,,,,,
HIST_FL_002188,HIST_FL_002188,HISTORICAL,FLOOD,2008,7,2008-07-01,month,,,missing,Himachal Pradesh,,1.0,,,,,,,,,,,,,,,
HIST_FL_002189,HIST_FL_002189,HISTORICAL,FLOOD,2008,7,2008-07-01,month,,,missing,Himachal Pradesh,,1.0,,,,,,,,,,,,,,,
HIST_FL_002190,HIST_FL_002190,HISTORICAL,FLOOD,2008,7,2008-07-01,month,,,missing,Himachal Pradesh,,1.0,,,,,,,,,,,,,,,
HIST_FL_002191,HIST_FL_002191,HISTORICAL,FLOOD,2008,7,2008-07-01,month,,,missing,Himachal Pradesh,,2.0,,39.0,,,,,,,,,,,,,
HIST_FL_002192,HIST_FL_002192,HISTORICAL,FLOOD,2008,7,2008-07-01,month,,,missing,Jammu and Kashmir,,1.0,,3.0,,,,,,,,,,,,,
HIST_FL_002193,HIST_FL_002193,HISTORICAL,FLOOD,2008,7,2008-07-01,month,,,missing,Jammu and Kashmir,,1.0,,,,,,,,,,,,,,,
HIST_FL_002194,HIST_FL_002194,HISTORICAL,FLOOD,2008,7,2008-07-01,month,,,missing,Karnataka,,2.0,,1.0,,,,,,,,,,,,,
HIST_FL_002195,HIST_FL_002195,HISTORICAL,FLOOD,2008,7,2008-07-01,month,,,missing,Karnataka,,3.0,,3.0,,,,,,,,,,,,,
HIST_FL_002196,HIST_FL_002196,HISTORICAL,FLOOD,2008,7,2008-07-01,month,,,missing,Karnataka,,7.0,,3.0,,,,,,,,,,,,,
HIST_FL_002197,HIST_FL_002197,HISTORICAL,FLOOD,2008,7,2008-07-01,month,,,missing,Kerala,,5.0,,1.0,,,,,,,,,,,,,
HIST_FL_002198,HIST_FL_002198,HISTORICAL,FLOOD,2008,7,2008-07-01,month,,,missing,Kerala,,3.0,,1.0,,,,,,,,,,,,,
HIST_FL_002199,HIST_FL_002199,HISTORICAL,FLOOD,2008,7,2008-07-01,month,,,missing,Maharashtra,,2.0,,5.0,,,,,,,,,,,,,
HIST_FL_002200,HIST_FL_002200,HISTORICAL,FLOOD,2008,7,2008-07-01,month,,,missing,Maharashtra,,6.0,,6.0,,,,,,,,,,,,,
HIST_FL_002201,HIST_FL_002201,HISTORICAL,FLOOD,2008,7,2008-07-01,month,,,missing,Meghalaya,,1.0,,,,,,,,,,,,,,,
HIST_FL_002202,HIST_FL_002202,HISTORICAL,FLOOD,2008,7,2008-07-01,month,,,missing,Punjab,,1.0,,,,,,,,,,,,,,,
HIST_FL_002203,HIST_FL_002203,HISTORICAL,FLOOD,2008,7,2008-07-01,month,,,missing,Punjab,,1.0,,,,,,,,,,,,,,,
HIST_FL_002204,HIST_FL_002204,HISTORICAL,FLOOD,2008,7,2008-07-01,month,,,missing,Uttarakhand,,1.0,,10.0,,,,,,,,,,,,,
HIST_FL_002205,HIST_FL_002205,HISTORICAL,FLOOD,2008,7,2008-07-01,month,,,missing,Uttar Pradesh,,3.0,,32.0,,,,,,,,,,,,,
HIST_FL_002206,HIST_FL_002206,HISTORICAL,FLOOD,2008,7,2008-07-01,month,,,missing,Uttar Pradesh,,1.0,,,,,,,,,,,,,,,
HIST_FL_002207,HIST_FL_002207,HISTORICAL,FLOOD,2008,8,2008-08-01,month,,,missing,Andhra Pradesh,,7.0,,66.0,,,,,,,,,,,,,
HIST_FL_002208,HIST_FL_002208,HISTORICAL,FLOOD,2008,8,2008-08-01,month,,,missing,Andhra Pradesh,,2.0,,,,,,,,,,,,,,,
HIST_FL_002209,HIST_FL_002209,HISTORICAL,FLOOD,2008,8,2008-08-01,month,,,missing,Andhra Pradesh,,4.0,,,,,,,,,,,,,,,
HIST_FL_002210,HIST_FL_002210,HISTORICAL,FLOOD,2008,8,2008-08-01,month,,,missing,Assam,,14.0,,3.0,,,,,,,,,,,,,
HIST_FL_002211,HIST_FL_002211,HISTORICAL,FLOOD,2008,8,2008-08-01,month,,,missing,Bihar,,24.0,,131.0,,,,,,,,,,,,,
HIST_FL_002212,HIST_FL_002212,HISTORICAL,FLOOD,2008,8,2008-08-01,month,,,missing,Haryana,,1.0,,2.0,,,,,,,,,,,,,
HIST_FL_002213,HIST_FL_002213,HISTORICAL,FLOOD,2008,8,2008-08-01,month,,,missing,Haryana,,5.0,,,,,,,,,,,,,,,
HIST_FL_002214,HIST_FL_002214,HISTORICAL,FLOOD,2008,8,2008-08-01,month,,,missing,Haryana,,2.0,,,,,,,,,,,,,,,
HIST_FL_002215,HIST_FL_002215,HISTORICAL,FLOOD,2008,8,2008-08-01,month,,,missing,Himachal Pradesh,,4.0,,,,,,,,,,,,,,,
HIST_FL_002216,HIST_FL_002216,HISTORICAL,FLOOD,2008,8,2008-08-01,month,,,missing,Himachal Pradesh,,5.0,,,,,,,,,,,,,,,
HIST_FL_002217,HIST_FL_002217,HISTORICAL,FLOOD,2008,8,2008-08-01,month,,,missing,Himachal Pradesh,,3.0,,,,,,,,,,,,,,,
HIST_FL_002218,HIST_FL_002218,HISTORICAL,FLOOD,2008,8,2008-08-01,month,,,missing,Jharkhand,,4.0,,11.0,,,,,,,,,,,,,
HIST_FL_002219,HIST_FL_002219,HISTORICAL,FLOOD,2008,8,2008-08-01,month,,,missing,Karnataka,,7.0,,5.0,,,,,,,,,,,,,
HIST_FL_002220,HIST_FL_002220,HISTORICAL,FLOOD,2008,8,2008-08-01,month,,,missing,Karnataka,,28.0,,,,,,,,,,,,,,,
HIST_FL_002221,HIST_FL_002221,HISTORICAL,FLOOD,2008,8,2008-08-01,month,,,missing,Kerala,,3.0,,2.0,,,,,,,,,,,,,
HIST_FL_002222,HIST_FL_002222,HISTORICAL,FLOOD,2008,8,2008-08-01,month,,,missing,Kerala,,1.0,,,,,,,,,,,,,,,
HIST_FL_002223,HIST_FL_002223,HISTORICAL,FLOOD,2008,8,2008-08-01,month,,,missing,Maharashtra,,1.0,,,,,,,,,,,,,,,
HIST_FL_002224,HIST_FL_002224,HISTORICAL,FLOOD,2008,8,2008-08-01,month,,,missing,Maharashtra,,5.0,,18.0,,,,,,,,,,,,,
HIST_FL_002225,HIST_FL_002225,HISTORICAL,FLOOD,2008,8,2008-08-01,month,,,missing,Maharashtra,,6.0,,35.0,,,,,,,,,,,,,
HIST_FL_002226,HIST_FL_002226,HISTORICAL,FLOOD,2008,8,2008-08-01,month,,,missing,Maharashtra,,1.0,,,,,,,,,,,,,,,
HIST_FL_002227,HIST_FL_002227,HISTORICAL,FLOOD,2008,8,2008-08-01,month,,,missing,Odisha,,1.0,,2.0,,,,,,,,,,,,,
HIST_FL_002228,HIST_FL_002228,HISTORICAL,FLOOD,2008,8,2008-08-01,month,,,missing,Punjab,,1.0,,1.0,,,,,,,,,,,,,
HIST_FL_002229,HIST_FL_002229,HISTORICAL,FLOOD,2008,8,2008-08-01,month,,,missing,Punjab,,1.0,,,,,,,,,,,,,,,
HIST_FL_002230,HIST_FL_002230,HISTORICAL,FLOOD,2008,8,2008-08-01,month,,,missing,Punjab,,6.0,,26.0,,,,,,,,,,,,,
HIST_FL_002231,HIST_FL_002231,HISTORICAL,FLOOD,2008,8,2008-08-01,month,,,missing,Punjab,,1.0,,,,,,,,,,,,,,,
HIST_FL_002232,HIST_FL_002232,HISTORICAL,FLOOD,2008,8,2008-08-01,month,,,missing,Punjab,,1.0,,1.0,,,,,,,,,,,,,
HIST_FL_002233,HIST_FL_002233,HISTORICAL,FLOOD,2008,8,2008-08-01,month,,,missing,Punjab,,1.0,,,,,,,,,,,,,,,
HIST_FL_002234,HIST_FL_002234,HISTORICAL,FLOOD,2008,8,2008-08-01,month,,,missing,Punjab,,1.0,,,,,,,,,,,,,,,
HIST_FL_002235,HIST_FL_002235,HISTORICAL,FLOOD,2008,8,2008-08-01,month,,,missing,Rajasthan,,3.0,,10.0,,,,,,,,,,,,,
HIST_FL_002236,HIST_FL_002236,HISTORICAL,FLOOD,2008,8,2008-08-01,month,,,missing,Telangana,,7.0,,66.0,,,,,,,,,,,,,
HIST_FL_002237,HIST_FL_002237,HISTORICAL,FLOOD,2008,8,2008-08-01,month,,,missing,Uttar Pradesh,,1.0,,16.0,,,,,,,,,,,,,
HIST_FL_002238,HIST_FL_002238,HISTORICAL,FLOOD,2008,8,2008-08-01,month,,,missing,Uttar Pradesh,,1.0,,17.0,,,,,,,,,,,,,
HIST_FL_002239,HIST_FL_002239,HISTORICAL,FLOOD,2008,8,2008-08-01,month,,,missing,West Bengal,,1.0,,1.0,,,,,,,,,,,,,
HIST_FL_002240,HIST_FL_002240,HISTORICAL,FLOOD,2008,9,2008-09-01,month,,,missing,Andhra Pradesh,,1.0,,,,,,,,,,,,,,,
HIST_FL_002241,HIST_FL_002241,HISTORICAL,FLOOD,2008,9,2008-09-01,month,,,missing,Andhra Pradesh,,1.0,,,,,,,,,,,,,,,
HIST_FL_002242,HIST_FL_002242,HISTORICAL,FLOOD,2008,9,2008-09-01,month,,,missing,Assam,,14.0,,32.0,,,,,,,,,,,,,
HIST_FL_002243,HIST_FL_002243,HISTORICAL,FLOOD,2008,9,2008-09-01,month,,,missing,Gujarat,,2.0,,,,,,,,,,,,,,,
HIST_FL_002244,HIST_FL_002244,HISTORICAL,FLOOD,2008,9,2008-09-01,month,,,missing,Haryana,,3.0,,5.0,,,,,,,,,,,,,
HIST_FL_002245,HIST_FL_002245,HISTORICAL,FLOOD,2008,9,2008-09-01,month,,,missing,Karnataka,,7.0,,30.0,,,,,,,,,,,,,
HIST_FL_002246,HIST_FL_002246,HISTORICAL,FLOOD,2008,9,2008-09-01,month,,,missing,Karnataka,,5.0,,2.0,,,,,,,,,,,,,
HIST_FL_002247,HIST_FL_002247,HISTORICAL,FLOOD,2008,9,2008-09-01,month,,,missing,Kerala,,5.0,,1.0,,,,,,,,,,,,,
HIST_FL_002248,HIST_FL_002248,HISTORICAL,FLOOD,2008,9,2008-09-01,month,,,missing,Kerala,,2.0,,,,,,,,,,,,,,,
HIST_FL_002249,HIST_FL_002249,HISTORICAL,FLOOD,2008,9,2008-09-01,month,,,missing,Maharashtra,,1.0,,5.0,,,,,,,,,,,,,
HIST_FL_002250,HIST_FL_002250,HISTORICAL,FLOOD,2008,9,2008-09-01,month,,,missing,Maharashtra,,6.0,,32.0,,,,,,,,,,,,,
HIST_FL_002251,HIST_FL_002251,HISTORICAL,FLOOD,2008,9,2008-09-01,month,,,missing,Maharashtra,,1.0,,,,,,,,,,,,,,,
HIST_FL_002252,HIST_FL_002252,HISTORICAL,FLOOD,2008,9,2008-09-01,month,,,missing,Manipur,,1.0,,,,,,,,,,,,,,,
HIST_FL_002253,HIST_FL_002253,HISTORICAL,FLOOD,2008,9,2008-09-01,month,,,missing,Odisha,,1.0,,2.0,,,,,,,,,,,,,
HIST_FL_002254,HIST_FL_002254,HISTORICAL,FLOOD,2008,9,2008-09-01,month,,,missing,Odisha,,14.0,,140.0,,,,,,,,,,,,,
HIST_FL_002255,HIST_FL_002255,HISTORICAL,FLOOD,2008,9,2008-09-01,month,,,missing,Punjab,,3.0,,1.0,,,,,,,,,,,,,
HIST_FL_002256,HIST_FL_002256,HISTORICAL,FLOOD,2008,9,2008-09-01,month,,,missing,Punjab,,1.0,,,,,,,,,,,,,,,
HIST_FL_002257,HIST_FL_002257,HISTORICAL,FLOOD,2008,9,2008-09-01,month,,,missing,Uttar Pradesh,,1.0,,,,,,,,,,,,,,,
HIST_FL_002258,HIST_FL_002258,HISTORICAL,FLOOD,2008,10,2008-10-01,month,,,missing,Assam,,1.0,,,,,,,,,,,,,,,
HIST_FL_002259,HIST_FL_002259,HISTORICAL,FLOOD,2008,10,2008-10-01,month,,,missing,Karnataka,,1.0,,3.0,,,,,,,,,,,,,
HIST_FL_002260,HIST_FL_002260,HISTORICAL,FLOOD,2008,10,2008-10-01,month,,,missing,Kerala,,9.0,,6.0,,,,,,,,,,,,,
HIST_FL_002261,HIST_FL_002261,HISTORICAL,FLOOD,2008,10,2008-10-01,month,,,missing,Maharashtra,,1.0,,6.0,,,,,,,,,,,,,
HIST_FL_002262,HIST_FL_002262,HISTORICAL,FLOOD,2008,11,2008-11-01,month,,,missing,Maharashtra,,1.0,,,,,,,,,,,,,,,
HIST_FL_002263,HIST_FL_002263,HISTORICAL,FLOOD,2008,11,2008-11-01,month,,,missing,Tamil Nadu,,3.0,,,,,,,,,,,,,,,
HIST_FL_002264,HIST_FL_002264,HISTORICAL,FLOOD,2008,12,2008-12-01,month,,,missing,Maharashtra,,1.0,,,,,,,,,,,,,,,
HIST_FL_002265,HIST_FL_002265,HISTORICAL,FLOOD,2009,2,2009-02-01,month,,,missing,Maharashtra,,1.0,,,,,,,,,,,,,,,
HIST_FL_002266,HIST_FL_002266,HISTORICAL,FLOOD,2009,3,2009-03-01,month,,,missing,Punjab,,1.0,,,,,,,,,,,,,,,
HIST_FL_002267,HIST_FL_002267,HISTORICAL,FLOOD,2009,4,2009-04-01,month,,,missing,Assam,,1.0,,,,,,,,,,,,,,,
HIST_FL_002268,HIST_FL_002268,HISTORICAL,FLOOD,2009,5,2009-05-01,month,,,missing,Assam,,1.0,,9.0,,,,,,,,,,,,,
HIST_FL_002269,HIST_FL_002269,HISTORICAL,FLOOD,2009,5,2009-05-01,month,,,missing,Karnataka,,1.0,,,,,,,,,,,,,,,
HIST_FL_002270,HIST_FL_002270,HISTORICAL,FLOOD,2009,5,2009-05-01,month,,,missing,Karnataka,,2.0,,1.0,,,,,,,,,,,,,
HIST_FL_002271,HIST_FL_002271,HISTORICAL,FLOOD,2009,5,2009-05-01,month,,,missing,Kerala,,1.0,,,,,,,,,,,,,,,
HIST_FL_002272,HIST_FL_002272,HISTORICAL,FLOOD,2009,5,2009-05-01,month,,,missing,Maharashtra,,1.0,,1.0,,,,,,,,,,,,,
HIST_FL_002273,HIST_FL_002273,HISTORICAL,FLOOD,2009,5,2009-05-01,month,,,missing,Maharashtra,,3.0,,3.0,,,,,,,,,,,,,
HIST_FL_002274,HIST_FL_002274,HISTORICAL,FLOOD,2009,5,2009-05-01,month,,,missing,West Bengal,,1.0,,28.0,,,,,,,,,,,,,
HIST_FL_002275,HIST_FL_002275,HISTORICAL,FLOOD,2009,6,2009-06-01,month,,,missing,Assam,,6.0,,,,,,,,,,,,,,,
HIST_FL_002276,HIST_FL_002276,HISTORICAL,FLOOD,2009,6,2009-06-01,month,,,missing,Assam,,1.0,,1.0,,,,,,,,,,,,,
HIST_FL_002277,HIST_FL_002277,HISTORICAL,FLOOD,2009,6,2009-06-01,month,,,missing,Karnataka,,5.0,,,,,,,,,,,,,,,
HIST_FL_002278,HIST_FL_002278,HISTORICAL,FLOOD,2009,6,2009-06-01,month,,,missing,Maharashtra,,6.0,,3.0,,,,,,,,,,,,,
HIST_FL_002279,HIST_FL_002279,HISTORICAL,FLOOD,2009,6,2009-06-01,month,,,missing,Uttar Pradesh,,1.0,,8.0,,,,,,,,,,,,,
HIST_FL_002280,HIST_FL_002280,HISTORICAL,FLOOD,2009,7,2009-07-01,month,,,missing,Assam,,5.0,,,,,,,,,,,,,,,
HIST_FL_002281,HIST_FL_002281,HISTORICAL,FLOOD,2009,7,2009-07-01,month,,,missing,Assam,,2.0,,,,,,,,,,,,,,,
HIST_FL_002282,HIST_FL_002282,HISTORICAL,FLOOD,2009,7,2009-07-01,month,,,missing,Assam,,1.0,,,,,,,,,,,,,,,
HIST_FL_002283,HIST_FL_002283,HISTORICAL,FLOOD,2009,7,2009-07-01,month,,,missing,Delhi,,1.0,,2.0,,,,,,,,,,,,,
HIST_FL_002284,HIST_FL_002284,HISTORICAL,FLOOD,2009,7,2009-07-01,month,,,missing,Gujarat,,21.0,,58.0,,,,,,,,,,,,,
HIST_FL_002285,HIST_FL_002285,HISTORICAL,FLOOD,2009,7,2009-07-01,month,,,missing,Jammu and Kashmir,,1.0,,1.0,,,,,,,,,,,,,
HIST_FL_002286,HIST_FL_002286,HISTORICAL,FLOOD,2009,7,2009-07-01,month,,,missing,Karnataka,,6.0,,,,,,,,,,,,,,,
HIST_FL_002287,HIST_FL_002287,HISTORICAL,FLOOD,2009,7,2009-07-01,month,,,missing,Karnataka,,1.0,,13.0,,,,,,,,,,,,,
HIST_FL_002288,HIST_FL_002288,HISTORICAL,FLOOD,2009,7,2009-07-01,month,,,missing,Kerala,,1.0,,5.0,,,,,,,,,,,,,
HIST_FL_002289,HIST_FL_002289,HISTORICAL,FLOOD,2009,7,2009-07-01,month,,,missing,Kerala,,2.0,,,,,,,,,,,,,,,
HIST_FL_002290,HIST_FL_002290,HISTORICAL,FLOOD,2009,7,2009-07-01,month,,,missing,Kerala,,4.0,,33.0,,,,,,,,,,,,,
HIST_FL_002291,HIST_FL_002291,HISTORICAL,FLOOD,2009,7,2009-07-01,month,,,missing,Kerala,,3.0,,7.0,,,,,,,,,,,,,
HIST_FL_002292,HIST_FL_002292,HISTORICAL,FLOOD,2009,7,2009-07-01,month,,,missing,Madhya Pradesh,,1.0,,28.0,,,,,,,,,,,,,
HIST_FL_002293,HIST_FL_002293,HISTORICAL,FLOOD,2009,7,2009-07-01,month,,,missing,Maharashtra,,6.0,,12.0,,,,,,,,,,,,,
HIST_FL_002294,HIST_FL_002294,HISTORICAL,FLOOD,2009,7,2009-07-01,month,,,missing,Maharashtra,,2.0,,10.0,,,,,,,,,,,,,
HIST_FL_002295,HIST_FL_002295,HISTORICAL,FLOOD,2009,7,2009-07-01,month,,,missing,Odisha,,17.0,,56.0,,,,,,,,,,,,,
HIST_FL_002296,HIST_FL_002296,HISTORICAL,FLOOD,2009,7,2009-07-01,month,,,missing,Punjab,,1.0,,,,,,,,,,,,,,,
HIST_FL_002297,HIST_FL_002297,HISTORICAL,FLOOD,2009,7,2009-07-01,month,,,missing,Punjab,,1.0,,,,,,,,,,,,,,,
HIST_FL_002298,HIST_FL_002298,HISTORICAL,FLOOD,2009,7,2009-07-01,month,,,missing,Punjab,,1.0,,2.0,,,,,,,,,,,,,
HIST_FL_002299,HIST_FL_002299,HISTORICAL,FLOOD,2009,7,2009-07-01,month,,,missing,Uttarakhand,,1.0,,6.0,,,,,,,,,,,,,
HIST_FL_002300,HIST_FL_002300,HISTORICAL,FLOOD,2009,8,2009-08-01,month,,,missing,Assam,,1.0,,,,,,,,,,,,,,,
HIST_FL_002301,HIST_FL_002301,HISTORICAL,FLOOD,2009,8,2009-08-01,month,,,missing,Assam,,2.0,,,,,,,,,,,,,,,
HIST_FL_002302,HIST_FL_002302,HISTORICAL,FLOOD,2009,8,2009-08-01,month,,,missing,Assam,,1.0,,4.0,,,,,,,,,,,,,
HIST_FL_002303,HIST_FL_002303,HISTORICAL,FLOOD,2009,8,2009-08-01,month,,,missing,Assam,,2.0,,,,,,,,,,,,,,,
HIST_FL_002304,HIST_FL_002304,HISTORICAL,FLOOD,2009,8,2009-08-01,month,,,missing,Gujarat,,31.0,,11.0,,,,,,,,,,,,,
HIST_FL_002305,HIST_FL_002305,HISTORICAL,FLOOD,2009,8,2009-08-01,month,,,missing,Himachal Pradesh,,1.0,,2.0,,,,,,,,,,,,,
HIST_FL_002306,HIST_FL_002306,HISTORICAL,FLOOD,2009,8,2009-08-01,month,,,missing,Maharashtra,,1.0,,2.0,,,,,,,,,,,,,
HIST_FL_002307,HIST_FL_002307,HISTORICAL,FLOOD,2009,8,2009-08-01,month,,,missing,Punjab,,1.0,,1.0,,,,,,,,,,,,,
HIST_FL_002308,HIST_FL_002308,HISTORICAL,FLOOD,2009,8,2009-08-01,month,,,missing,Uttarakhand,,1.0,,43.0,,,,,,,,,,,,,
HIST_FL_002309,HIST_FL_002309,HISTORICAL,FLOOD,2009,8,2009-08-01,month,,,missing,Uttar Pradesh,,1.0,,3.0,,,,,,,,,,,,,
HIST_FL_002310,HIST_FL_002310,HISTORICAL,FLOOD,2009,8,2009-08-01,month,,,missing,Uttar Pradesh,,6.0,,25.0,,,,,,,,,,,,,
HIST_FL_002311,HIST_FL_002311,HISTORICAL,FLOOD,2009,8,2009-08-01,month,,,missing,Uttar Pradesh,,1.0,,8.0,,,,,,,,,,,,,
HIST_FL_002312,HIST_FL_002312,HISTORICAL,FLOOD,2009,8,2009-08-01,month,,,missing,Uttar Pradesh,,1.0,,2.0,,,,,,,,,,,,,
HIST_FL_002313,HIST_FL_002313,HISTORICAL,FLOOD,2009,8,2009-08-01,month,,,missing,West Bengal,,1.0,,,,,,,,,,,,,,,
HIST_FL_002314,HIST_FL_002314,HISTORICAL,FLOOD,2009,9,2009-09-01,month,,,missing,Assam,,4.0,,,,,,,,,,,,,,,
HIST_FL_002315,HIST_FL_002315,HISTORICAL,FLOOD,2009,9,2009-09-01,month,,,missing,Bihar,,1.0,,39.0,,,,,,,,,,,,,
HIST_FL_002316,HIST_FL_002316,HISTORICAL,FLOOD,2009,9,2009-09-01,month,,,missing,Haryana,,2.0,,6.0,,,,,,,,,,,,,
HIST_FL_002317,HIST_FL_002317,HISTORICAL,FLOOD,2009,9,2009-09-01,month,,,missing,Karnataka,,1.0,,,,,,,,,,,,,,,
HIST_FL_002318,HIST_FL_002318,HISTORICAL,FLOOD,2009,9,2009-09-01,month,,,missing,Karnataka,,3.0,,4.0,,,,,,,,,,,,,
HIST_FL_002319,HIST_FL_002319,HISTORICAL,FLOOD,2009,9,2009-09-01,month,,,missing,Karnataka,,1.0,,,,,,,,,,,,,,,
HIST_FL_002320,HIST_FL_002320,HISTORICAL,FLOOD,2009,9,2009-09-01,month,,,missing,Karnataka,,2.0,,5.0,,,,,,,,,,,,,
HIST_FL_002321,HIST_FL_002321,HISTORICAL,FLOOD,2009,9,2009-09-01,month,,,missing,Karnataka,,1.0,,,,,,,,,,,,,,,
HIST_FL_002322,HIST_FL_002322,HISTORICAL,FLOOD,2009,9,2009-09-01,month,,,missing,Karnataka,,5.0,,308.0,,,,,,,,,,,,,
HIST_FL_002323,HIST_FL_002323,HISTORICAL,FLOOD,2009,9,2009-09-01,month,,,missing,Kerala,,1.0,,1.0,,,,,,,,,,,,,
HIST_FL_002324,HIST_FL_002324,HISTORICAL,FLOOD,2009,9,2009-09-01,month,,,missing,Maharashtra,,1.0,,11.0,,,,,,,,,,,,,
HIST_FL_002325,HIST_FL_002325,HISTORICAL,FLOOD,2009,9,2009-09-01,month,,,missing,Maharashtra,,1.0,,1.0,,,,,,,,,,,,,
HIST_FL_002326,HIST_FL_002326,HISTORICAL,FLOOD,2009,9,2009-09-01,month,,,missing,Odisha,,5.0,,,,,,,,,,,,,,,
HIST_FL_002327,HIST_FL_002327,HISTORICAL,FLOOD,2009,9,2009-09-01,month,,,missing,Rajasthan,,3.0,,7.0,,,,,,,,,,,,,
HIST_FL_002328,HIST_FL_002328,HISTORICAL,FLOOD,2009,9,2009-09-01,month,,,missing,Tamil Nadu,,1.0,,5.0,,,,,,,,,,,,,
HIST_FL_002329,HIST_FL_002329,HISTORICAL,FLOOD,2009,9,2009-09-01,month,,,missing,Tamil Nadu,,1.0,,2.0,,,,,,,,,,,,,
HIST_FL_002330,HIST_FL_002330,HISTORICAL,FLOOD,2009,9,2009-09-01,month,,,missing,Uttar Pradesh,,2.0,,16.0,,,,,,,,,,,,,
HIST_FL_002331,HIST_FL_002331,HISTORICAL,FLOOD,2009,9,2009-09-01,month,,,missing,West Bengal,,6.0,,7.0,,,,,,,,,,,,,
HIST_FL_002332,HIST_FL_002332,HISTORICAL,FLOOD,2009,10,2009-10-01,month,,,missing,Andhra Pradesh,,7.0,,49.0,,,,,,,,,,,,,
HIST_FL_002333,HIST_FL_002333,HISTORICAL,FLOOD,2009,10,2009-10-01,month,,,missing,Assam,,1.0,,,,,,,,,,,,,,,
HIST_FL_002334,HIST_FL_002334,HISTORICAL,FLOOD,2009,10,2009-10-01,month,,,missing,Gujarat,,7.0,,12.0,,,,,,,,,,,,,
HIST_FL_002335,HIST_FL_002335,HISTORICAL,FLOOD,2009,10,2009-10-01,month,,,missing,Karnataka,,7.0,,195.0,,,,,,,,,,,,,
HIST_FL_002336,HIST_FL_002336,HISTORICAL,FLOOD,2009,10,2009-10-01,month,,,missing,Kerala,,1.0,,,,,,,,,,,,,,,
HIST_FL_002337,HIST_FL_002337,HISTORICAL,FLOOD,2009,10,2009-10-01,month,,,missing,Maharashtra,,6.0,,34.0,,,,,,,,,,,,,
HIST_FL_002338,HIST_FL_002338,HISTORICAL,FLOOD,2009,10,2009-10-01,month,,,missing,Maharashtra,,1.0,,2.0,,,,,,,,,,,,,
HIST_FL_002339,HIST_FL_002339,HISTORICAL,FLOOD,2009,10,2009-10-01,month,,,missing,Meghalaya,,1.0,,4.0,,,,,,,,,,,,,
HIST_FL_002340,HIST_FL_002340,HISTORICAL,FLOOD,2009,10,2009-10-01,month,,,missing,Mizoram,,1.0,,3.0,,,,,,,,,,,,,
HIST_FL_002341,HIST_FL_002341,HISTORICAL,FLOOD,2009,10,2009-10-01,month,,,missing,Punjab,,1.0,,,,,,,,,,,,,,,
HIST_FL_002342,HIST_FL_002342,HISTORICAL,FLOOD,2009,10,2009-10-01,month,,,missing,Uttar Pradesh,,2.0,,24.0,,,,,,,,,,,,,
HIST_FL_002343,HIST_FL_002343,HISTORICAL,FLOOD,2009,10,2009-10-01,month,,,missing,Uttar Pradesh,,1.0,,8.0,,,,,,,,,,,,,
HIST_FL_002344,HIST_FL_002344,HISTORICAL,FLOOD,2009,11,2009-11-01,month,,,missing,Kerala,,2.0,,1.0,,,,,,,,,,,,,
HIST_FL_002345,HIST_FL_002345,HISTORICAL,FLOOD,2009,11,2009-11-01,month,,,missing,Maharashtra,,1.0,,10.0,,,,,,,,,,,,,
HIST_FL_002346,HIST_FL_002346,HISTORICAL,FLOOD,2009,11,2009-11-01,month,,,missing,Maharashtra,,1.0,,1.0,,,,,,,,,,,,,
HIST_FL_002347,HIST_FL_002347,HISTORICAL,FLOOD,2009,11,2009-11-01,month,,,missing,Maharashtra,,1.0,,,,,,,,,,,,,,,
HIST_FL_002348,HIST_FL_002348,HISTORICAL,FLOOD,2009,11,2009-11-01,month,,,missing,Tamil Nadu,,6.0,,49.0,,,,,,,,,,,,,
HIST_FL_002349,HIST_FL_002349,HISTORICAL,FLOOD,2009,11,2009-11-01,month,,,missing,Tamil Nadu,,1.0,,5.0,,,,,,,,,,,,,
HIST_FL_002350,HIST_FL_002350,HISTORICAL,FLOOD,2009,12,2009-12-01,month,,,missing,Kerala,,3.0,,,,,,,,,,,,,,,
HIST_FL_002351,HIST_FL_002351,HISTORICAL,FLOOD,2010,2,2010-02-01,month,,,missing,Jammu and Kashmir,,1.0,,1.0,,,,,,,,,,,,,
HIST_FL_002352,HIST_FL_002352,HISTORICAL,FLOOD,2010,3,2010-03-01,month,,,missing,Assam,,1.0,,,,,,,,,,,,,,,
HIST_FL_002353,HIST_FL_002353,HISTORICAL,FLOOD,2010,3,2010-03-01,month,,,missing,Maharashtra,,3.0,,2.0,,,,,,,,,,,,,
HIST_FL_002354,HIST_FL_002354,HISTORICAL,FLOOD,2010,4,2010-04-01,month,,,missing,Arunachal Pradesh,,1.0,,7.0,,,,,,,,,,,,,
HIST_FL_002355,HIST_FL_002355,HISTORICAL,FLOOD,2010,4,2010-04-01,month,,,missing,Arunachal Pradesh,,1.0,,12.0,,,,,,,,,,,,,
HIST_FL_002356,HIST_FL_002356,HISTORICAL,FLOOD,2010,4,2010-04-01,month,,,missing,Assam,,4.0,,,,,,,,,,,,,,,
HIST_FL_002357,HIST_FL_002357,HISTORICAL,FLOOD,2010,4,2010-04-01,month,,,missing,Maharashtra,,1.0,,,,,,,,,,,,,,,
HIST_FL_002358,HIST_FL_002358,HISTORICAL,FLOOD,2010,5,2010-05-01,month,,,missing,Assam,,7.0,,5.0,,,,,,,,,,,,,
HIST_FL_002359,HIST_FL_002359,HISTORICAL,FLOOD,2010,5,2010-05-01,month,,,missing,Assam,,1.0,,,,,,,,,,,,,,,
HIST_FL_002360,HIST_FL_002360,HISTORICAL,FLOOD,2010,5,2010-05-01,month,,,missing,Karnataka,,1.0,,1.0,,,,,,,,,,,,,
HIST_FL_002361,HIST_FL_002361,HISTORICAL,FLOOD,2010,5,2010-05-01,month,,,missing,Karnataka,,1.0,,4.0,,,,,,,,,,,,,
HIST_FL_002362,HIST_FL_002362,HISTORICAL,FLOOD,2010,5,2010-05-01,month,,,missing,Karnataka,,1.0,,3.0,,,,,,,,,,,,,
HIST_FL_002363,HIST_FL_002363,HISTORICAL,FLOOD,2010,5,2010-05-01,month,,,missing,Kerala,,1.0,,,,,,,,,,,,,,,
HIST_FL_002364,HIST_FL_002364,HISTORICAL,FLOOD,2010,5,2010-05-01,month,,,missing,Kerala,,1.0,,1.0,,,,,,,,,,,,,
HIST_FL_002365,HIST_FL_002365,HISTORICAL,FLOOD,2010,5,2010-05-01,month,,,missing,Tamil Nadu,,5.0,,2.0,,,,,,,,,,,,,
HIST_FL_002366,HIST_FL_002366,HISTORICAL,FLOOD,2010,5,2010-05-01,month,,,missing,Tamil Nadu,,1.0,,,,,,,,,,,,,,,
HIST_FL_002367,HIST_FL_002367,HISTORICAL,FLOOD,2010,5,2010-05-01,month,,,missing,Tripura,,1.0,,1.0,,,,,,,,,,,,,
HIST_FL_002368,HIST_FL_002368,HISTORICAL,FLOOD,2010,6,2010-06-01,month,,,missing,Assam,,1.0,,,,,,,,,,,,,,,
HIST_FL_002369,HIST_FL_002369,HISTORICAL,FLOOD,2010,6,2010-06-01,month,,,missing,Assam,,4.0,,40.0,,,,,,,,,,,,,
HIST_FL_002370,HIST_FL_002370,HISTORICAL,FLOOD,2010,6,2010-06-01,month,,,missing,Assam,,1.0,,,,,,,,,,,,,,,
HIST_FL_002371,HIST_FL_002371,HISTORICAL,FLOOD,2010,6,2010-06-01,month,,,missing,Assam,,1.0,,,,,,,,,,,,,,,
HIST_FL_002372,HIST_FL_002372,HISTORICAL,FLOOD,2010,6,2010-06-01,month,,,missing,Assam,,1.0,,7.0,,,,,,,,,,,,,
HIST_FL_002373,HIST_FL_002373,HISTORICAL,FLOOD,2010,6,2010-06-01,month,,,missing,Assam,,3.0,,,,,,,,,,,,,,,
HIST_FL_002374,HIST_FL_002374,HISTORICAL,FLOOD,2010,6,2010-06-01,month,,,missing,Karnataka,,1.0,,1.0,,,,,,,,,,,,,
HIST_FL_002375,HIST_FL_002375,HISTORICAL,FLOOD,2010,6,2010-06-01,month,,,missing,Kerala,,1.0,,,,,,,,,,,,,,,
HIST_FL_002376,HIST_FL_002376,HISTORICAL,FLOOD,2010,6,2010-06-01,month,,,missing,Kerala,,5.0,,,,,,,,,,,,,,,
HIST_FL_002377,HIST_FL_002377,HISTORICAL,FLOOD,2010,6,2010-06-01,month,,,missing,Madhya Pradesh,,1.0,,1.0,,,,,,,,,,,,,
HIST_FL_002378,HIST_FL_002378,HISTORICAL,FLOOD,2010,6,2010-06-01,month,,,missing,Maharashtra,,4.0,,12.0,,,,,,,,,,,,,
HIST_FL_002379,HIST_FL_002379,HISTORICAL,FLOOD,2010,6,2010-06-01,month,,,missing,Maharashtra,,1.0,,9.0,,,,,,,,,,,,,
HIST_FL_002380,HIST_FL_002380,HISTORICAL,FLOOD,2010,6,2010-06-01,month,,,missing,Maharashtra,,3.0,,8.0,,,,,,,,,,,,,
HIST_FL_002381,HIST_FL_002381,HISTORICAL,FLOOD,2010,6,2010-06-01,month,,,missing,Maharashtra,,3.0,,8.0,,,,,,,,,,,,,
HIST_FL_002382,HIST_FL_002382,HISTORICAL,FLOOD,2010,6,2010-06-01,month,,,missing,Maharashtra,,3.0,,9.0,,,,,,,,,,,,,
HIST_FL_002383,HIST_FL_002383,HISTORICAL,FLOOD,2010,6,2010-06-01,month,,,missing,Rajasthan,,3.0,,,,,,,,,,,,,,,
HIST_FL_002384,HIST_FL_002384,HISTORICAL,FLOOD,2010,6,2010-06-01,month,,,missing,Sikkim,,2.0,,,,,,,,,,,,,,,
HIST_FL_002385,HIST_FL_002385,HISTORICAL,FLOOD,2010,6,2010-06-01,month,,,missing,West Bengal,,2.0,,6.0,,,,,,,,,,,,,
HIST_FL_002386,HIST_FL_002386,HISTORICAL,FLOOD,2010,7,2010-07-01,month,,,missing,Assam,,1.0,,,,,,,,,,,,,,,
HIST_FL_002387,HIST_FL_002387,HISTORICAL,FLOOD,2010,7,2010-07-01,month,,,missing,Assam,,2.0,,,,,,,,,,,,,,,
HIST_FL_002388,HIST_FL_002388,HISTORICAL,FLOOD,2010,7,2010-07-01,month,,,missing,Assam,,1.0,,,,,,,,,,,,,,,
HIST_FL_002389,HIST_FL_002389,HISTORICAL,FLOOD,2010,7,2010-07-01,month,,,missing,Assam,,3.0,,,,,,,,,,,,,,,
HIST_FL_002390,HIST_FL_002390,HISTORICAL,FLOOD,2010,7,2010-07-01,month,,,missing,Assam,,1.0,,,,,,,,,,,,,,,
HIST_FL_002391,HIST_FL_002391,HISTORICAL,FLOOD,2010,7,2010-07-01,month,,,missing,Chhattisgarh,,4.0,,8.0,,,,,,,,,,,,,
HIST_FL_002392,HIST_FL_002392,HISTORICAL,FLOOD,2010,7,2010-07-01,month,,,missing,Gujarat,,31.0,,90.0,,,,,,,,,,,,,
HIST_FL_002393,HIST_FL_002393,HISTORICAL,FLOOD,2010,7,2010-07-01,month,,,missing,Haryana,,2.0,,8.0,,,,,,,,,,,,,
HIST_FL_002394,HIST_FL_002394,HISTORICAL,FLOOD,2010,7,2010-07-01,month,,,missing,Jammu and Kashmir,,2.0,,,,,,,,,,,,,,,
HIST_FL_002395,HIST_FL_002395,HISTORICAL,FLOOD,2010,7,2010-07-01,month,,,missing,Jammu and Kashmir,,1.0,,5.0,,,,,,,,,,,,,
HIST_FL_002396,HIST_FL_002396,HISTORICAL,FLOOD,2010,7,2010-07-01,month,,,missing,Karnataka,,1.0,,1.0,,,,,,,,,,,,,
HIST_FL_002397,HIST_FL_002397,HISTORICAL,FLOOD,2010,7,2010-07-01,month,,,missing,Karnataka,,5.0,,5.0,,,,,,,,,,,,,
HIST_FL_002398,HIST_FL_002398,HISTORICAL,FLOOD,2010,7,2010-07-01,month,,,missing,Kerala,,1.0,,,,,,,,,,,,,,,
HIST_FL_002399,HIST_FL_002399,HISTORICAL,FLOOD,2010,7,2010-07-01,month,,,missing,Madhya Pradesh,,1.0,,1.0,,,,,,,,,,,,,
HIST_FL_002400,HIST_FL_002400,HISTORICAL,FLOOD,2010,7,2010-07-01,month,,,missing,Maharashtra,,1.0,,4.0,,,,,,,,,,,,,
HIST_FL_002401,HIST_FL_002401,HISTORICAL,FLOOD,2010,7,2010-07-01,month,,,missing,Maharashtra,,2.0,,1.0,,,,,,,,,,,,,
HIST_FL_002402,HIST_FL_002402,HISTORICAL,FLOOD,2010,7,2010-07-01,month,,,missing,Maharashtra,,3.0,,12.0,,,,,,,,,,,,,
HIST_FL_002403,HIST_FL_002403,HISTORICAL,FLOOD,2010,7,2010-07-01,month,,,missing,Maharashtra,,1.0,,10.0,,,,,,,,,,,,,
HIST_FL_002404,HIST_FL_002404,HISTORICAL,FLOOD,2010,7,2010-07-01,month,,,missing,Odisha,,2.0,,7.0,,,,,,,,,,,,,
HIST_FL_002405,HIST_FL_002405,HISTORICAL,FLOOD,2010,7,2010-07-01,month,,,missing,Punjab,,2.0,,9.0,,,,,,,,,,,,,
HIST_FL_002406,HIST_FL_002406,HISTORICAL,FLOOD,2010,7,2010-07-01,month,,,missing,Rajasthan,,1.0,,2.0,,,,,,,,,,,,,
HIST_FL_002407,HIST_FL_002407,HISTORICAL,FLOOD,2010,7,2010-07-01,month,,,missing,Rajasthan,,4.0,,8.0,,,,,,,,,,,,,
HIST_FL_002408,HIST_FL_002408,HISTORICAL,FLOOD,2010,7,2010-07-01,month,,,missing,Sikkim,,1.0,,,,,,,,,,,,,,,
HIST_FL_002409,HIST_FL_002409,HISTORICAL,FLOOD,2010,7,2010-07-01,month,,,missing,Tamil Nadu,,1.0,,1.0,,,,,,,,,,,,,
HIST_FL_002410,HIST_FL_002410,HISTORICAL,FLOOD,2010,7,2010-07-01,month,,,missing,Tripura,,1.0,,,,,,,,,,,,,,,
HIST_FL_002411,HIST_FL_002411,HISTORICAL,FLOOD,2010,7,2010-07-01,month,,,missing,Uttarakhand,,1.0,,6.0,,,,,,,,,,,,,
HIST_FL_002412,HIST_FL_002412,HISTORICAL,FLOOD,2010,7,2010-07-01,month,,,missing,West Bengal,,1.0,,,,,,,,,,,,,,,
HIST_FL_002413,HIST_FL_002413,HISTORICAL,FLOOD,2010,7,2010-07-01,month,,,missing,West Bengal,,1.0,,,,,,,,,,,,,,,
HIST_FL_002414,HIST_FL_002414,HISTORICAL,FLOOD,2010,8,2010-08-01,month,,,missing,Assam,,1.0,,,,,,,,,,,,,,,
HIST_FL_002415,HIST_FL_002415,HISTORICAL,FLOOD,2010,8,2010-08-01,month,,,missing,Assam,,2.0,,,,,,,,,,,,,,,
HIST_FL_002416,HIST_FL_002416,HISTORICAL,FLOOD,2010,8,2010-08-01,month,,,missing,Assam,,1.0,,,,,,,,,,,,,,,
HIST_FL_002417,HIST_FL_002417,HISTORICAL,FLOOD,2010,8,2010-08-01,month,,,missing,Assam,,1.0,,,,,,,,,,,,,,,
HIST_FL_002418,HIST_FL_002418,HISTORICAL,FLOOD,2010,8,2010-08-01,month,,,missing,Bihar,,1.0,,2.0,,,,,,,,,,,,,
HIST_FL_002419,HIST_FL_002419,HISTORICAL,FLOOD,2010,8,2010-08-01,month,,,missing,Bihar,,2.0,,,,,,,,,,,,,,,
HIST_FL_002420,HIST_FL_002420,HISTORICAL,FLOOD,2010,8,2010-08-01,month,,,missing,Chhattisgarh,,7.0,,1.0,,,,,,,,,,,,,
HIST_FL_002421,HIST_FL_002421,HISTORICAL,FLOOD,2010,8,2010-08-01,month,,,missing,Gujarat,,31.0,,85.0,,,,,,,,,,,,,
HIST_FL_002422,HIST_FL_002422,HISTORICAL,FLOOD,2010,8,2010-08-01,month,,,missing,Haryana,,2.0,,1.0,,,,,,,,,,,,,
HIST_FL_002423,HIST_FL_002423,HISTORICAL,FLOOD,2010,8,2010-08-01,month,,,missing,Himachal Pradesh,,3.0,,,,,,,,,,,,,,,
HIST_FL_002424,HIST_FL_002424,HISTORICAL,FLOOD,2010,8,2010-08-01,month,,,missing,Jammu and Kashmir,,1.0,,150.0,,,,,,,,,,,,,
HIST_FL_002425,HIST_FL_002425,HISTORICAL,FLOOD,2010,8,2010-08-01,month,,,missing,Jammu and Kashmir,,1.0,,,,,,,,,,,,,,,
HIST_FL_002426,HIST_FL_002426,HISTORICAL,FLOOD,2010,8,2010-08-01,month,,,missing,Jammu and Kashmir,,1.0,,,,,,,,,,,,,,,
HIST_FL_002427,HIST_FL_002427,HISTORICAL,FLOOD,2010,8,2010-08-01,month,,,missing,Jammu and Kashmir,,1.0,,1.0,,,,,,,,,,,,,
HIST_FL_002428,HIST_FL_002428,HISTORICAL,FLOOD,2010,8,2010-08-01,month,,,missing,Jammu and Kashmir,,1.0,,2.0,,,,,,,,,,,,,
HIST_FL_002429,HIST_FL_002429,HISTORICAL,FLOOD,2010,8,2010-08-01,month,,,missing,Karnataka,,1.0,,2.0,,,,,,,,,,,,,
HIST_FL_002430,HIST_FL_002430,HISTORICAL,FLOOD,2010,8,2010-08-01,month,,,missing,Karnataka,,1.0,,4.0,,,,,,,,,,,,,
HIST_FL_002431,HIST_FL_002431,HISTORICAL,FLOOD,2010,8,2010-08-01,month,,,missing,Karnataka,,1.0,,1.0,,,,,,,,,,,,,
HIST_FL_002432,HIST_FL_002432,HISTORICAL,FLOOD,2010,8,2010-08-01,month,,,missing,Maharashtra,,2.0,,1.0,,,,,,,,,,,,,
HIST_FL_002433,HIST_FL_002433,HISTORICAL,FLOOD,2010,8,2010-08-01,month,,,missing,Maharashtra,,1.0,,38.0,,,,,,,,,,,,,
HIST_FL_002434,HIST_FL_002434,HISTORICAL,FLOOD,2010,8,2010-08-01,month,,,missing,Maharashtra,,4.0,,11.0,,,,,,,,,,,,,
HIST_FL_002435,HIST_FL_002435,HISTORICAL,FLOOD,2010,8,2010-08-01,month,,,missing,Maharashtra,,1.0,,,,,,,,,,,,,,,
HIST_FL_002436,HIST_FL_002436,HISTORICAL,FLOOD,2010,8,2010-08-01,month,,,missing,Maharashtra,,1.0,,4.0,,,,,,,,,,,,,
HIST_FL_002437,HIST_FL_002437,HISTORICAL,FLOOD,2010,8,2010-08-01,month,,,missing,Odisha,,2.0,,3.0,,,,,,,,,,,,,
HIST_FL_002438,HIST_FL_002438,HISTORICAL,FLOOD,2010,8,2010-08-01,month,,,missing,Punjab,,1.0,,,,,,,,,,,,,,,
HIST_FL_002439,HIST_FL_002439,HISTORICAL,FLOOD,2010,8,2010-08-01,month,,,missing,Punjab,,1.0,,,,,,,,,,,,,,,
HIST_FL_002440,HIST_FL_002440,HISTORICAL,FLOOD,2010,8,2010-08-01,month,,,missing,Rajasthan,,1.0,,,,,,,,,,,,,,,
HIST_FL_002441,HIST_FL_002441,HISTORICAL,FLOOD,2010,8,2010-08-01,month,,,missing,Rajasthan,,5.0,,11.0,,,,,,,,,,,,,
HIST_FL_002442,HIST_FL_002442,HISTORICAL,FLOOD,2010,8,2010-08-01,month,,,missing,Sikkim,,1.0,,,,,,,,,,,,,,,
HIST_FL_002443,HIST_FL_002443,HISTORICAL,FLOOD,2010,8,2010-08-01,month,,,missing,Tamil Nadu,,1.0,,,,,,,,,,,,,,,
HIST_FL_002444,HIST_FL_002444,HISTORICAL,FLOOD,2010,8,2010-08-01,month,,,missing,Tamil Nadu,,1.0,,,,,,,,,,,,,,,
HIST_FL_002445,HIST_FL_002445,HISTORICAL,FLOOD,2010,8,2010-08-01,month,,,missing,Uttarakhand,,1.0,,18.0,,,,,,,,,,,,,
HIST_FL_002446,HIST_FL_002446,HISTORICAL,FLOOD,2010,8,2010-08-01,month,,,missing,Uttar Pradesh,,1.0,,,,,,,,,,,,,,,
HIST_FL_002447,HIST_FL_002447,HISTORICAL,FLOOD,2010,8,2010-08-01,month,,,missing,West Bengal,,2.0,,,,,,,,,,,,,,,
HIST_FL_002448,HIST_FL_002448,HISTORICAL,FLOOD,2010,8,2010-08-01,month,,,missing,West Bengal,,2.0,,1.0,,,,,,,,,,,,,
HIST_FL_002449,HIST_FL_002449,HISTORICAL,FLOOD,2010,9,2010-09-01,month,,,missing,Arunachal Pradesh,,2.0,,8.0,,,,,,,,,,,,,
HIST_FL_002450,HIST_FL_002450,HISTORICAL,FLOOD,2010,9,2010-09-01,month,,,missing,Assam,,5.0,,1.0,,,,,,,,,,,,,
HIST_FL_002451,HIST_FL_002451,HISTORICAL,FLOOD,2010,9,2010-09-01,month,,,missing,Assam,,1.0,,,,,,,,,,,,,,,
HIST_FL_002452,HIST_FL_002452,HISTORICAL,FLOOD,2010,9,2010-09-01,month,,,missing,Assam,,1.0,,,,,,,,,,,,,,,
HIST_FL_002453,HIST_FL_002453,HISTORICAL,FLOOD,2010,9,2010-09-01,month,,,missing,Assam,,1.0,,,,,,,,,,,,,,,
HIST_FL_002454,HIST_FL_002454,HISTORICAL,FLOOD,2010,9,2010-09-01,month,,,missing,Bihar,,2.0,,,,,,,,,,,,,,,
HIST_FL_002455,HIST_FL_002455,HISTORICAL,FLOOD,2010,9,2010-09-01,month,,,missing,Chhattisgarh,,2.0,,14.0,,,,,,,,,,,,,
HIST_FL_002456,HIST_FL_002456,HISTORICAL,FLOOD,2010,9,2010-09-01,month,,,missing,Delhi,,1.0,,,,,,,,,,,,,,,
HIST_FL_002457,HIST_FL_002457,HISTORICAL,FLOOD,2010,9,2010-09-01,month,,,missing,Gujarat,,30.0,,70.0,,,,,,,,,,,,,
HIST_FL_002458,HIST_FL_002458,HISTORICAL,FLOOD,2010,9,2010-09-01,month,,,missing,Himachal Pradesh,,1.0,,,,,,,,,,,,,,,
HIST_FL_002459,HIST_FL_002459,HISTORICAL,FLOOD,2010,9,2010-09-01,month,,,missing,Himachal Pradesh,,3.0,,1.0,,,,,,,,,,,,,
HIST_FL_002460,HIST_FL_002460,HISTORICAL,FLOOD,2010,9,2010-09-01,month,,,missing,Himachal Pradesh,,2.0,,,,,,,,,,,,,,,
HIST_FL_002461,HIST_FL_002461,HISTORICAL,FLOOD,2010,9,2010-09-01,month,,,missing,Himachal Pradesh,,1.0,,5.0,,,,,,,,,,,,,
HIST_FL_002462,HIST_FL_002462,HISTORICAL,FLOOD,2010,9,2010-09-01,month,,,missing,Himachal Pradesh,,3.0,,2.0,,,,,,,,,,,,,
HIST_FL_002463,HIST_FL_002463,HISTORICAL,FLOOD,2010,9,2010-09-01,month,,,missing,Kerala,,3.0,,2.0,,,,,,,,,,,,,
HIST_FL_002464,HIST_FL_002464,HISTORICAL,FLOOD,2010,9,2010-09-01,month,,,missing,Kerala,,1.0,,,,,,,,,,,,,,,
HIST_FL_002465,HIST_FL_002465,HISTORICAL,FLOOD,2010,9,2010-09-01,month,,,missing,Maharashtra,,1.0,,2.0,,,,,,,,,,,,,
HIST_FL_002466,HIST_FL_002466,HISTORICAL,FLOOD,2010,9,2010-09-01,month,,,missing,Maharashtra,,2.0,,13.0,,,,,,,,,,,,,
HIST_FL_002467,HIST_FL_002467,HISTORICAL,FLOOD,2010,9,2010-09-01,month,,,missing,Maharashtra,,1.0,,1.0,,,,,,,,,,,,,
HIST_FL_002468,HIST_FL_002468,HISTORICAL,FLOOD,2010,9,2010-09-01,month,,,missing,Maharashtra,,1.0,,,,,,,,,,,,,,,
HIST_FL_002469,HIST_FL_002469,HISTORICAL,FLOOD,2010,9,2010-09-01,month,,,missing,Maharashtra,,8.0,,5.0,,,,,,,,,,,,,
HIST_FL_002470,HIST_FL_002470,HISTORICAL,FLOOD,2010,9,2010-09-01,month,,,missing,Mizoram,,1.0,,1.0,,,,,,,,,,,,,
HIST_FL_002471,HIST_FL_002471,HISTORICAL,FLOOD,2010,9,2010-09-01,month,,,missing,Rajasthan,,1.0,,1.0,,,,,,,,,,,,,
HIST_FL_002472,HIST_FL_002472,HISTORICAL,FLOOD,2010,9,2010-09-01,month,,,missing,Tamil Nadu,,5.0,,,,,,,,,,,,,,,
HIST_FL_002473,HIST_FL_002473,HISTORICAL,FLOOD,2010,9,2010-09-01,month,,,missing,Uttarakhand,,2.0,,20.0,,,,,,,,,,,,,
HIST_FL_002474,HIST_FL_002474,HISTORICAL,FLOOD,2010,9,2010-09-01,month,,,missing,Uttar Pradesh,,1.0,,6.0,,,,,,,,,,,,,
HIST_FL_002475,HIST_FL_002475,HISTORICAL,FLOOD,2010,9,2010-09-01,month,,,missing,Uttar Pradesh,,3.0,,7.0,,,,,,,,,,,,,
HIST_FL_002476,HIST_FL_002476,HISTORICAL,FLOOD,2010,9,2010-09-01,month,,,missing,Uttar Pradesh,,2.0,,,,,,,,,,,,,,,
HIST_FL_002477,HIST_FL_002477,HISTORICAL,FLOOD,2010,9,2010-09-01,month,,,missing,West Bengal,,2.0,,,,,,,,,,,,,,,
HIST_FL_002478,HIST_FL_002478,HISTORICAL,FLOOD,2010,10,2010-10-01,month,,,missing,Andhra Pradesh,,1.0,,14.0,,,,,,,,,,,,,
HIST_FL_002479,HIST_FL_002479,HISTORICAL,FLOOD,2010,10,2010-10-01,month,,,missing,Jammu and Kashmir,,1.0,,4.0,,,,,,,,,,,,,
HIST_FL_002480,HIST_FL_002480,HISTORICAL,FLOOD,2010,10,2010-10-01,month,,,missing,Kerala,,6.0,,20.0,,,,,,,,,,,,,
HIST_FL_002481,HIST_FL_002481,HISTORICAL,FLOOD,2010,10,2010-10-01,month,,,missing,Kerala,,1.0,,,,,,,,,,,,,,,
HIST_FL_002482,HIST_FL_002482,HISTORICAL,FLOOD,2010,10,2010-10-01,month,,,missing,Kerala,,1.0,,,,,,,,,,,,,,,
HIST_FL_002483,HIST_FL_002483,HISTORICAL,FLOOD,2010,10,2010-10-01,month,,,missing,Kerala,,3.0,,3.0,,,,,,,,,,,,,
HIST_FL_002484,HIST_FL_002484,HISTORICAL,FLOOD,2010,10,2010-10-01,month,,,missing,Maharashtra,,1.0,,2.0,,,,,,,,,,,,,
HIST_FL_002485,HIST_FL_002485,HISTORICAL,FLOOD,2010,10,2010-10-01,month,,,missing,West Bengal,,2.0,,,,,,,,,,,,,,,
HIST_FL_002486,HIST_FL_002486,HISTORICAL,FLOOD,2010,11,2010-11-01,month,,,missing,Kerala,,1.0,,,,,,,,,,,,,,,
HIST_FL_002487,HIST_FL_002487,HISTORICAL,FLOOD,2010,11,2010-11-01,month,,,missing,Kerala,,1.0,,1.0,,,,,,,,,,,,,
HIST_FL_002488,HIST_FL_002488,HISTORICAL,FLOOD,2010,11,2010-11-01,month,,,missing,Kerala,,5.0,,2.0,,,,,,,,,,,,,
HIST_FL_002489,HIST_FL_002489,HISTORICAL,FLOOD,2010,11,2010-11-01,month,,,missing,Kerala,,2.0,,1.0,,,,,,,,,,,,,
HIST_FL_002490,HIST_FL_002490,HISTORICAL,FLOOD,2010,11,2010-11-01,month,,,missing,Maharashtra,,14.0,,,,,,,,,,,,,,,
HIST_FL_002491,HIST_FL_002491,HISTORICAL,FLOOD,2010,11,2010-11-01,month,,,missing,Tamil Nadu,,1.0,,5.0,,,,,,,,,,,,,
HIST_FL_002492,HIST_FL_002492,HISTORICAL,FLOOD,2010,11,2010-11-01,month,,,missing,Tamil Nadu,,2.0,,100.0,,,,,,,,,,,,,
HIST_FL_002493,HIST_FL_002493,HISTORICAL,FLOOD,2010,11,2010-11-01,month,,,missing,Tamil Nadu,,4.0,,,,,,,,,,,,,,,
HIST_FL_002494,HIST_FL_002494,HISTORICAL,FLOOD,2010,11,2010-11-01,month,,,missing,Tamil Nadu,,1.0,,,,,,,,,,,,,,,
HIST_FL_002495,HIST_FL_002495,HISTORICAL,FLOOD,2010,12,2010-12-01,month,,,missing,Chhattisgarh,,2.0,,,,,,,,,,,,,,,
HIST_FL_002496,HIST_FL_002496,HISTORICAL,FLOOD,2010,12,2010-12-01,month,,,missing,Kerala,,1.0,,1.0,,,,,,,,,,,,,
HIST_FL_002497,HIST_FL_002497,HISTORICAL,FLOOD,2010,12,2010-12-01,month,,,missing,Tamil Nadu,,3.0,,12.0,,,,,,,,,,,,,
HIST_FL_002498,HIST_FL_002498,HISTORICAL,FLOOD,2010,12,2010-12-01,month,,,missing,Tamil Nadu,,1.0,,,,,,,,,,,,,,,
HIST_FL_002499,HIST_FL_002499,HISTORICAL,FLOOD,2010,12,2010-12-01,month,,,missing,Tamil Nadu,,5.0,,,,,,,,,,,,,,,
HIST_FL_002500,HIST_FL_002500,HISTORICAL,FLOOD,2011,1,2011-01-01,month,,,missing,Karnataka,,1.0,,,,,,,,,,,,,,,
HIST_FL_002501,HIST_FL_002501,HISTORICAL,FLOOD,2011,2,2011-02-01,month,,,missing,Chhattisgarh,,1.0,,,,,,,,,,,,,,,
HIST_FL_002502,HIST_FL_002502,HISTORICAL,FLOOD,2011,2,2011-02-01,month,,,missing,Jammu and Kashmir,,1.0,,1.0,,,,,,,,,,,,,
HIST_FL_002503,HIST_FL_002503,HISTORICAL,FLOOD,2011,2,2011-02-01,month,,,missing,Maharashtra,,1.0,,1.0,,,,,,,,,,,,,
HIST_FL_002504,HIST_FL_002504,HISTORICAL,FLOOD,2011,2,2011-02-01,month,,,missing,Rajasthan,,1.0,,1.0,,,,,,,,,,,,,
HIST_FL_002505,HIST_FL_002505,HISTORICAL,FLOOD,2011,3,2011-03-01,month,,,missing,Jammu and Kashmir,,1.0,,,,,,,,,,,,,,,
HIST_FL_002506,HIST_FL_002506,HISTORICAL,FLOOD,2011,3,2011-03-01,month,,,missing,Maharashtra,,1.0,,,,,,,,,,,,,,,
HIST_FL_002507,HIST_FL_002507,HISTORICAL,FLOOD,2011,4,2011-04-01,month,,,missing,Jammu and Kashmir,,1.0,,,,,,,,,,,,,,,
HIST_FL_002508,HIST_FL_002508,HISTORICAL,FLOOD,2011,4,2011-04-01,month,,,missing,Jammu and Kashmir,,1.0,,5.0,,,,,,,,,,,,,
HIST_FL_002509,HIST_FL_002509,HISTORICAL,FLOOD,2011,4,2011-04-01,month,,,missing,Karnataka,,1.0,,4.0,,,,,,,,,,,,,
HIST_FL_002510,HIST_FL_002510,HISTORICAL,FLOOD,2011,4,2011-04-01,month,,,missing,Kerala,,1.0,,,,,,,,,,,,,,,
HIST_FL_002511,HIST_FL_002511,HISTORICAL,FLOOD,2011,4,2011-04-01,month,,,missing,Kerala,,1.0,,,,,,,,,,,,,,,
HIST_FL_002512,HIST_FL_002512,HISTORICAL,FLOOD,2011,4,2011-04-01,month,,,missing,Kerala,,1.0,,,,,,,,,,,,,,,
HIST_FL_002513,HIST_FL_002513,HISTORICAL,FLOOD,2011,4,2011-04-01,month,,,missing,Kerala,,3.0,,1.0,,,,,,,,,,,,,
HIST_FL_002514,HIST_FL_002514,HISTORICAL,FLOOD,2011,4,2011-04-01,month,,,missing,Maharashtra,,2.0,,,,,,,,,,,,,,,
HIST_FL_002515,HIST_FL_002515,HISTORICAL,FLOOD,2011,4,2011-04-01,month,,,missing,Maharashtra,,2.0,,,,,,,,,,,,,,,
HIST_FL_002516,HIST_FL_002516,HISTORICAL,FLOOD,2011,4,2011-04-01,month,,,missing,Tamil Nadu,,1.0,,2.0,,,,,,,,,,,,,
HIST_FL_002517,HIST_FL_002517,HISTORICAL,FLOOD,2011,5,2011-05-01,month,,,missing,Himachal Pradesh,,2.0,,,,,,,,,,,,,,,
HIST_FL_002518,HIST_FL_002518,HISTORICAL,FLOOD,2011,5,2011-05-01,month,,,missing,Punjab,,1.0,,,,,,,,,,,,,,,
HIST_FL_002519,HIST_FL_002519,HISTORICAL,FLOOD,2011,6,2011-06-01,month,,,missing,Assam,,1.0,,,,,,,,,,,,,,,
HIST_FL_002520,HIST_FL_002520,HISTORICAL,FLOOD,2011,6,2011-06-01,month,,,missing,Assam,,2.0,,,,,,,,,,,,,,,
HIST_FL_002521,HIST_FL_002521,HISTORICAL,FLOOD,2011,6,2011-06-01,month,,,missing,Himachal Pradesh,,1.0,,1.0,,,,,,,,,,,,,
HIST_FL_002522,HIST_FL_002522,HISTORICAL,FLOOD,2011,6,2011-06-01,month,,,missing,Himachal Pradesh,,1.0,,,,,,,,,,,,,,,
HIST_FL_002523,HIST_FL_002523,HISTORICAL,FLOOD,2011,6,2011-06-01,month,,,missing,Jharkhand,,4.0,,,,,,,,,,,,,,,
HIST_FL_002524,HIST_FL_002524,HISTORICAL,FLOOD,2011,6,2011-06-01,month,,,missing,Kerala,,3.0,,1.0,,,,,,,,,,,,,
HIST_FL_002525,HIST_FL_002525,HISTORICAL,FLOOD,2011,6,2011-06-01,month,,,missing,Kerala,,4.0,,4.0,,,,,,,,,,,,,
HIST_FL_002526,HIST_FL_002526,HISTORICAL,FLOOD,2011,6,2011-06-01,month,,,missing,Kerala,,2.0,,,,,,,,,,,,,,,
HIST_FL_002527,HIST_FL_002527,HISTORICAL,FLOOD,2011,6,2011-06-01,month,,,missing,Kerala,,1.0,,,,,,,,,,,,,,,
HIST_FL_002528,HIST_FL_002528,HISTORICAL,FLOOD,2011,6,2011-06-01,month,,,missing,Madhya Pradesh,,1.0,,,,,,,,,,,,,,,
HIST_FL_002529,HIST_FL_002529,HISTORICAL,FLOOD,2011,6,2011-06-01,month,,,missing,Maharashtra,,3.0,,8.0,,,,,,,,,,,,,
HIST_FL_002530,HIST_FL_002530,HISTORICAL,FLOOD,2011,6,2011-06-01,month,,,missing,Maharashtra,,1.0,,1.0,,,,,,,,,,,,,
HIST_FL_002531,HIST_FL_002531,HISTORICAL,FLOOD,2011,6,2011-06-01,month,,,missing,Uttar Pradesh,,1.0,,7.0,,,,,,,,,,,,,
HIST_FL_002532,HIST_FL_002532,HISTORICAL,FLOOD,2011,6,2011-06-01,month,,,missing,West Bengal,,4.0,,5.0,,,,,,,,,,,,,
HIST_FL_002533,HIST_FL_002533,HISTORICAL,FLOOD,2011,6,2011-06-01,month,,,missing,West Bengal,,1.0,,,,,,,,,,,,,,,
HIST_FL_002534,HIST_FL_002534,HISTORICAL,FLOOD,2011,7,2011-07-01,month,,,missing,Arunachal Pradesh,,1.0,,3.0,,,,,,,,,,,,,
HIST_FL_002535,HIST_FL_002535,HISTORICAL,FLOOD,2011,7,2011-07-01,month,,,missing,Assam,,3.0,,,,,,,,,,,,,,,
HIST_FL_002536,HIST_FL_002536,HISTORICAL,FLOOD,2011,7,2011-07-01,month,,,missing,Assam,,7.0,,8.0,,,,,,,,,,,,,
HIST_FL_002537,HIST_FL_002537,HISTORICAL,FLOOD,2011,7,2011-07-01,month,,,missing,Assam,,2.0,,,,,,,,,,,,,,,
HIST_FL_002538,HIST_FL_002538,HISTORICAL,FLOOD,2011,7,2011-07-01,month,,,missing,Bihar,,3.0,,7.0,,,,,,,,,,,,,
HIST_FL_002539,HIST_FL_002539,HISTORICAL,FLOOD,2011,7,2011-07-01,month,,,missing,Gujarat,,31.0,,58.0,,,,,,,,,,,,,
HIST_FL_002540,HIST_FL_002540,HISTORICAL,FLOOD,2011,7,2011-07-01,month,,,missing,Himachal Pradesh,,1.0,,,,,,,,,,,,,,,
HIST_FL_002541,HIST_FL_002541,HISTORICAL,FLOOD,2011,7,2011-07-01,month,,,missing,Himachal Pradesh,,2.0,,,,,,,,,,,,,,,
HIST_FL_002542,HIST_FL_002542,HISTORICAL,FLOOD,2011,7,2011-07-01,month,,,missing,Jharkhand,,1.0,,1.0,,,,,,,,,,,,,
HIST_FL_002543,HIST_FL_002543,HISTORICAL,FLOOD,2011,7,2011-07-01,month,,,missing,Karnataka,,2.0,,3.0,,,,,,,,,,,,,
HIST_FL_002544,HIST_FL_002544,HISTORICAL,FLOOD,2011,7,2011-07-01,month,,,missing,Kerala,,5.0,,4.0,,,,,,,,,,,,,
HIST_FL_002545,HIST_FL_002545,HISTORICAL,FLOOD,2011,7,2011-07-01,month,,,missing,Madhya Pradesh,,2.0,,3.0,,,,,,,,,,,,,
HIST_FL_002546,HIST_FL_002546,HISTORICAL,FLOOD,2011,7,2011-07-01,month,,,missing,Maharashtra,,1.0,,10.0,,,,,,,,,,,,,
HIST_FL_002547,HIST_FL_002547,HISTORICAL,FLOOD,2011,7,2011-07-01,month,,,missing,Maharashtra,,1.0,,,,,,,,,,,,,,,
HIST_FL_002548,HIST_FL_002548,HISTORICAL,FLOOD,2011,7,2011-07-01,month,,,missing,Maharashtra,,3.0,,,,,,,,,,,,,,,
HIST_FL_002549,HIST_FL_002549,HISTORICAL,FLOOD,2011,7,2011-07-01,month,,,missing,Rajasthan,,1.0,,,,,,,,,,,,,,,
HIST_FL_002550,HIST_FL_002550,HISTORICAL,FLOOD,2011,7,2011-07-01,month,,,missing,Rajasthan,,1.0,,2.0,,,,,,,,,,,,,
HIST_FL_002551,HIST_FL_002551,HISTORICAL,FLOOD,2011,7,2011-07-01,month,,,missing,Uttarakhand,,1.0,,2.0,,,,,,,,,,,,,
HIST_FL_002552,HIST_FL_002552,HISTORICAL,FLOOD,2011,7,2011-07-01,month,,,missing,West Bengal,,1.0,,,,,,,,,,,,,,,
HIST_FL_002553,HIST_FL_002553,HISTORICAL,FLOOD,2011,8,2011-08-01,month,,,missing,Assam,,8.0,,6.0,,,,,,,,,,,,,
HIST_FL_002554,HIST_FL_002554,HISTORICAL,FLOOD,2011,8,2011-08-01,month,,,missing,Gujarat,,31.0,,71.0,,,,,,,,,,,,,
HIST_FL_002555,HIST_FL_002555,HISTORICAL,FLOOD,2011,8,2011-08-01,month,,,missing,Himachal Pradesh,,3.0,,,,,,,,,,,,,,,
HIST_FL_002556,HIST_FL_002556,HISTORICAL,FLOOD,2011,8,2011-08-01,month,,,missing,Himachal Pradesh,,5.0,,,,,,,,,,,,,,,
HIST_FL_002557,HIST_FL_002557,HISTORICAL,FLOOD,2011,8,2011-08-01,month,,,missing,Himachal Pradesh,,2.0,,,,,,,,,,,,,,,
HIST_FL_002558,HIST_FL_002558,HISTORICAL,FLOOD,2011,8,2011-08-01,month,,,missing,Karnataka,,1.0,,,,,,,,,,,,,,,
HIST_FL_002559,HIST_FL_002559,HISTORICAL,FLOOD,2011,8,2011-08-01,month,,,missing,Kerala,,2.0,,1.0,,,,,,,,,,,,,
HIST_FL_002560,HIST_FL_002560,HISTORICAL,FLOOD,2011,8,2011-08-01,month,,,missing,Kerala,,8.0,,2.0,,,,,,,,,,,,,
HIST_FL_002561,HIST_FL_002561,HISTORICAL,FLOOD,2011,8,2011-08-01,month,,,missing,Madhya Pradesh,,1.0,,30.0,,,,,,,,,,,,,
HIST_FL_002562,HIST_FL_002562,HISTORICAL,FLOOD,2011,8,2011-08-01,month,,,missing,Madhya Pradesh,,1.0,,,,,,,,,,,,,,,
HIST_FL_002563,HIST_FL_002563,HISTORICAL,FLOOD,2011,8,2011-08-01,month,,,missing,Madhya Pradesh,,3.0,,,,,,,,,,,,,,,
HIST_FL_002564,HIST_FL_002564,HISTORICAL,FLOOD,2011,8,2011-08-01,month,,,missing,Maharashtra,,1.0,,,,,,,,,,,,,,,
HIST_FL_002565,HIST_FL_002565,HISTORICAL,FLOOD,2011,8,2011-08-01,month,,,missing,Maharashtra,,3.0,,4.0,,,,,,,,,,,,,
HIST_FL_002566,HIST_FL_002566,HISTORICAL,FLOOD,2011,8,2011-08-01,month,,,missing,Maharashtra,,1.0,,3.0,,,,,,,,,,,,,
HIST_FL_002567,HIST_FL_002567,HISTORICAL,FLOOD,2011,8,2011-08-01,month,,,missing,Punjab,,1.0,,,,,,,,,,,,,,,
HIST_FL_002568,HIST_FL_002568,HISTORICAL,FLOOD,2011,8,2011-08-01,month,,,missing,Rajasthan,,1.0,,5.0,,,,,,,,,,,,,
HIST_FL_002569,HIST_FL_002569,HISTORICAL,FLOOD,2011,8,2011-08-01,month,,,missing,Sikkim,,1.0,,,,,,,,,,,,,,,
HIST_FL_002570,HIST_FL_002570,HISTORICAL,FLOOD,2011,8,2011-08-01,month,,,missing,Sikkim,,1.0,,,,,,,,,,,,,,,
HIST_FL_002571,HIST_FL_002571,HISTORICAL,FLOOD,2011,8,2011-08-01,month,,,missing,Uttarakhand,,1.0,,5.0,,,,,,,,,,,,,
HIST_FL_002572,HIST_FL_002572,HISTORICAL,FLOOD,2011,8,2011-08-01,month,,,missing,Uttar Pradesh,,1.0,,14.0,,,,,,,,,,,,,
HIST_FL_002573,HIST_FL_002573,HISTORICAL,FLOOD,2011,8,2011-08-01,month,,,missing,Uttar Pradesh,,1.0,,,,,,,,,,,,,,,
HIST_FL_002574,HIST_FL_002574,HISTORICAL,FLOOD,2011,8,2011-08-01,month,,,missing,West Bengal,,2.0,,1.0,,,,,,,,,,,,,
HIST_FL_002575,HIST_FL_002575,HISTORICAL,FLOOD,2011,8,2011-08-01,month,,,missing,West Bengal,,1.0,,,,,,,,,,,,,,,
HIST_FL_002576,HIST_FL_002576,HISTORICAL,FLOOD,2011,9,2011-09-01,month,,,missing,Assam,,1.0,,,,,,,,,,,,,,,
HIST_FL_002577,HIST_FL_002577,HISTORICAL,FLOOD,2011,9,2011-09-01,month,,,missing,Assam,,1.0,,,,,,,,,,,,,,,
HIST_FL_002578,HIST_FL_002578,HISTORICAL,FLOOD,2011,9,2011-09-01,month,,,missing,Assam,,1.0,,4.0,,,,,,,,,,,,,
HIST_FL_002579,HIST_FL_002579,HISTORICAL,FLOOD,2011,9,2011-09-01,month,,,missing,Assam,,2.0,,,,,,,,,,,,,,,
HIST_FL_002580,HIST_FL_002580,HISTORICAL,FLOOD,2011,9,2011-09-01,month,,,missing,Chhattisgarh,,3.0,,6.0,,,,,,,,,,,,,
HIST_FL_002581,HIST_FL_002581,HISTORICAL,FLOOD,2011,9,2011-09-01,month,,,missing,Delhi,,1.0,,1.0,,,,,,,,,,,,,
HIST_FL_002582,HIST_FL_002582,HISTORICAL,FLOOD,2011,9,2011-09-01,month,,,missing,Gujarat,,30.0,,36.0,,,,,,,,,,,,,
HIST_FL_002583,HIST_FL_002583,HISTORICAL,FLOOD,2011,9,2011-09-01,month,,,missing,Himachal Pradesh,,4.0,,1.0,,,,,,,,,,,,,
HIST_FL_002584,HIST_FL_002584,HISTORICAL,FLOOD,2011,9,2011-09-01,month,,,missing,Jammu and Kashmir,,2.0,,1.0,,,,,,,,,,,,,
HIST_FL_002585,HIST_FL_002585,HISTORICAL,FLOOD,2011,9,2011-09-01,month,,,missing,Jharkhand,,2.0,,17.0,,,,,,,,,,,,,
HIST_FL_002586,HIST_FL_002586,HISTORICAL,FLOOD,2011,9,2011-09-01,month,,,missing,Karnataka,,2.0,,,,,,,,,,,,,,,
HIST_FL_002587,HIST_FL_002587,HISTORICAL,FLOOD,2011,9,2011-09-01,month,,,missing,Maharashtra,,1.0,,8.0,,,,,,,,,,,,,
HIST_FL_002588,HIST_FL_002588,HISTORICAL,FLOOD,2011,9,2011-09-01,month,,,missing,Maharashtra,,1.0,,3.0,,,,,,,,,,,,,
HIST_FL_002589,HIST_FL_002589,HISTORICAL,FLOOD,2011,9,2011-09-01,month,,,missing,Odisha,,14.0,,14.0,,,,,,,,,,,,,
HIST_FL_002590,HIST_FL_002590,HISTORICAL,FLOOD,2011,9,2011-09-01,month,,,missing,Rajasthan,,1.0,,2.0,,,,,,,,,,,,,
HIST_FL_002591,HIST_FL_002591,HISTORICAL,FLOOD,2011,9,2011-09-01,month,,,missing,Tamil Nadu,,1.0,,2.0,,,,,,,,,,,,,
HIST_FL_002592,HIST_FL_002592,HISTORICAL,FLOOD,2011,9,2011-09-01,month,,,missing,Uttar Pradesh,,1.0,,,,,,,,,,,,,,,
HIST_FL_002593,HIST_FL_002593,HISTORICAL,FLOOD,2011,9,2011-09-01,month,,,missing,West Bengal,,1.0,,,,,,,,,,,,,,,
HIST_FL_002594,HIST_FL_002594,HISTORICAL,FLOOD,2011,9,2011-09-01,month,,,missing,West Bengal,,1.0,,5.0,,,,,,,,,,,,,
HIST_FL_002595,HIST_FL_002595,HISTORICAL,FLOOD,2011,10,2011-10-01,month,,,missing,Kerala,,1.0,,,,,,,,,,,,,,,
HIST_FL_002596,HIST_FL_002596,HISTORICAL,FLOOD,2011,10,2011-10-01,month,,,missing,Kerala,,4.0,,2.0,,,,,,,,,,,,,
HIST_FL_002597,HIST_FL_002597,HISTORICAL,FLOOD,2011,10,2011-10-01,month,,,missing,Kerala,,1.0,,,,,,,,,,,,,,,
HIST_FL_002598,HIST_FL_002598,HISTORICAL,FLOOD,2011,10,2011-10-01,month,,,missing,Kerala,,9.0,,,,,,,,,,,,,,,
HIST_FL_002599,HIST_FL_002599,HISTORICAL,FLOOD,2011,10,2011-10-01,month,,,missing,Tamil Nadu,,1.0,,,,,,,,,,,,,,,
HIST_FL_002600,HIST_FL_002600,HISTORICAL,FLOOD,2011,10,2011-10-01,month,,,missing,Tamil Nadu,,1.0,,,,,,,,,,,,,,,
HIST_FL_002601,HIST_FL_002601,HISTORICAL,FLOOD,2011,10,2011-10-01,month,,,missing,Tamil Nadu,,1.0,,,,,,,,,,,,,,,
HIST_FL_002602,HIST_FL_002602,HISTORICAL,FLOOD,2011,10,2011-10-01,month,,,missing,Uttar Pradesh,,1.0,,,,,,,,,,,,,,,
HIST_FL_002603,HIST_FL_002603,HISTORICAL,FLOOD,2011,11,2011-11-01,month,,,missing,Kerala,,2.0,,,,,,,,,,,,,,,
HIST_FL_002604,HIST_FL_002604,HISTORICAL,FLOOD,2011,11,2011-11-01,month,,,missing,Tamil Nadu,,9.0,,70.0,,,,,,,,,,,,,
HIST_FL_002605,HIST_FL_002605,HISTORICAL,FLOOD,2011,11,2011-11-01,month,,,missing,Tamil Nadu,,7.0,,,,,,,,,,,,,,,
HIST_FL_002606,HIST_FL_002606,HISTORICAL,FLOOD,2011,12,2011-12-01,month,,,missing,Kerala,,1.0,,,,,,,,,,,,,,,
HIST_FL_002607,HIST_FL_002607,HISTORICAL,FLOOD,2012,2,2012-02-01,month,,,missing,Jammu and Kashmir,,1.0,,,,,,,,,,,,,,,
HIST_FL_002608,HIST_FL_002608,HISTORICAL,FLOOD,2012,2,2012-02-01,month,,,missing,Jammu and Kashmir,,1.0,,,,,,,,,,,,,,,
HIST_FL_002609,HIST_FL_002609,HISTORICAL,FLOOD,2012,4,2012-04-01,month,,,missing,Andhra Pradesh,,1.0,,1.0,,,,,,,,,,,,,
HIST_FL_002610,HIST_FL_002610,HISTORICAL,FLOOD,2012,4,2012-04-01,month,,,missing,Andhra Pradesh,,1.0,,,,,,,,,,,,,,,
HIST_FL_002611,HIST_FL_002611,HISTORICAL,FLOOD,2012,4,2012-04-01,month,,,missing,Kerala,,1.0,,,,,,,,,,,,,,,
HIST_FL_002612,HIST_FL_002612,HISTORICAL,FLOOD,2012,4,2012-04-01,month,,,missing,Kerala,,1.0,,,,,,,,,,,,,,,
HIST_FL_002613,HIST_FL_002613,HISTORICAL,FLOOD,2012,4,2012-04-01,month,,,missing,Kerala,,1.0,,2.0,,,,,,,,,,,,,
HIST_FL_002614,HIST_FL_002614,HISTORICAL,FLOOD,2012,4,2012-04-01,month,,,missing,Kerala,,4.0,,2.0,,,,,,,,,,,,,
HIST_FL_002615,HIST_FL_002615,HISTORICAL,FLOOD,2012,5,2012-05-01,month,,,missing,Assam,,1.0,,,,,,,,,,,,,,,
HIST_FL_002616,HIST_FL_002616,HISTORICAL,FLOOD,2012,5,2012-05-01,month,,,missing,Jammu and Kashmir,,1.0,,,,,,,,,,,,,,,
HIST_FL_002617,HIST_FL_002617,HISTORICAL,FLOOD,2012,5,2012-05-01,month,,,missing,Punjab,,3.0,,,,,,,,,,,,,,,
HIST_FL_002618,HIST_FL_002618,HISTORICAL,FLOOD,2012,6,2012-06-01,month,,,missing,Andaman and Nicobar Islands,,1.0,,,,,,,,,,,,,,,
HIST_FL_002619,HIST_FL_002619,HISTORICAL,FLOOD,2012,6,2012-06-01,month,,,missing,Andaman and Nicobar Islands,,1.0,,,,,,,,,,,,,,,
HIST_FL_002620,HIST_FL_002620,HISTORICAL,FLOOD,2012,6,2012-06-01,month,,,missing,Arunachal Pradesh,,4.0,,,,,,,,,,,,,,,
HIST_FL_002621,HIST_FL_002621,HISTORICAL,FLOOD,2012,6,2012-06-01,month,,,missing,Assam,,5.0,,,,,,,,,,,,,,,
HIST_FL_002622,HIST_FL_002622,HISTORICAL,FLOOD,2012,6,2012-06-01,month,,,missing,Assam,,8.0,,6.0,,,,,,,,,,,,,
HIST_FL_002623,HIST_FL_002623,HISTORICAL,FLOOD,2012,6,2012-06-01,month,,,missing,Assam,,9.0,,120.0,,,,,,,,,,,,,
HIST_FL_002624,HIST_FL_002624,HISTORICAL,FLOOD,2012,6,2012-06-01,month,,,missing,Bihar,,1.0,,4.0,,,,,,,,,,,,,
HIST_FL_002625,HIST_FL_002625,HISTORICAL,FLOOD,2012,6,2012-06-01,month,,,missing,Kerala,,1.0,,,,,,,,,,,,,,,
HIST_FL_002626,HIST_FL_002626,HISTORICAL,FLOOD,2012,6,2012-06-01,month,,,missing,Kerala,,1.0,,40.0,,,,,,,,,,,,,
HIST_FL_002627,HIST_FL_002627,HISTORICAL,FLOOD,2012,6,2012-06-01,month,,,missing,Maharashtra,,1.0,,,,,,,,,,,,,,,
HIST_FL_002628,HIST_FL_002628,HISTORICAL,FLOOD,2012,6,2012-06-01,month,,,missing,Maharashtra,,1.0,,,,,,,,,,,,,,,
HIST_FL_002629,HIST_FL_002629,HISTORICAL,FLOOD,2012,6,2012-06-01,month,,,missing,Tripura,,1.0,,1.0,,,,,,,,,,,,,
HIST_FL_002630,HIST_FL_002630,HISTORICAL,FLOOD,2012,7,2012-07-01,month,,,missing,Andhra Pradesh,,1.0,,8.0,,,,,,,,,,,,,
HIST_FL_002631,HIST_FL_002631,HISTORICAL,FLOOD,2012,7,2012-07-01,month,,,missing,Assam,,1.0,,,,,,,,,,,,,,,
HIST_FL_002632,HIST_FL_002632,HISTORICAL,FLOOD,2012,7,2012-07-01,month,,,missing,Assam,,1.0,,3.0,,,,,,,,,,,,,
HIST_FL_002633,HIST_FL_002633,HISTORICAL,FLOOD,2012,7,2012-07-01,month,,,missing,Assam,,3.0,,,,,,,,,,,,,,,
HIST_FL_002634,HIST_FL_002634,HISTORICAL,FLOOD,2012,7,2012-07-01,month,,,missing,Assam,,1.0,,1.0,,,,,,,,,,,,,
HIST_FL_002635,HIST_FL_002635,HISTORICAL,FLOOD,2012,7,2012-07-01,month,,,missing,Chhattisgarh,,1.0,,,,,,,,,,,,,,,
HIST_FL_002636,HIST_FL_002636,HISTORICAL,FLOOD,2012,7,2012-07-01,month,,,missing,Himachal Pradesh,,5.0,,3.0,,,,,,,,,,,,,
HIST_FL_002637,HIST_FL_002637,HISTORICAL,FLOOD,2012,7,2012-07-01,month,,,missing,Kerala,,2.0,,3.0,,,,,,,,,,,,,
HIST_FL_002638,HIST_FL_002638,HISTORICAL,FLOOD,2012,7,2012-07-01,month,,,missing,Kerala,,1.0,,,,,,,,,,,,,,,
HIST_FL_002639,HIST_FL_002639,HISTORICAL,FLOOD,2012,7,2012-07-01,month,,,missing,Maharashtra,,1.0,,,,,,,,,,,,,,,
HIST_FL_002640,HIST_FL_002640,HISTORICAL,FLOOD,2012,7,2012-07-01,month,,,missing,West Bengal,,1.0,,4.0,,,,,,,,,,,,,
HIST_FL_002641,HIST_FL_002641,HISTORICAL,FLOOD,2012,8,2012-08-01,month,,,missing,Assam,,3.0,,,,,,,,,,,,,,,
HIST_FL_002642,HIST_FL_002642,HISTORICAL,FLOOD,2012,8,2012-08-01,month,,,missing,Chhattisgarh,,1.0,,1.0,,,,,,,,,,,,,
HIST_FL_002643,HIST_FL_002643,HISTORICAL,FLOOD,2012,8,2012-08-01,month,,,missing,Chhattisgarh,,1.0,,,,,,,,,,,,,,,
HIST_FL_002644,HIST_FL_002644,HISTORICAL,FLOOD,2012,8,2012-08-01,month,,,missing,Gujarat,,31.0,,3.0,,,,,,,,,,,,,
HIST_FL_002645,HIST_FL_002645,HISTORICAL,FLOOD,2012,8,2012-08-01,month,,,missing,Haryana,,1.0,,,,,,,,,,,,,,,
HIST_FL_002646,HIST_FL_002646,HISTORICAL,FLOOD,2012,8,2012-08-01,month,,,missing,Haryana,,1.0,,,,,,,,,,,,,,,
HIST_FL_002647,HIST_FL_002647,HISTORICAL,FLOOD,2012,8,2012-08-01,month,,,missing,Himachal Pradesh,,2.0,,,,,,,,,,,,,,,
HIST_FL_002648,HIST_FL_002648,HISTORICAL,FLOOD,2012,8,2012-08-01,month,,,missing,Himachal Pradesh,,2.0,,,,,,,,,,,,,,,
HIST_FL_002649,HIST_FL_002649,HISTORICAL,FLOOD,2012,8,2012-08-01,month,,,missing,Himachal Pradesh,,6.0,,6.0,,,,,,,,,,,,,
HIST_FL_002650,HIST_FL_002650,HISTORICAL,FLOOD,2012,8,2012-08-01,month,,,missing,Jammu and Kashmir,,5.0,,,,,,,,,,,,,,,
HIST_FL_002651,HIST_FL_002651,HISTORICAL,FLOOD,2012,8,2012-08-01,month,,,missing,Jammu and Kashmir,,7.0,,,,,,,,,,,,,,,
HIST_FL_002652,HIST_FL_002652,HISTORICAL,FLOOD,2012,8,2012-08-01,month,,,missing,Jharkhand,,1.0,,5.0,,,,,,,,,,,,,
HIST_FL_002653,HIST_FL_002653,HISTORICAL,FLOOD,2012,8,2012-08-01,month,,,missing,Karnataka,,2.0,,4.0,,,,,,,,,,,,,
HIST_FL_002654,HIST_FL_002654,HISTORICAL,FLOOD,2012,8,2012-08-01,month,,,missing,Karnataka,,1.0,,1.0,,,,,,,,,,,,,
HIST_FL_002655,HIST_FL_002655,HISTORICAL,FLOOD,2012,8,2012-08-01,month,,,missing,Kerala,,5.0,,14.0,,,,,,,,,,,,,
HIST_FL_002656,HIST_FL_002656,HISTORICAL,FLOOD,2012,8,2012-08-01,month,,,missing,Madhya Pradesh,,1.0,,3.0,,,,,,,,,,,,,
HIST_FL_002657,HIST_FL_002657,HISTORICAL,FLOOD,2012,8,2012-08-01,month,,,missing,Madhya Pradesh,,1.0,,,,,,,,,,,,,,,
HIST_FL_002658,HIST_FL_002658,HISTORICAL,FLOOD,2012,8,2012-08-01,month,,,missing,Maharashtra,,1.0,,,,,,,,,,,,,,,
HIST_FL_002659,HIST_FL_002659,HISTORICAL,FLOOD,2012,8,2012-08-01,month,,,missing,Punjab,,1.0,,,,,,,,,,,,,,,
HIST_FL_002660,HIST_FL_002660,HISTORICAL,FLOOD,2012,8,2012-08-01,month,,,missing,Rajasthan,,1.0,,2.0,,,,,,,,,,,,,
HIST_FL_002661,HIST_FL_002661,HISTORICAL,FLOOD,2012,8,2012-08-01,month,,,missing,Uttarakhand,,1.0,,7.0,,,,,,,,,,,,,
HIST_FL_002662,HIST_FL_002662,HISTORICAL,FLOOD,2012,9,2012-09-01,month,,,missing,Andhra Pradesh,,1.0,,4.0,,,,,,,,,,,,,
HIST_FL_002663,HIST_FL_002663,HISTORICAL,FLOOD,2012,9,2012-09-01,month,,,missing,Arunachal Pradesh,,14.0,,9.0,,,,,,,,,,,,,
HIST_FL_002664,HIST_FL_002664,HISTORICAL,FLOOD,2012,9,2012-09-01,month,,,missing,Assam,,1.0,,,,,,,,,,,,,,,
HIST_FL_002665,HIST_FL_002665,HISTORICAL,FLOOD,2012,9,2012-09-01,month,,,missing,Assam,,14.0,,23.0,,,,,,,,,,,,,
HIST_FL_002666,HIST_FL_002666,HISTORICAL,FLOOD,2012,9,2012-09-01,month,,,missing,Bihar,,1.0,,,,,,,,,,,,,,,
HIST_FL_002667,HIST_FL_002667,HISTORICAL,FLOOD,2012,9,2012-09-01,month,,,missing,Gujarat,,30.0,,8.0,,,,,,,,,,,,,
HIST_FL_002668,HIST_FL_002668,HISTORICAL,FLOOD,2012,9,2012-09-01,month,,,missing,Haryana,,2.0,,,,,,,,,,,,,,,
HIST_FL_002669,HIST_FL_002669,HISTORICAL,FLOOD,2012,9,2012-09-01,month,,,missing,Kerala,,1.0,,,,,,,,,,,,,,,
HIST_FL_002670,HIST_FL_002670,HISTORICAL,FLOOD,2012,9,2012-09-01,month,,,missing,Madhya Pradesh,,3.0,,4.0,,,,,,,,,,,,,
HIST_FL_002671,HIST_FL_002671,HISTORICAL,FLOOD,2012,9,2012-09-01,month,,,missing,Maharashtra,,7.0,,,,,,,,,,,,,,,
HIST_FL_002672,HIST_FL_002672,HISTORICAL,FLOOD,2012,9,2012-09-01,month,,,missing,Punjab,,1.0,,,,,,,,,,,,,,,
HIST_FL_002673,HIST_FL_002673,HISTORICAL,FLOOD,2012,9,2012-09-01,month,,,missing,Punjab,,1.0,,,,,,,,,,,,,,,
HIST_FL_002674,HIST_FL_002674,HISTORICAL,FLOOD,2012,9,2012-09-01,month,,,missing,Sikkim,,1.0,,5.0,,,,,,,,,,,,,
HIST_FL_002675,HIST_FL_002675,HISTORICAL,FLOOD,2012,9,2012-09-01,month,,,missing,Sikkim,,1.0,,20.0,,,,,,,,,,,,,
HIST_FL_002676,HIST_FL_002676,HISTORICAL,FLOOD,2012,9,2012-09-01,month,,,missing,Uttarakhand,,1.0,,7.0,,,,,,,,,,,,,
HIST_FL_002677,HIST_FL_002677,HISTORICAL,FLOOD,2012,9,2012-09-01,month,,,missing,Uttar Pradesh,,1.0,,3.0,,,,,,,,,,,,,
HIST_FL_002678,HIST_FL_002678,HISTORICAL,FLOOD,2012,10,2012-10-01,month,,,missing,Andhra Pradesh,,2.0,,9.0,,,,,,,,,,,,,
HIST_FL_002679,HIST_FL_002679,HISTORICAL,FLOOD,2012,10,2012-10-01,month,,,missing,Puducherry,,2.0,,,,,,,,,,,,,,,
HIST_FL_002680,HIST_FL_002680,HISTORICAL,FLOOD,2012,10,2012-10-01,month,,,missing,Tamil Nadu,,2.0,,,,,,,,,,,,,,,
HIST_FL_002681,HIST_FL_002681,HISTORICAL,FLOOD,2012,11,2012-11-01,month,,,missing,Andhra Pradesh,,6.0,,50.0,,,,,,,,,,,,,
HIST_FL_002682,HIST_FL_002682,HISTORICAL,FLOOD,2012,11,2012-11-01,month,,,missing,Kerala,,2.0,,5.0,,,,,,,,,,,,,
HIST_FL_002683,HIST_FL_002683,HISTORICAL,FLOOD,2012,11,2012-11-01,month,,,missing,Kerala,,1.0,,,,,,,,,,,,,,,
HIST_FL_002684,HIST_FL_002684,HISTORICAL,FLOOD,2012,11,2012-11-01,month,,,missing,Kerala,,1.0,,,,,,,,,,,,,,,
HIST_FL_002685,HIST_FL_002685,HISTORICAL,FLOOD,2012,11,2012-11-01,month,,,missing,Tamil Nadu,,2.0,,,,,,,,,,,,,,,
HIST_FL_002686,HIST_FL_002686,HISTORICAL,FLOOD,2012,12,2012-12-01,month,,,missing,Andhra Pradesh,,1.0,,,,,,,,,,,,,,,
HIST_FL_002687,HIST_FL_002687,HISTORICAL,FLOOD,2013,2,2013-02-01,month,,,missing,Maharashtra,,1.0,,,,,,,,,,,,,,,
HIST_FL_002688,HIST_FL_002688,HISTORICAL,FLOOD,2013,2,2013-02-01,month,,,missing,Maharashtra,,1.0,,1.0,,,,,,,,,,,,,
HIST_FL_002689,HIST_FL_002689,HISTORICAL,FLOOD,2013,2,2013-02-01,month,,,missing,Rajasthan,,1.0,,3.0,,,,,,,,,,,,,
HIST_FL_002690,HIST_FL_002690,HISTORICAL,FLOOD,2013,3,2013-03-01,month,,,missing,Kerala,,1.0,,,,,,,,,,,,,,,
HIST_FL_002691,HIST_FL_002691,HISTORICAL,FLOOD,2013,3,2013-03-01,month,,,missing,Kerala,,1.0,,,,,,,,,,,,,,,
HIST_FL_002692,HIST_FL_002692,HISTORICAL,FLOOD,2013,3,2013-03-01,month,,,missing,Kerala,,1.0,,,,,,,,,,,,,,,
HIST_FL_002693,HIST_FL_002693,HISTORICAL,FLOOD,2013,3,2013-03-01,month,,,missing,Kerala,,3.0,,,,,,,,,,,,,,,
HIST_FL_002694,HIST_FL_002694,HISTORICAL,FLOOD,2013,4,2013-04-01,month,,,missing,Kerala,,3.0,,,,,,,,,,,,,,,
HIST_FL_002695,HIST_FL_002695,HISTORICAL,FLOOD,2013,4,2013-04-01,month,,,missing,Maharashtra,,1.0,,1.0,,,,,,,,,,,,,
HIST_FL_002696,HIST_FL_002696,HISTORICAL,FLOOD,2013,4,2013-04-01,month,,,missing,Maharashtra,,1.0,,,,,,,,,,,,,,,
HIST_FL_002697,HIST_FL_002697,HISTORICAL,FLOOD,2013,5,2013-05-01,month,,,missing,Andaman and Nicobar Islands,,2.0,,1.0,,,,,,,,,,,,,
HIST_FL_002698,HIST_FL_002698,HISTORICAL,FLOOD,2013,5,2013-05-01,month,,,missing,Assam,,1.0,,,,,,,,,,,,,,,
HIST_FL_002699,HIST_FL_002699,HISTORICAL,FLOOD,2013,5,2013-05-01,month,,,missing,Assam,,1.0,,,,,,,,,,,,,,,
HIST_FL_002700,HIST_FL_002700,HISTORICAL,FLOOD,2013,5,2013-05-01,month,,,missing,Bihar,,1.0,,5.0,,,,,,,,,,,,,
HIST_FL_002701,HIST_FL_002701,HISTORICAL,FLOOD,2013,5,2013-05-01,month,,,missing,Jammu and Kashmir,,1.0,,,,,,,,,,,,,,,
HIST_FL_002702,HIST_FL_002702,HISTORICAL,FLOOD,2013,5,2013-05-01,month,,,missing,Jammu and Kashmir,,1.0,,1.0,,,,,,,,,,,,,
HIST_FL_002703,HIST_FL_002703,HISTORICAL,FLOOD,2013,5,2013-05-01,month,,,missing,Karnataka,,1.0,,1.0,,,,,,,,,,,,,
HIST_FL_002704,HIST_FL_002704,HISTORICAL,FLOOD,2013,5,2013-05-01,month,,,missing,Kerala,,5.0,,,,,,,,,,,,,,,
HIST_FL_002705,HIST_FL_002705,HISTORICAL,FLOOD,2013,5,2013-05-01,month,,,missing,Kerala,,1.0,,,,,,,,,,,,,,,
HIST_FL_002706,HIST_FL_002706,HISTORICAL,FLOOD,2013,5,2013-05-01,month,,,missing,Mizoram,,1.0,,17.0,,,,,,,,,,,,,
HIST_FL_002707,HIST_FL_002707,HISTORICAL,FLOOD,2013,6,2013-06-01,month,,,missing,Andhra Pradesh,,1.0,,,,,,,,,,,,,,,
HIST_FL_002708,HIST_FL_002708,HISTORICAL,FLOOD,2013,6,2013-06-01,month,,,missing,Arunachal Pradesh,,4.0,,,,,,,,,,,,,,,
HIST_FL_002709,HIST_FL_002709,HISTORICAL,FLOOD,2013,6,2013-06-01,month,,,missing,Assam,,5.0,,,,,,,,,,,,,,,
HIST_FL_002710,HIST_FL_002710,HISTORICAL,FLOOD,2013,6,2013-06-01,month,,,missing,Bihar,,1.0,,1.0,,,,,,,,,,,,,
HIST_FL_002711,HIST_FL_002711,HISTORICAL,FLOOD,2013,6,2013-06-01,month,,,missing,Delhi,,2.0,,,,,,,,,,,,,,,
HIST_FL_002712,HIST_FL_002712,HISTORICAL,FLOOD,2013,6,2013-06-01,month,,,missing,Gujarat,,1.0,,3.0,,,,,,,,,,,,,
HIST_FL_002713,HIST_FL_002713,HISTORICAL,FLOOD,2013,6,2013-06-01,month,,,missing,Himachal Pradesh,,7.0,,10.0,,,,,,,,,,,,,
HIST_FL_002714,HIST_FL_002714,HISTORICAL,FLOOD,2013,6,2013-06-01,month,,,missing,Karnataka,,1.0,,1.0,,,,,,,,,,,,,
HIST_FL_002715,HIST_FL_002715,HISTORICAL,FLOOD,2013,6,2013-06-01,month,,,missing,Karnataka,,9.0,,4.0,,,,,,,,,,,,,
HIST_FL_002716,HIST_FL_002716,HISTORICAL,FLOOD,2013,6,2013-06-01,month,,,missing,Kerala,,5.0,,,,,,,,,,,,,,,
HIST_FL_002717,HIST_FL_002717,HISTORICAL,FLOOD,2013,6,2013-06-01,month,,,missing,Kerala,,1.0,,,,,,,,,,,,,,,
HIST_FL_002718,HIST_FL_002718,HISTORICAL,FLOOD,2013,6,2013-06-01,month,,,missing,Kerala,,9.0,,,,,,,,,,,,,,,
HIST_FL_002719,HIST_FL_002719,HISTORICAL,FLOOD,2013,6,2013-06-01,month,,,missing,Kerala,,16.0,,7.0,,,,,,,,,,,,,
HIST_FL_002720,HIST_FL_002720,HISTORICAL,FLOOD,2013,6,2013-06-01,month,,,missing,Kerala,,1.0,,2.0,,,,,,,,,,,,,
HIST_FL_002721,HIST_FL_002721,HISTORICAL,FLOOD,2013,6,2013-06-01,month,,,missing,Kerala,,4.0,,,,,,,,,,,,,,,
HIST_FL_002722,HIST_FL_002722,HISTORICAL,FLOOD,2013,6,2013-06-01,month,,,missing,Kerala,,5.0,,2.0,,,,,,,,,,,,,
HIST_FL_002723,HIST_FL_002723,HISTORICAL,FLOOD,2013,6,2013-06-01,month,,,missing,Kerala,,3.0,,7.0,,,,,,,,,,,,,
HIST_FL_002724,HIST_FL_002724,HISTORICAL,FLOOD,2013,6,2013-06-01,month,,,missing,Madhya Pradesh,,2.0,,,,,,,,,,,,,,,
HIST_FL_002725,HIST_FL_002725,HISTORICAL,FLOOD,2013,6,2013-06-01,month,,,missing,Maharashtra,,1.0,,,,,,,,,,,,,,,
HIST_FL_002726,HIST_FL_002726,HISTORICAL,FLOOD,2013,6,2013-06-01,month,,,missing,Maharashtra,,1.0,,2.0,,,,,,,,,,,,,
HIST_FL_002727,HIST_FL_002727,HISTORICAL,FLOOD,2013,6,2013-06-01,month,,,missing,Maharashtra,,3.0,,6.0,,,,,,,,,,,,,
HIST_FL_002728,HIST_FL_002728,HISTORICAL,FLOOD,2013,6,2013-06-01,month,,,missing,Maharashtra,,7.0,,3.0,,,,,,,,,,,,,
HIST_FL_002729,HIST_FL_002729,HISTORICAL,FLOOD,2013,6,2013-06-01,month,,,missing,Rajasthan,,1.0,,6.0,,,,,,,,,,,,,
HIST_FL_002730,HIST_FL_002730,HISTORICAL,FLOOD,2013,6,2013-06-01,month,,,missing,Rajasthan,,1.0,,1.0,,,,,,,,,,,,,
HIST_FL_002731,HIST_FL_002731,HISTORICAL,FLOOD,2013,6,2013-06-01,month,,,missing,Uttarakhand,,5.0,,5000.0,,,,,,,,,,,,,
HIST_FL_002732,HIST_FL_002732,HISTORICAL,FLOOD,2013,6,2013-06-01,month,,,missing,Uttar Pradesh,,1.0,,10.0,,,,,,,,,,,,,
HIST_FL_002733,HIST_FL_002733,HISTORICAL,FLOOD,2013,6,2013-06-01,month,,,missing,Uttar Pradesh,,1.0,,1.0,,,,,,,,,,,,,
HIST_FL_002734,HIST_FL_002734,HISTORICAL,FLOOD,2013,6,2013-06-01,month,,,missing,Uttar Pradesh,,1.0,,2.0,,,,,,,,,,,,,
HIST_FL_002735,HIST_FL_002735,HISTORICAL,FLOOD,2013,6,2013-06-01,month,,,missing,Uttar Pradesh,,1.0,,12.0,,,,,,,,,,,,,
HIST_FL_002736,HIST_FL_002736,HISTORICAL,FLOOD,2013,7,2013-07-01,month,,,missing,Andhra Pradesh,,1.0,,12.0,,,,,,,,,,,,,
HIST_FL_002737,HIST_FL_002737,HISTORICAL,FLOOD,2013,7,2013-07-01,month,,,missing,Andhra Pradesh,,10.0,,1.0,,,,,,,,,,,,,
HIST_FL_002738,HIST_FL_002738,HISTORICAL,FLOOD,2013,7,2013-07-01,month,,,missing,Andhra Pradesh,,1.0,,2.0,,,,,,,,,,,,,
HIST_FL_002739,HIST_FL_002739,HISTORICAL,FLOOD,2013,7,2013-07-01,month,,,missing,Assam,,8.0,,,,,,,,,,,,,,,
HIST_FL_002740,HIST_FL_002740,HISTORICAL,FLOOD,2013,7,2013-07-01,month,,,missing,Assam,,1.0,,,,,,,,,,,,,,,
HIST_FL_002741,HIST_FL_002741,HISTORICAL,FLOOD,2013,7,2013-07-01,month,,,missing,Bihar,,5.0,,37.0,,,,,,,,,,,,,
HIST_FL_002742,HIST_FL_002742,HISTORICAL,FLOOD,2013,7,2013-07-01,month,,,missing,Chhattisgarh,,1.0,,,,,,,,,,,,,,,
HIST_FL_002743,HIST_FL_002743,HISTORICAL,FLOOD,2013,7,2013-07-01,month,,,missing,Chhattisgarh,,2.0,,2.0,,,,,,,,,,,,,
HIST_FL_002744,HIST_FL_002744,HISTORICAL,FLOOD,2013,7,2013-07-01,month,,,missing,Himachal Pradesh,,2.0,,1.0,,,,,,,,,,,,,
HIST_FL_002745,HIST_FL_002745,HISTORICAL,FLOOD,2013,7,2013-07-01,month,,,missing,Himachal Pradesh,,5.0,,1.0,,,,,,,,,,,,,
HIST_FL_002746,HIST_FL_002746,HISTORICAL,FLOOD,2013,7,2013-07-01,month,,,missing,Himachal Pradesh,,1.0,,,,,,,,,,,,,,,
HIST_FL_002747,HIST_FL_002747,HISTORICAL,FLOOD,2013,7,2013-07-01,month,,,missing,Jammu and Kashmir,,1.0,,4.0,,,,,,,,,,,,,
HIST_FL_002748,HIST_FL_002748,HISTORICAL,FLOOD,2013,7,2013-07-01,month,,,missing,Jammu and Kashmir,,1.0,,,,,,,,,,,,,,,
HIST_FL_002749,HIST_FL_002749,HISTORICAL,FLOOD,2013,7,2013-07-01,month,,,missing,Karnataka,,4.0,,3.0,,,,,,,,,,,,,
HIST_FL_002750,HIST_FL_002750,HISTORICAL,FLOOD,2013,7,2013-07-01,month,,,missing,Karnataka,,1.0,,,,,,,,,,,,,,,
HIST_FL_002751,HIST_FL_002751,HISTORICAL,FLOOD,2013,7,2013-07-01,month,,,missing,Karnataka,,1.0,,2.0,,,,,,,,,,,,,
HIST_FL_002752,HIST_FL_002752,HISTORICAL,FLOOD,2013,7,2013-07-01,month,,,missing,Karnataka,,1.0,,,,,,,,,,,,,,,
HIST_FL_002753,HIST_FL_002753,HISTORICAL,FLOOD,2013,7,2013-07-01,month,,,missing,Kerala,,4.0,,,,,,,,,,,,,,,
HIST_FL_002754,HIST_FL_002754,HISTORICAL,FLOOD,2013,7,2013-07-01,month,,,missing,Kerala,,8.0,,,,,,,,,,,,,,,
HIST_FL_002755,HIST_FL_002755,HISTORICAL,FLOOD,2013,7,2013-07-01,month,,,missing,Kerala,,1.0,,,,,,,,,,,,,,,
HIST_FL_002756,HIST_FL_002756,HISTORICAL,FLOOD,2013,7,2013-07-01,month,,,missing,Kerala,,3.0,,1.0,,,,,,,,,,,,,
HIST_FL_002757,HIST_FL_002757,HISTORICAL,FLOOD,2013,7,2013-07-01,month,,,missing,Kerala,,8.0,,,,,,,,,,,,,,,
HIST_FL_002758,HIST_FL_002758,HISTORICAL,FLOOD,2013,7,2013-07-01,month,,,missing,Kerala,,1.0,,4.0,,,,,,,,,,,,,
HIST_FL_002759,HIST_FL_002759,HISTORICAL,FLOOD,2013,7,2013-07-01,month,,,missing,Kerala,,1.0,,1.0,,,,,,,,,,,,,
HIST_FL_002760,HIST_FL_002760,HISTORICAL,FLOOD,2013,7,2013-07-01,month,,,missing,Madhya Pradesh,,1.0,,,,,,,,,,,,,,,
HIST_FL_002761,HIST_FL_002761,HISTORICAL,FLOOD,2013,7,2013-07-01,month,,,missing,Madhya Pradesh,,4.0,,10.0,,,,,,,,,,,,,
HIST_FL_002762,HIST_FL_002762,HISTORICAL,FLOOD,2013,7,2013-07-01,month,,,missing,Maharashtra,,1.0,,5.0,,,,,,,,,,,,,
HIST_FL_002763,HIST_FL_002763,HISTORICAL,FLOOD,2013,7,2013-07-01,month,,,missing,Maharashtra,,6.0,,30.0,,,,,,,,,,,,,
HIST_FL_002764,HIST_FL_002764,HISTORICAL,FLOOD,2013,7,2013-07-01,month,,,missing,Maharashtra,,1.0,,,,,,,,,,,,,,,
HIST_FL_002765,HIST_FL_002765,HISTORICAL,FLOOD,2013,7,2013-07-01,month,,,missing,Nagaland,,1.0,,,,,,,,,,,,,,,
HIST_FL_002766,HIST_FL_002766,HISTORICAL,FLOOD,2013,7,2013-07-01,month,,,missing,Uttar Pradesh,,1.0,,1.0,,,,,,,,,,,,,
HIST_FL_002767,HIST_FL_002767,HISTORICAL,FLOOD,2013,7,2013-07-01,month,,,missing,Uttar Pradesh,,1.0,,2.0,,,,,,,,,,,,,
HIST_FL_002768,HIST_FL_002768,HISTORICAL,FLOOD,2013,8,2013-08-01,month,,,missing,Andhra Pradesh,,4.0,,4.0,,,,,,,,,,,,,
HIST_FL_002769,HIST_FL_002769,HISTORICAL,FLOOD,2013,8,2013-08-01,month,,,missing,Andhra Pradesh,,2.0,,2.0,,,,,,,,,,,,,
HIST_FL_002770,HIST_FL_002770,HISTORICAL,FLOOD,2013,8,2013-08-01,month,,,missing,Assam,,4.0,,,,,,,,,,,,,,,
HIST_FL_002771,HIST_FL_002771,HISTORICAL,FLOOD,2013,8,2013-08-01,month,,,missing,Assam,,1.0,,,,,,,,,,,,,,,
HIST_FL_002772,HIST_FL_002772,HISTORICAL,FLOOD,2013,8,2013-08-01,month,,,missing,Assam,,1.0,,,,,,,,,,,,,,,
HIST_FL_002773,HIST_FL_002773,HISTORICAL,FLOOD,2013,8,2013-08-01,month,,,missing,Bihar,,1.0,,5.0,,,,,,,,,,,,,
HIST_FL_002774,HIST_FL_002774,HISTORICAL,FLOOD,2013,8,2013-08-01,month,,,missing,Bihar,,1.0,,2.0,,,,,,,,,,,,,
HIST_FL_002775,HIST_FL_002775,HISTORICAL,FLOOD,2013,8,2013-08-01,month,,,missing,Bihar,,3.0,,3.0,,,,,,,,,,,,,
HIST_FL_002776,HIST_FL_002776,HISTORICAL,FLOOD,2013,8,2013-08-01,month,,,missing,Chhattisgarh,,1.0,,,,,,,,,,,,,,,
HIST_FL_002777,HIST_FL_002777,HISTORICAL,FLOOD,2013,8,2013-08-01,month,,,missing,Himachal Pradesh,,5.0,,5.0,,,,,,,,,,,,,
HIST_FL_002778,HIST_FL_002778,HISTORICAL,FLOOD,2013,8,2013-08-01,month,,,missing,Himachal Pradesh,,7.0,,2.0,,,,,,,,,,,,,
HIST_FL_002779,HIST_FL_002779,HISTORICAL,FLOOD,2013,8,2013-08-01,month,,,missing,Jammu and Kashmir,,1.0,,,,,,,,,,,,,,,
HIST_FL_002780,HIST_FL_002780,HISTORICAL,FLOOD,2013,8,2013-08-01,month,,,missing,Jammu and Kashmir,,1.0,,1.0,,,,,,,,,,,,,
HIST_FL_002781,HIST_FL_002781,HISTORICAL,FLOOD,2013,8,2013-08-01,month,,,missing,Jammu and Kashmir,,1.0,,12.0,,,,,,,,,,,,,
HIST_FL_002782,HIST_FL_002782,HISTORICAL,FLOOD,2013,8,2013-08-01,month,,,missing,Jammu and Kashmir,,1.0,,2.0,,,,,,,,,,,,,
HIST_FL_002783,HIST_FL_002783,HISTORICAL,FLOOD,2013,8,2013-08-01,month,,,missing,Jharkhand,,1.0,,2.0,,,,,,,,,,,,,
HIST_FL_002784,HIST_FL_002784,HISTORICAL,FLOOD,2013,8,2013-08-01,month,,,missing,Karnataka,,1.0,,1.0,,,,,,,,,,,,,
HIST_FL_002785,HIST_FL_002785,HISTORICAL,FLOOD,2013,8,2013-08-01,month,,,missing,Karnataka,,1.0,,1.0,,,,,,,,,,,,,
HIST_FL_002786,HIST_FL_002786,HISTORICAL,FLOOD,2013,8,2013-08-01,month,,,missing,Kerala,,2.0,,,,,,,,,,,,,,,
HIST_FL_002787,HIST_FL_002787,HISTORICAL,FLOOD,2013,8,2013-08-01,month,,,missing,Kerala,,5.0,,,,,,,,,,,,,,,
HIST_FL_002788,HIST_FL_002788,HISTORICAL,FLOOD,2013,8,2013-08-01,month,,,missing,Kerala,,5.0,,17.0,,,,,,,,,,,,,
HIST_FL_002789,HIST_FL_002789,HISTORICAL,FLOOD,2013,8,2013-08-01,month,,,missing,Kerala,,7.0,,,,,,,,,,,,,,,
HIST_FL_002790,HIST_FL_002790,HISTORICAL,FLOOD,2013,8,2013-08-01,month,,,missing,Madhya Pradesh,,1.0,,,,,,,,,,,,,,,
HIST_FL_002791,HIST_FL_002791,HISTORICAL,FLOOD,2013,8,2013-08-01,month,,,missing,Maharashtra,,3.0,,9.0,,,,,,,,,,,,,
HIST_FL_002792,HIST_FL_002792,HISTORICAL,FLOOD,2013,8,2013-08-01,month,,,missing,Odisha,,1.0,,2.0,,,,,,,,,,,,,
HIST_FL_002793,HIST_FL_002793,HISTORICAL,FLOOD,2013,8,2013-08-01,month,,,missing,Odisha,,1.0,,2.0,,,,,,,,,,,,,
HIST_FL_002794,HIST_FL_002794,HISTORICAL,FLOOD,2013,8,2013-08-01,month,,,missing,Odisha,,1.0,,1.0,,,,,,,,,,,,,
HIST_FL_002795,HIST_FL_002795,HISTORICAL,FLOOD,2013,8,2013-08-01,month,,,missing,Uttar Pradesh,,1.0,,15.0,,,,,,,,,,,,,
HIST_FL_002796,HIST_FL_002796,HISTORICAL,FLOOD,2013,9,2013-09-01,month,,,missing,Andhra Pradesh,,1.0,,2.0,,,,,,,,,,,,,
HIST_FL_002797,HIST_FL_002797,HISTORICAL,FLOOD,2013,9,2013-09-01,month,,,missing,Assam,,2.0,,,,,,,,,,,,,,,
HIST_FL_002798,HIST_FL_002798,HISTORICAL,FLOOD,2013,9,2013-09-01,month,,,missing,Gujarat,,7.0,,13.0,,,,,,,,,,,,,
HIST_FL_002799,HIST_FL_002799,HISTORICAL,FLOOD,2013,9,2013-09-01,month,,,missing,Himachal Pradesh,,1.0,,1.0,,,,,,,,,,,,,
HIST_FL_002800,HIST_FL_002800,HISTORICAL,FLOOD,2013,9,2013-09-01,month,,,missing,Himachal Pradesh,,1.0,,,,,,,,,,,,,,,
HIST_FL_002801,HIST_FL_002801,HISTORICAL,FLOOD,2013,9,2013-09-01,month,,,missing,Jammu and Kashmir,,1.0,,2.0,,,,,,,,,,,,,
HIST_FL_002802,HIST_FL_002802,HISTORICAL,FLOOD,2013,9,2013-09-01,month,,,missing,Jammu and Kashmir,,1.0,,1.0,,,,,,,,,,,,,
HIST_FL_002803,HIST_FL_002803,HISTORICAL,FLOOD,2013,9,2013-09-01,month,,,missing,Kerala,,1.0,,,,,,,,,,,,,,,
HIST_FL_002804,HIST_FL_002804,HISTORICAL,FLOOD,2013,9,2013-09-01,month,,,missing,Kerala,,1.0,,,,,,,,,,,,,,,
HIST_FL_002805,HIST_FL_002805,HISTORICAL,FLOOD,2013,9,2013-09-01,month,,,missing,Kerala,,1.0,,,,,,,,,,,,,,,
HIST_FL_002806,HIST_FL_002806,HISTORICAL,FLOOD,2013,9,2013-09-01,month,,,missing,Maharashtra,,1.0,,4.0,,,,,,,,,,,,,
HIST_FL_002807,HIST_FL_002807,HISTORICAL,FLOOD,2013,9,2013-09-01,month,,,missing,Maharashtra,,1.0,,8.0,,,,,,,,,,,,,
HIST_FL_002808,HIST_FL_002808,HISTORICAL,FLOOD,2013,9,2013-09-01,month,,,missing,Odisha,,1.0,,1.0,,,,,,,,,,,,,
HIST_FL_002809,HIST_FL_002809,HISTORICAL,FLOOD,2013,9,2013-09-01,month,,,missing,Tamil Nadu,,1.0,,4.0,,,,,,,,,,,,,
HIST_FL_002810,HIST_FL_002810,HISTORICAL,FLOOD,2013,10,2013-10-01,month,,,missing,Andhra Pradesh,,4.0,,1.0,,,,,,,,,,,,,
HIST_FL_002811,HIST_FL_002811,HISTORICAL,FLOOD,2013,10,2013-10-01,month,,,missing,Andhra Pradesh,,9.0,,53.0,,,,,,,,,,,,,
HIST_FL_002812,HIST_FL_002812,HISTORICAL,FLOOD,2013,10,2013-10-01,month,,,missing,Assam,,1.0,,1.0,,,,,,,,,,,,,
HIST_FL_002813,HIST_FL_002813,HISTORICAL,FLOOD,2013,10,2013-10-01,month,,,missing,Jharkhand,,1.0,,2.0,,,,,,,,,,,,,
HIST_FL_002814,HIST_FL_002814,HISTORICAL,FLOOD,2013,10,2013-10-01,month,,,missing,Maharashtra,,1.0,,5.0,,,,,,,,,,,,,
HIST_FL_002815,HIST_FL_002815,HISTORICAL,FLOOD,2013,10,2013-10-01,month,,,missing,Tamil Nadu,,1.0,,,,,,,,,,,,,,,
HIST_FL_002816,HIST_FL_002816,HISTORICAL,FLOOD,2013,10,2013-10-01,month,,,missing,Tamil Nadu,,1.0,,1.0,,,,,,,,,,,,,
HIST_FL_002817,HIST_FL_002817,HISTORICAL,FLOOD,2013,11,2013-11-01,month,,,missing,Puducherry,,1.0,,3.0,,,,,,,,,,,,,
HIST_FL_002818,HIST_FL_002818,HISTORICAL,FLOOD,2013,11,2013-11-01,month,,,missing,Tamil Nadu,,1.0,,11.0,,,,,,,,,,,,,
HIST_FL_002819,HIST_FL_002819,HISTORICAL,FLOOD,2013,11,2013-11-01,month,,,missing,Tamil Nadu,,1.0,,3.0,,,,,,,,,,,,,
HIST_FL_002820,HIST_FL_002820,HISTORICAL,FLOOD,2013,12,2013-12-01,month,,,missing,Tamil Nadu,,1.0,,1.0,,,,,,,,,,,,,
HIST_FL_002821,HIST_FL_002821,HISTORICAL,FLOOD,2014,1,2014-01-01,month,,,missing,Jammu and Kashmir,,1.0,,2.0,,,,,,,,,,,,,
HIST_FL_002822,HIST_FL_002822,HISTORICAL,FLOOD,2014,3,2014-03-01,month,,,missing,Karnataka,,3.0,,4.0,,,,,,,,,,,,,
HIST_FL_002823,HIST_FL_002823,HISTORICAL,FLOOD,2014,3,2014-03-01,month,,,missing,Kerala,,3.0,,,,,,,,,,,,,,,
HIST_FL_002824,HIST_FL_002824,HISTORICAL,FLOOD,2014,3,2014-03-01,month,,,missing,Kerala,,1.0,,,,,,,,,,,,,,,
HIST_FL_002825,HIST_FL_002825,HISTORICAL,FLOOD,2014,3,2014-03-01,month,,,missing,Maharashtra,,2.0,,,,,,,,,,,,,,,
HIST_FL_002826,HIST_FL_002826,HISTORICAL,FLOOD,2014,3,2014-03-01,month,,,missing,Maharashtra,,1.0,,,,,,,,,,,,,,,
HIST_FL_002827,HIST_FL_002827,HISTORICAL,FLOOD,2014,3,2014-03-01,month,,,missing,Tamil Nadu,,1.0,,,,,,,,,,,,,,,
HIST_FL_002828,HIST_FL_002828,HISTORICAL,FLOOD,2014,4,2014-04-01,month,,,missing,Kerala,,7.0,,6.0,,,,,,,,,,,,,
HIST_FL_002829,HIST_FL_002829,HISTORICAL,FLOOD,2014,4,2014-04-01,month,,,missing,Kerala,,12.0,,,,,,,,,,,,,,,
HIST_FL_002830,HIST_FL_002830,HISTORICAL,FLOOD,2014,4,2014-04-01,month,,,missing,Maharashtra,,1.0,,,,,,,,,,,,,,,
HIST_FL_002831,HIST_FL_002831,HISTORICAL,FLOOD,2014,5,2014-05-01,month,,,missing,Andhra Pradesh,,2.0,,,,,,,,,,,,,,,
HIST_FL_002832,HIST_FL_002832,HISTORICAL,FLOOD,2014,5,2014-05-01,month,,,missing,Karnataka,,2.0,,5.0,,,,,,,,,,,,,
HIST_FL_002833,HIST_FL_002833,HISTORICAL,FLOOD,2014,5,2014-05-01,month,,,missing,Kerala,,7.0,,4.0,,,,,,,,,,,,,
HIST_FL_002834,HIST_FL_002834,HISTORICAL,FLOOD,2014,5,2014-05-01,month,,,missing,Odisha,,2.0,,1.0,,,,,,,,,,,,,
HIST_FL_002835,HIST_FL_002835,HISTORICAL,FLOOD,2014,5,2014-05-01,month,,,missing,Tamil Nadu,,3.0,,3.0,,,,,,,,,,,,,
HIST_FL_002836,HIST_FL_002836,HISTORICAL,FLOOD,2014,5,2014-05-01,month,,,missing,Tamil Nadu,,1.0,,2.0,,,,,,,,,,,,,
HIST_FL_002837,HIST_FL_002837,HISTORICAL,FLOOD,2014,6,2014-06-01,month,,,missing,Assam,,7.0,,8.0,,,,,,,,,,,,,
HIST_FL_002838,HIST_FL_002838,HISTORICAL,FLOOD,2014,6,2014-06-01,month,,,missing,Karnataka,,5.0,,1.0,,,,,,,,,,,,,
HIST_FL_002839,HIST_FL_002839,HISTORICAL,FLOOD,2014,6,2014-06-01,month,,,missing,Karnataka,,2.0,,2.0,,,,,,,,,,,,,
HIST_FL_002840,HIST_FL_002840,HISTORICAL,FLOOD,2014,6,2014-06-01,month,,,missing,Kerala,,1.0,,,,,,,,,,,,,,,
HIST_FL_002841,HIST_FL_002841,HISTORICAL,FLOOD,2014,6,2014-06-01,month,,,missing,Kerala,,3.0,,,,,,,,,,,,,,,
HIST_FL_002842,HIST_FL_002842,HISTORICAL,FLOOD,2014,6,2014-06-01,month,,,missing,Kerala,,1.0,,,,,,,,,,,,,,,
HIST_FL_002843,HIST_FL_002843,HISTORICAL,FLOOD,2014,6,2014-06-01,month,,,missing,Maharashtra,,1.0,,2.0,,,,,,,,,,,,,
HIST_FL_002844,HIST_FL_002844,HISTORICAL,FLOOD,2014,6,2014-06-01,month,,,missing,Tripura,,7.0,,,,,,,,,,,,,,,
HIST_FL_002845,HIST_FL_002845,HISTORICAL,FLOOD,2014,7,2014-07-01,month,,,missing,Assam,,3.0,,,,,,,,,,,,,,,
HIST_FL_002846,HIST_FL_002846,HISTORICAL,FLOOD,2014,7,2014-07-01,month,,,missing,Assam,,6.0,,,,,,,,,,,,,,,
HIST_FL_002847,HIST_FL_002847,HISTORICAL,FLOOD,2014,7,2014-07-01,month,,,missing,Assam,,8.0,,16.0,,,,,,,,,,,,,
HIST_FL_002848,HIST_FL_002848,HISTORICAL,FLOOD,2014,7,2014-07-01,month,,,missing,Chhattisgarh,,2.0,,3.0,,,,,,,,,,,,,
HIST_FL_002849,HIST_FL_002849,HISTORICAL,FLOOD,2014,7,2014-07-01,month,,,missing,Chhattisgarh,,1.0,,,,,,,,,,,,,,,
HIST_FL_002850,HIST_FL_002850,HISTORICAL,FLOOD,2014,7,2014-07-01,month,,,missing,Himachal Pradesh,,4.0,,1.0,,,,,,,,,,,,,
HIST_FL_002851,HIST_FL_002851,HISTORICAL,FLOOD,2014,7,2014-07-01,month,,,missing,Himachal Pradesh,,8.0,,3.0,,,,,,,,,,,,,
HIST_FL_002852,HIST_FL_002852,HISTORICAL,FLOOD,2014,7,2014-07-01,month,,,missing,Jammu and Kashmir,,1.0,,,,,,,,,,,,,,,
HIST_FL_002853,HIST_FL_002853,HISTORICAL,FLOOD,2014,7,2014-07-01,month,,,missing,Jammu and Kashmir,,1.0,,,,,,,,,,,,,,,
HIST_FL_002854,HIST_FL_002854,HISTORICAL,FLOOD,2014,7,2014-07-01,month,,,missing,Karnataka,,6.0,,4.0,,,,,,,,,,,,,
HIST_FL_002855,HIST_FL_002855,HISTORICAL,FLOOD,2014,7,2014-07-01,month,,,missing,Karnataka,,1.0,,2.0,,,,,,,,,,,,,
HIST_FL_002856,HIST_FL_002856,HISTORICAL,FLOOD,2014,7,2014-07-01,month,,,missing,Kerala,,4.0,,9.0,,,,,,,,,,,,,
HIST_FL_002857,HIST_FL_002857,HISTORICAL,FLOOD,2014,7,2014-07-01,month,,,missing,Madhya Pradesh,,2.0,,7.0,,,,,,,,,,,,,
HIST_FL_002858,HIST_FL_002858,HISTORICAL,FLOOD,2014,7,2014-07-01,month,,,missing,Madhya Pradesh,,6.0,,,,,,,,,,,,,,,
HIST_FL_002859,HIST_FL_002859,HISTORICAL,FLOOD,2014,7,2014-07-01,month,,,missing,Maharashtra,,1.0,,4.0,,,,,,,,,,,,,
HIST_FL_002860,HIST_FL_002860,HISTORICAL,FLOOD,2014,7,2014-07-01,month,,,missing,Maharashtra,,3.0,,,,,,,,,,,,,,,
HIST_FL_002861,HIST_FL_002861,HISTORICAL,FLOOD,2014,7,2014-07-01,month,,,missing,Maharashtra,,1.0,,1.0,,,,,,,,,,,,,
HIST_FL_002862,HIST_FL_002862,HISTORICAL,FLOOD,2014,7,2014-07-01,month,,,missing,Odisha,,6.0,,12.0,,,,,,,,,,,,,
HIST_FL_002863,HIST_FL_002863,HISTORICAL,FLOOD,2014,7,2014-07-01,month,,,missing,Odisha,,4.0,,3.0,,,,,,,,,,,,,
HIST_FL_002864,HIST_FL_002864,HISTORICAL,FLOOD,2014,7,2014-07-01,month,,,missing,Rajasthan,,1.0,,1.0,,,,,,,,,,,,,
HIST_FL_002865,HIST_FL_002865,HISTORICAL,FLOOD,2014,7,2014-07-01,month,,,missing,Uttarakhand,,1.0,,6.0,,,,,,,,,,,,,
HIST_FL_002866,HIST_FL_002866,HISTORICAL,FLOOD,2014,7,2014-07-01,month,,,missing,Uttarakhand,,1.0,,5.0,,,,,,,,,,,,,
HIST_FL_002867,HIST_FL_002867,HISTORICAL,FLOOD,2014,8,2014-08-01,month,,,missing,Arunachal Pradesh,,5.0,,1.0,,,,,,,,,,,,,
HIST_FL_002868,HIST_FL_002868,HISTORICAL,FLOOD,2014,8,2014-08-01,month,,,missing,Assam,,17.0,,,,,,,,,,,,,,,
HIST_FL_002869,HIST_FL_002869,HISTORICAL,FLOOD,2014,8,2014-08-01,month,,,missing,Bihar,,14.0,,19.0,,,,,,,,,,,,,
HIST_FL_002870,HIST_FL_002870,HISTORICAL,FLOOD,2014,8,2014-08-01,month,,,missing,Himachal Pradesh,,3.0,,1.0,,,,,,,,,,,,,
HIST_FL_002871,HIST_FL_002871,HISTORICAL,FLOOD,2014,8,2014-08-01,month,,,missing,Himachal Pradesh,,3.0,,9.0,,,,,,,,,,,,,
HIST_FL_002872,HIST_FL_002872,HISTORICAL,FLOOD,2014,8,2014-08-01,month,,,missing,Karnataka,,8.0,,4.0,,,,,,,,,,,,,
HIST_FL_002873,HIST_FL_002873,HISTORICAL,FLOOD,2014,8,2014-08-01,month,,,missing,Karnataka,,9.0,,9.0,,,,,,,,,,,,,
HIST_FL_002874,HIST_FL_002874,HISTORICAL,FLOOD,2014,8,2014-08-01,month,,,missing,Kerala,,7.0,,,,,,,,,,,,,,,
HIST_FL_002875,HIST_FL_002875,HISTORICAL,FLOOD,2014,8,2014-08-01,month,,,missing,Kerala,,3.0,,4.0,,,,,,,,,,,,,
HIST_FL_002876,HIST_FL_002876,HISTORICAL,FLOOD,2014,8,2014-08-01,month,,,missing,Maharashtra,,1.0,,144.0,,,,,,,,,,,,,
HIST_FL_002877,HIST_FL_002877,HISTORICAL,FLOOD,2014,8,2014-08-01,month,,,missing,Maharashtra,,2.0,,3.0,,,,,,,,,,,,,
HIST_FL_002878,HIST_FL_002878,HISTORICAL,FLOOD,2014,8,2014-08-01,month,,,missing,Odisha,,14.0,,45.0,,,,,,,,,,,,,
HIST_FL_002879,HIST_FL_002879,HISTORICAL,FLOOD,2014,8,2014-08-01,month,,,missing,Rajasthan,,1.0,,2.0,,,,,,,,,,,,,
HIST_FL_002880,HIST_FL_002880,HISTORICAL,FLOOD,2014,8,2014-08-01,month,,,missing,Rajasthan,,1.0,,19.0,,,,,,,,,,,,,
HIST_FL_002881,HIST_FL_002881,HISTORICAL,FLOOD,2014,8,2014-08-01,month,,,missing,Tamil Nadu,,1.0,,2.0,,,,,,,,,,,,,
HIST_FL_002882,HIST_FL_002882,HISTORICAL,FLOOD,2014,8,2014-08-01,month,,,missing,Uttarakhand,,1.0,,,,,,,,,,,,,,,
HIST_FL_002883,HIST_FL_002883,HISTORICAL,FLOOD,2014,8,2014-08-01,month,,,missing,Uttar Pradesh,,14.0,,82.0,,,,,,,,,,,,,
HIST_FL_002884,HIST_FL_002884,HISTORICAL,FLOOD,2014,9,2014-09-01,month,,,missing,Andhra Pradesh,,4.0,,4.0,,,,,,,,,,,,,
HIST_FL_002885,HIST_FL_002885,HISTORICAL,FLOOD,2014,9,2014-09-01,month,,,missing,Assam,,9.0,,45.0,,,,,,,,,,,,,
HIST_FL_002886,HIST_FL_002886,HISTORICAL,FLOOD,2014,9,2014-09-01,month,,,missing,Bihar,,7.0,,28.0,,,,,,,,,,,,,
HIST_FL_002887,HIST_FL_002887,HISTORICAL,FLOOD,2014,9,2014-09-01,month,,,missing,Jammu and Kashmir,,7.0,,200.0,,,,,,,,,,,,,
HIST_FL_002888,HIST_FL_002888,HISTORICAL,FLOOD,2014,9,2014-09-01,month,,,missing,Karnataka,,1.0,,1.0,,,,,,,,,,,,,
HIST_FL_002889,HIST_FL_002889,HISTORICAL,FLOOD,2014,9,2014-09-01,month,,,missing,Karnataka,,1.0,,,,,,,,,,,,,,,
HIST_FL_002890,HIST_FL_002890,HISTORICAL,FLOOD,2014,9,2014-09-01,month,,,missing,Karnataka,,1.0,,1.0,,,,,,,,,,,,,
HIST_FL_002891,HIST_FL_002891,HISTORICAL,FLOOD,2014,9,2014-09-01,month,,,missing,Kerala,,3.0,,,,,,,,,,,,,,,
HIST_FL_002892,HIST_FL_002892,HISTORICAL,FLOOD,2014,9,2014-09-01,month,,,missing,Kerala,,1.0,,,,,,,,,,,,,,,
HIST_FL_002893,HIST_FL_002893,HISTORICAL,FLOOD,2014,9,2014-09-01,month,,,missing,Maharashtra,,2.0,,1.0,,,,,,,,,,,,,
HIST_FL_002894,HIST_FL_002894,HISTORICAL,FLOOD,2014,9,2014-09-01,month,,,missing,Meghalaya,,8.0,,45.0,,,,,,,,,,,,,
HIST_FL_002895,HIST_FL_002895,HISTORICAL,FLOOD,2014,9,2014-09-01,month,,,missing,Odisha,,5.0,,3.0,,,,,,,,,,,,,
HIST_FL_002896,HIST_FL_002896,HISTORICAL,FLOOD,2014,9,2014-09-01,month,,,missing,Punjab,,7.0,,22.0,,,,,,,,,,,,,
HIST_FL_002897,HIST_FL_002897,HISTORICAL,FLOOD,2014,9,2014-09-01,month,,,missing,Rajasthan,,1.0,,2.0,,,,,,,,,,,,,
HIST_FL_002898,HIST_FL_002898,HISTORICAL,FLOOD,2014,9,2014-09-01,month,,,missing,Tamil Nadu,,1.0,,1.0,,,,,,,,,,,,,
HIST_FL_002899,HIST_FL_002899,HISTORICAL,FLOOD,2014,9,2014-09-01,month,,,missing,Telangana,,4.0,,4.0,,,,,,,,,,,,,
HIST_FL_002900,HIST_FL_002900,HISTORICAL,FLOOD,2014,10,2014-10-01,month,,,missing,Bihar,,1.0,,1.0,,,,,,,,,,,,,
HIST_FL_002901,HIST_FL_002901,HISTORICAL,FLOOD,2014,10,2014-10-01,month,,,missing,Chhattisgarh,,3.0,,6.0,,,,,,,,,,,,,
HIST_FL_002902,HIST_FL_002902,HISTORICAL,FLOOD,2014,10,2014-10-01,month,,,missing,Jharkhand,,3.0,,,,,,,,,,,,,,,
HIST_FL_002903,HIST_FL_002903,HISTORICAL,FLOOD,2014,10,2014-10-01,month,,,missing,Karnataka,,1.0,,1.0,,,,,,,,,,,,,
HIST_FL_002904,HIST_FL_002904,HISTORICAL,FLOOD,2014,10,2014-10-01,month,,,missing,Karnataka,,5.0,,2.0,,,,,,,,,,,,,
HIST_FL_002905,HIST_FL_002905,HISTORICAL,FLOOD,2014,10,2014-10-01,month,,,missing,Karnataka,,1.0,,,,,,,,,,,,,,,
HIST_FL_002906,HIST_FL_002906,HISTORICAL,FLOOD,2014,10,2014-10-01,month,,,missing,Karnataka,,1.0,,1.0,,,,,,,,,,,,,
HIST_FL_002907,HIST_FL_002907,HISTORICAL,FLOOD,2014,10,2014-10-01,month,,,missing,Telangana,,1.0,,,,,,,,,,,,,,,
HIST_FL_002908,HIST_FL_002908,HISTORICAL,FLOOD,2014,11,2014-11-01,month,,,missing,Jammu and Kashmir,,1.0,,,,,,,,,,,,,,,
HIST_FL_002909,HIST_FL_002909,HISTORICAL,FLOOD,2015,2,2015-02-01,month,,,missing,Assam,,1.0,,2.0,,,,,,,,,,,,,
HIST_FL_002910,HIST_FL_002910,HISTORICAL,FLOOD,2015,3,2015-03-01,month,,,missing,Jammu and Kashmir,,1.0,,1.0,,,,,,,,,,,,,
HIST_FL_002911,HIST_FL_002911,HISTORICAL,FLOOD,2015,3,2015-03-01,month,,,missing,Jammu and Kashmir,,1.0,,16.0,,,,,,,,,,,,,
HIST_FL_002912,HIST_FL_002912,HISTORICAL,FLOOD,2015,3,2015-03-01,month,,,missing,Karnataka,,9.0,,1.0,,,,,,,,,,,,,
HIST_FL_002913,HIST_FL_002913,HISTORICAL,FLOOD,2015,3,2015-03-01,month,,,missing,Kerala,,7.0,,,,,,,,,,,,,,,
HIST_FL_002914,HIST_FL_002914,HISTORICAL,FLOOD,2015,3,2015-03-01,month,,,missing,Kerala,,5.0,,,,,,,,,,,,,,,
HIST_FL_002915,HIST_FL_002915,HISTORICAL,FLOOD,2015,3,2015-03-01,month,,,missing,Kerala,,5.0,,,,,,,,,,,,,,,
HIST_FL_002916,HIST_FL_002916,HISTORICAL,FLOOD,2015,3,2015-03-01,month,,,missing,Rajasthan,,2.0,,15.0,,,,,,,,,,,,,
HIST_FL_002917,HIST_FL_002917,HISTORICAL,FLOOD,2015,4,2015-04-01,month,,,missing,Himachal Pradesh,,2.0,,1.0,,,,,,,,,,,,,
HIST_FL_002918,HIST_FL_002918,HISTORICAL,FLOOD,2015,4,2015-04-01,month,,,missing,Jammu and Kashmir,,1.0,,24.0,,,,,,,,,,,,,
HIST_FL_002919,HIST_FL_002919,HISTORICAL,FLOOD,2015,4,2015-04-01,month,,,missing,Karnataka,,6.0,,4.0,,,,,,,,,,,,,
HIST_FL_002920,HIST_FL_002920,HISTORICAL,FLOOD,2015,4,2015-04-01,month,,,missing,Karnataka,,2.0,,1.0,,,,,,,,,,,,,
HIST_FL_002921,HIST_FL_002921,HISTORICAL,FLOOD,2015,4,2015-04-01,month,,,missing,Kerala,,5.0,,1.0,,,,,,,,,,,,,
HIST_FL_002922,HIST_FL_002922,HISTORICAL,FLOOD,2015,4,2015-04-01,month,,,missing,Kerala,,6.0,,5.0,,,,,,,,,,,,,
HIST_FL_002923,HIST_FL_002923,HISTORICAL,FLOOD,2015,4,2015-04-01,month,,,missing,Kerala,,7.0,,1.0,,,,,,,,,,,,,
HIST_FL_002924,HIST_FL_002924,HISTORICAL,FLOOD,2015,4,2015-04-01,month,,,missing,Kerala,,5.0,,,,,,,,,,,,,,,
HIST_FL_002925,HIST_FL_002925,HISTORICAL,FLOOD,2015,4,2015-04-01,month,,,missing,Tamil Nadu,,1.0,,,,,,,,,,,,,,,
HIST_FL_002926,HIST_FL_002926,HISTORICAL,FLOOD,2015,4,2015-04-01,month,,,missing,Tamil Nadu,,1.0,,1.0,,,,,,,,,,,,,
HIST_FL_002927,HIST_FL_002927,HISTORICAL,FLOOD,2015,4,2015-04-01,month,,,missing,Tamil Nadu,,1.0,,3.0,,,,,,,,,,,,,
HIST_FL_002928,HIST_FL_002928,HISTORICAL,FLOOD,2015,4,2015-04-01,month,,,missing,Uttar Pradesh,,1.0,,12.0,,,,,,,,,,,,,
HIST_FL_002929,HIST_FL_002929,HISTORICAL,FLOOD,2015,5,2015-05-01,month,,,missing,Karnataka,,8.0,,2.0,,,,,,,,,,,,,
HIST_FL_002930,HIST_FL_002930,HISTORICAL,FLOOD,2015,5,2015-05-01,month,,,missing,Karnataka,,5.0,,1.0,,,,,,,,,,,,,
HIST_FL_002931,HIST_FL_002931,HISTORICAL,FLOOD,2015,5,2015-05-01,month,,,missing,Kerala,,3.0,,,,,,,,,,,,,,,
HIST_FL_002932,HIST_FL_002932,HISTORICAL,FLOOD,2015,5,2015-05-01,month,,,missing,Kerala,,3.0,,,,,,,,,,,,,,,
HIST_FL_002933,HIST_FL_002933,HISTORICAL,FLOOD,2015,5,2015-05-01,month,,,missing,Kerala,,5.0,,,,,,,,,,,,,,,
HIST_FL_002934,HIST_FL_002934,HISTORICAL,FLOOD,2015,5,2015-05-01,month,,,missing,Kerala,,14.0,,5.0,,,,,,,,,,,,,
HIST_FL_002935,HIST_FL_002935,HISTORICAL,FLOOD,2015,5,2015-05-01,month,,,missing,Tamil Nadu,,1.0,,3.0,,,,,,,,,,,,,
HIST_FL_002936,HIST_FL_002936,HISTORICAL,FLOOD,2015,5,2015-05-01,month,,,missing,Tamil Nadu,,3.0,,11.0,,,,,,,,,,,,,
HIST_FL_002937,HIST_FL_002937,HISTORICAL,FLOOD,2015,6,2015-06-01,month,,,missing,Andhra Pradesh,,2.0,,,,,,,,,,,,,,,
HIST_FL_002938,HIST_FL_002938,HISTORICAL,FLOOD,2015,6,2015-06-01,month,,,missing,Arunachal Pradesh,,1.0,,2.0,,,,,,,,,,,,,
HIST_FL_002939,HIST_FL_002939,HISTORICAL,FLOOD,2015,6,2015-06-01,month,,,missing,Assam,,6.0,,,,,,,,,,,,,,,
HIST_FL_002940,HIST_FL_002940,HISTORICAL,FLOOD,2015,6,2015-06-01,month,,,missing,Assam,,9.0,,3.0,,,,,,,,,,,,,
HIST_FL_002941,HIST_FL_002941,HISTORICAL,FLOOD,2015,6,2015-06-01,month,,,missing,Assam,,5.0,,1.0,,,,,,,,,,,,,
HIST_FL_002942,HIST_FL_002942,HISTORICAL,FLOOD,2015,6,2015-06-01,month,,,missing,Gujarat,,25.0,,70.0,,,,,,,,,,,,,
HIST_FL_002943,HIST_FL_002943,HISTORICAL,FLOOD,2015,6,2015-06-01,month,,,missing,Himachal Pradesh,,2.0,,1.0,,,,,,,,,,,,,
HIST_FL_002944,HIST_FL_002944,HISTORICAL,FLOOD,2015,6,2015-06-01,month,,,missing,Karnataka,,6.0,,8.0,,,,,,,,,,,,,
HIST_FL_002945,HIST_FL_002945,HISTORICAL,FLOOD,2015,6,2015-06-01,month,,,missing,Kerala,,9.0,,1.0,,,,,,,,,,,,,
HIST_FL_002946,HIST_FL_002946,HISTORICAL,FLOOD,2015,6,2015-06-01,month,,,missing,Kerala,,11.0,,11.0,,,,,,,,,,,,,
HIST_FL_002947,HIST_FL_002947,HISTORICAL,FLOOD,2015,6,2015-06-01,month,,,missing,Maharashtra,,10.0,,17.0,,,,,,,,,,,,,
HIST_FL_002948,HIST_FL_002948,HISTORICAL,FLOOD,2015,6,2015-06-01,month,,,missing,Maharashtra,,1.0,,6.0,,,,,,,,,,,,,
HIST_FL_002949,HIST_FL_002949,HISTORICAL,FLOOD,2015,6,2015-06-01,month,,,missing,Meghalaya,,1.0,,5.0,,,,,,,,,,,,,
HIST_FL_002950,HIST_FL_002950,HISTORICAL,FLOOD,2015,6,2015-06-01,month,,,missing,Tamil Nadu,,1.0,,1.0,,,,,,,,,,,,,
HIST_FL_002951,HIST_FL_002951,HISTORICAL,FLOOD,2015,6,2015-06-01,month,,,missing,Tamil Nadu,,1.0,,1.0,,,,,,,,,,,,,
HIST_FL_002952,HIST_FL_002952,HISTORICAL,FLOOD,2015,7,2015-07-01,month,,,missing,Assam,,4.0,,5.0,,,,,,,,,,,,,
HIST_FL_002953,HIST_FL_002953,HISTORICAL,FLOOD,2015,7,2015-07-01,month,,,missing,Bihar,,1.0,,2.0,,,,,,,,,,,,,
HIST_FL_002954,HIST_FL_002954,HISTORICAL,FLOOD,2015,7,2015-07-01,month,,,missing,Himachal Pradesh,,2.0,,,,,,,,,,,,,,,
HIST_FL_002955,HIST_FL_002955,HISTORICAL,FLOOD,2015,7,2015-07-01,month,,,missing,Himachal Pradesh,,2.0,,3.0,,,,,,,,,,,,,
HIST_FL_002956,HIST_FL_002956,HISTORICAL,FLOOD,2015,7,2015-07-01,month,,,missing,Himachal Pradesh,,1.0,,3.0,,,,,,,,,,,,,
HIST_FL_002957,HIST_FL_002957,HISTORICAL,FLOOD,2015,7,2015-07-01,month,,,missing,Jammu and Kashmir,,1.0,,1.0,,,,,,,,,,,,,
HIST_FL_002958,HIST_FL_002958,HISTORICAL,FLOOD,2015,7,2015-07-01,month,,,missing,Jammu and Kashmir,,8.0,,13.0,,,,,,,,,,,,,
HIST_FL_002959,HIST_FL_002959,HISTORICAL,FLOOD,2015,7,2015-07-01,month,,,missing,Jammu and Kashmir,,1.0,,3.0,,,,,,,,,,,,,
HIST_FL_002960,HIST_FL_002960,HISTORICAL,FLOOD,2015,7,2015-07-01,month,,,missing,Jammu and Kashmir,,7.0,,4.0,,,,,,,,,,,,,
HIST_FL_002961,HIST_FL_002961,HISTORICAL,FLOOD,2015,7,2015-07-01,month,,,missing,Karnataka,,11.0,,10.0,,,,,,,,,,,,,
HIST_FL_002962,HIST_FL_002962,HISTORICAL,FLOOD,2015,7,2015-07-01,month,,,missing,Kerala,,3.0,,9.0,,,,,,,,,,,,,
HIST_FL_002963,HIST_FL_002963,HISTORICAL,FLOOD,2015,7,2015-07-01,month,,,missing,Madhya Pradesh,,3.0,,15.0,,,,,,,,,,,,,
HIST_FL_002964,HIST_FL_002964,HISTORICAL,FLOOD,2015,7,2015-07-01,month,,,missing,Maharashtra,,1.0,,2.0,,,,,,,,,,,,,
HIST_FL_002965,HIST_FL_002965,HISTORICAL,FLOOD,2015,7,2015-07-01,month,,,missing,Maharashtra,,1.0,,4.0,,,,,,,,,,,,,
HIST_FL_002966,HIST_FL_002966,HISTORICAL,FLOOD,2015,7,2015-07-01,month,,,missing,Maharashtra,,1.0,,9.0,,,,,,,,,,,,,
HIST_FL_002967,HIST_FL_002967,HISTORICAL,FLOOD,2015,7,2015-07-01,month,,,missing,Rajasthan,,10.0,,20.0,,,,,,,,,,,,,
HIST_FL_002968,HIST_FL_002968,HISTORICAL,FLOOD,2015,7,2015-07-01,month,,,missing,Sikkim,,1.0,,18.0,,,,,,,,,,,,,
HIST_FL_002969,HIST_FL_002969,HISTORICAL,FLOOD,2015,7,2015-07-01,month,,,missing,Sikkim,,1.0,,41.0,,,,,,,,,,,,,
HIST_FL_002970,HIST_FL_002970,HISTORICAL,FLOOD,2015,7,2015-07-01,month,,,missing,Tamil Nadu,,1.0,,1.0,,,,,,,,,,,,,
HIST_FL_002971,HIST_FL_002971,HISTORICAL,FLOOD,2015,7,2015-07-01,month,,,missing,Uttarakhand,,1.0,,1.0,,,,,,,,,,,,,
HIST_FL_002972,HIST_FL_002972,HISTORICAL,FLOOD,2015,7,2015-07-01,month,,,missing,Uttar Pradesh,,2.0,,15.0,,,,,,,,,,,,,
HIST_FL_002973,HIST_FL_002973,HISTORICAL,FLOOD,2015,7,2015-07-01,month,,,missing,West Bengal,,10.0,,48.0,,,,,,,,,,,,,
HIST_FL_002974,HIST_FL_002974,HISTORICAL,FLOOD,2015,7,2015-07-01,month,,,missing,West Bengal,,5.0,,5.0,,,,,,,,,,,,,
HIST_FL_002975,HIST_FL_002975,HISTORICAL,FLOOD,2015,8,2015-08-01,month,,,missing,Assam,,5.0,,8.0,,,,,,,,,,,,,
HIST_FL_002976,HIST_FL_002976,HISTORICAL,FLOOD,2015,8,2015-08-01,month,,,missing,Assam,,7.0,,7.0,,,,,,,,,,,,,
HIST_FL_002977,HIST_FL_002977,HISTORICAL,FLOOD,2015,8,2015-08-01,month,,,missing,Himachal Pradesh,,5.0,,6.0,,,,,,,,,,,,,
HIST_FL_002978,HIST_FL_002978,HISTORICAL,FLOOD,2015,8,2015-08-01,month,,,missing,Himachal Pradesh,,1.0,,10.0,,,,,,,,,,,,,
HIST_FL_002979,HIST_FL_002979,HISTORICAL,FLOOD,2015,8,2015-08-01,month,,,missing,Kerala,,1.0,,,,,,,,,,,,,,,
HIST_FL_002980,HIST_FL_002980,HISTORICAL,FLOOD,2015,8,2015-08-01,month,,,missing,Madhya Pradesh,,1.0,,1.0,,,,,,,,,,,,,
HIST_FL_002981,HIST_FL_002981,HISTORICAL,FLOOD,2015,8,2015-08-01,month,,,missing,Maharashtra,,9.0,,8.0,,,,,,,,,,,,,
HIST_FL_002982,HIST_FL_002982,HISTORICAL,FLOOD,2015,8,2015-08-01,month,,,missing,Odisha,,1.0,,1.0,,,,,,,,,,,,,
HIST_FL_002983,HIST_FL_002983,HISTORICAL,FLOOD,2015,8,2015-08-01,month,,,missing,Odisha,,1.0,,5.0,,,,,,,,,,,,,
HIST_FL_002984,HIST_FL_002984,HISTORICAL,FLOOD,2015,8,2015-08-01,month,,,missing,Rajasthan,,5.0,,41.0,,,,,,,,,,,,,
HIST_FL_002985,HIST_FL_002985,HISTORICAL,FLOOD,2015,8,2015-08-01,month,,,missing,Rajasthan,,1.0,,2.0,,,,,,,,,,,,,
HIST_FL_002986,HIST_FL_002986,HISTORICAL,FLOOD,2015,9,2015-09-01,month,,,missing,Assam,,12.0,,28.0,,,,,,,,,,,,,
HIST_FL_002987,HIST_FL_002987,HISTORICAL,FLOOD,2015,9,2015-09-01,month,,,missing,Assam,,3.0,,,,,,,,,,,,,,,
HIST_FL_002988,HIST_FL_002988,HISTORICAL,FLOOD,2015,9,2015-09-01,month,,,missing,Chhattisgarh,,1.0,,1.0,,,,,,,,,,,,,
HIST_FL_002989,HIST_FL_002989,HISTORICAL,FLOOD,2015,9,2015-09-01,month,,,missing,Chhattisgarh,,5.0,,2.0,,,,,,,,,,,,,
HIST_FL_002990,HIST_FL_002990,HISTORICAL,FLOOD,2015,9,2015-09-01,month,,,missing,Jammu and Kashmir,,1.0,,,,,,,,,,,,,,,
HIST_FL_002991,HIST_FL_002991,HISTORICAL,FLOOD,2015,9,2015-09-01,month,,,missing,Karnataka,,3.0,,5.0,,,,,,,,,,,,,
HIST_FL_002992,HIST_FL_002992,HISTORICAL,FLOOD,2015,9,2015-09-01,month,,,missing,Karnataka,,1.0,,,,,,,,,,,,,,,
HIST_FL_002993,HIST_FL_002993,HISTORICAL,FLOOD,2015,9,2015-09-01,month,,,missing,Kerala,,2.0,,,,,,,,,,,,,,,
HIST_FL_002994,HIST_FL_002994,HISTORICAL,FLOOD,2015,9,2015-09-01,month,,,missing,Kerala,,2.0,,,,,,,,,,,,,,,
HIST_FL_002995,HIST_FL_002995,HISTORICAL,FLOOD,2015,9,2015-09-01,month,,,missing,Odisha,,3.0,,4.0,,,,,,,,,,,,,
HIST_FL_002996,HIST_FL_002996,HISTORICAL,FLOOD,2015,9,2015-09-01,month,,,missing,Punjab,,30.0,,11.0,,,,,,,,,,,,,
HIST_FL_002997,HIST_FL_002997,HISTORICAL,FLOOD,2015,9,2015-09-01,month,,,missing,Telangana,,7.0,,5.0,,,,,,,,,,,,,
HIST_FL_002998,HIST_FL_002998,HISTORICAL,FLOOD,2015,10,2015-10-01,month,,,missing,Karnataka,,4.0,,4.0,,,,,,,,,,,,,
HIST_FL_002999,HIST_FL_002999,HISTORICAL,FLOOD,2015,10,2015-10-01,month,,,missing,Kerala,,2.0,,,,,,,,,,,,,,,
HIST_FL_003000,HIST_FL_003000,HISTORICAL,FLOOD,2015,10,2015-10-01,month,,,missing,Kerala,,2.0,,,,,,,,,,,,,,,
HIST_FL_003001,HIST_FL_003001,HISTORICAL,FLOOD,2015,10,2015-10-01,month,,,missing,Uttar Pradesh,,1.0,,2.0,,,,,,,,,,,,,
HIST_FL_003002,HIST_FL_003002,HISTORICAL,FLOOD,2015,11,2015-11-01,month,,,missing,Andhra Pradesh,,9.0,,88.0,,,,,,,,,,,,,
HIST_FL_003003,HIST_FL_003003,HISTORICAL,FLOOD,2015,11,2015-11-01,month,,,missing,Karnataka,,1.0,,,,,,,,,,,,,,,
HIST_FL_003004,HIST_FL_003004,HISTORICAL,FLOOD,2015,11,2015-11-01,month,,,missing,Kerala,,21.0,,2.0,,,,,,,,,,,,,
HIST_FL_003005,HIST_FL_003005,HISTORICAL,FLOOD,2015,11,2015-11-01,month,,,missing,Tamil Nadu,,1.0,,13.0,,,,,,,,,,,,,
HIST_FL_003006,HIST_FL_003006,HISTORICAL,FLOOD,2015,11,2015-11-01,month,,,missing,Tamil Nadu,,3.0,,25.0,,,,,,,,,,,,,
HIST_FL_003007,HIST_FL_003007,HISTORICAL,FLOOD,2015,11,2015-11-01,month,,,missing,Tamil Nadu,,5.0,,47.0,,,,,,,,,,,,,
HIST_FL_003008,HIST_FL_003008,HISTORICAL,FLOOD,2015,11,2015-11-01,month,,,missing,Tamil Nadu,,1.0,,50.0,,,,,,,,,,,,,
HIST_FL_003009,HIST_FL_003009,HISTORICAL,FLOOD,2015,11,2015-11-01,month,,,missing,Tamil Nadu,,3.0,,32.0,,,,,,,,,,,,,
HIST_FL_003010,HIST_FL_003010,HISTORICAL,FLOOD,2015,12,2015-12-01,month,,,missing,Andhra Pradesh,,1.0,,4.0,,,,,,,,,,,,,
HIST_FL_003011,HIST_FL_003011,HISTORICAL,FLOOD,2015,12,2015-12-01,month,,,missing,Kerala,,12.0,,,,,,,,,,,,,,,
HIST_FL_003012,HIST_FL_003012,HISTORICAL,FLOOD,2015,12,2015-12-01,month,,,missing,Puducherry,,1.0,,2.0,,,,,,,,,,,,,
HIST_FL_003013,HIST_FL_003013,HISTORICAL,FLOOD,2015,12,2015-12-01,month,,,missing,Tamil Nadu,,3.0,,17.0,,,,,,,,,,,,,
HIST_FL_003014,HIST_FL_003014,HISTORICAL,FLOOD,2015,12,2015-12-01,month,,,missing,Tamil Nadu,,4.0,,30.0,,,,,,,,,,,,,
HIST_FL_003015,HIST_FL_003015,HISTORICAL,FLOOD,2015,12,2015-12-01,month,,,missing,Uttar Pradesh,,1.0,,5.0,,,,,,,,,,,,,
HIST_FL_003016,HIST_FL_003016,HISTORICAL,FLOOD,2016,3,2016-03-01,month,,,missing,Telangana,,1.0,,,,,,,,,,,,,,,
HIST_FL_003017,HIST_FL_003017,HISTORICAL,FLOOD,2016,3,2016-03-01,month,,,missing,Uttar Pradesh,,1.0,,5.0,,,,,,,,,,,,,
HIST_FL_003018,HIST_FL_003018,HISTORICAL,FLOOD,2016,4,2016-04-01,month,,,missing,Arunachal Pradesh,,1.0,,17.0,,,,,,,,,,,,,
HIST_FL_003019,HIST_FL_003019,HISTORICAL,FLOOD,2016,4,2016-04-01,month,,,missing,Arunachal Pradesh,,4.0,,,,,,,,,,,,,,,
HIST_FL_003020,HIST_FL_003020,HISTORICAL,FLOOD,2016,4,2016-04-01,month,,,missing,Assam,,1.0,,42.0,,,,,,,,,,,,,
HIST_FL_003021,HIST_FL_003021,HISTORICAL,FLOOD,2016,4,2016-04-01,month,,,missing,Assam,,4.0,,8.0,,,,,,,,,,,,,
HIST_FL_003022,HIST_FL_003022,HISTORICAL,FLOOD,2016,4,2016-04-01,month,,,missing,Kerala,,1.0,,2.0,,,,,,,,,,,,,
HIST_FL_003023,HIST_FL_003023,HISTORICAL,FLOOD,2016,5,2016-05-01,month,,,missing,Assam,,1.0,,11.0,,,,,,,,,,,,,
HIST_FL_003024,HIST_FL_003024,HISTORICAL,FLOOD,2016,5,2016-05-01,month,,,missing,Assam,,1.0,,,,,,,,,,,,,,,
HIST_FL_003025,HIST_FL_003025,HISTORICAL,FLOOD,2016,5,2016-05-01,month,,,missing,Bihar,,1.0,,,,,,,,,,,,,,,
HIST_FL_003026,HIST_FL_003026,HISTORICAL,FLOOD,2016,5,2016-05-01,month,,,missing,Himachal Pradesh,,1.0,,5.0,,,,,,,,,,,,,
HIST_FL_003027,HIST_FL_003027,HISTORICAL,FLOOD,2016,5,2016-05-01,month,,,missing,Jammu and Kashmir,,1.0,,,,,,,,,,,,,,,
HIST_FL_003028,HIST_FL_003028,HISTORICAL,FLOOD,2016,5,2016-05-01,month,,,missing,Kerala,,1.0,,1.0,,,,,,,,,,,,,
HIST_FL_003029,HIST_FL_003029,HISTORICAL,FLOOD,2016,5,2016-05-01,month,,,missing,Maharashtra,,1.0,,2.0,,,,,,,,,,,,,
HIST_FL_003030,HIST_FL_003030,HISTORICAL,FLOOD,2016,5,2016-05-01,month,,,missing,Mizoram,,1.0,,3.0,,,,,,,,,,,,,
HIST_FL_003031,HIST_FL_003031,HISTORICAL,FLOOD,2016,5,2016-05-01,month,,,missing,Tripura,,1.0,,,,,,,,,,,,,,,
HIST_FL_003032,HIST_FL_003032,HISTORICAL,FLOOD,2016,5,2016-05-01,month,,,missing,Uttarakhand,,1.0,,,,,,,,,,,,,,,
HIST_FL_003033,HIST_FL_003033,HISTORICAL,FLOOD,2016,5,2016-05-01,month,,,missing,Uttarakhand,,1.0,,10.0,,,,,,,,,,,,,
HIST_FL_003034,HIST_FL_003034,HISTORICAL,FLOOD,2016,5,2016-05-01,month,,,missing,Uttarakhand,,1.0,,5.0,,,,,,,,,,,,,
HIST_FL_003035,HIST_FL_003035,HISTORICAL,FLOOD,2016,6,2016-06-01,month,,,missing,Assam,,7.0,,,,,,,,,,,,,,,
HIST_FL_003036,HIST_FL_003036,HISTORICAL,FLOOD,2016,6,2016-06-01,month,,,missing,Chhattisgarh,,2.0,,,,,,,,,,,,,,,
HIST_FL_003037,HIST_FL_003037,HISTORICAL,FLOOD,2016,6,2016-06-01,month,,,missing,Chhattisgarh,,2.0,,,,,,,,,,,,,,,
HIST_FL_003038,HIST_FL_003038,HISTORICAL,FLOOD,2016,6,2016-06-01,month,,,missing,Gujarat,,120.0,,81.0,,,,,,,,,,,,,
HIST_FL_003039,HIST_FL_003039,HISTORICAL,FLOOD,2016,6,2016-06-01,month,,,missing,Himachal Pradesh,,2.0,,,,,,,,,,,,,,,
HIST_FL_003040,HIST_FL_003040,HISTORICAL,FLOOD,2016,6,2016-06-01,month,,,missing,Jammu and Kashmir,,1.0,,2.0,,,,,,,,,,,,,
HIST_FL_003041,HIST_FL_003041,HISTORICAL,FLOOD,2016,6,2016-06-01,month,,,missing,Karnataka,,1.0,,1.0,,,,,,,,,,,,,
HIST_FL_003042,HIST_FL_003042,HISTORICAL,FLOOD,2016,6,2016-06-01,month,,,missing,Karnataka,,1.0,,2.0,,,,,,,,,,,,,
HIST_FL_003043,HIST_FL_003043,HISTORICAL,FLOOD,2016,6,2016-06-01,month,,,missing,Karnataka,,1.0,,1.0,,,,,,,,,,,,,
HIST_FL_003044,HIST_FL_003044,HISTORICAL,FLOOD,2016,6,2016-06-01,month,,,missing,Kerala,,3.0,,2.0,,,,,,,,,,,,,
HIST_FL_003045,HIST_FL_003045,HISTORICAL,FLOOD,2016,6,2016-06-01,month,,,missing,Kerala,,4.0,,2.0,,,,,,,,,,,,,
HIST_FL_003046,HIST_FL_003046,HISTORICAL,FLOOD,2016,6,2016-06-01,month,,,missing,Kerala,,4.0,,,,,,,,,,,,,,,
HIST_FL_003047,HIST_FL_003047,HISTORICAL,FLOOD,2016,6,2016-06-01,month,,,missing,Kerala,,4.0,,,,,,,,,,,,,,,
HIST_FL_003048,HIST_FL_003048,HISTORICAL,FLOOD,2016,6,2016-06-01,month,,,missing,Madhya Pradesh,,1.0,,,,,,,,,,,,,,,
HIST_FL_003049,HIST_FL_003049,HISTORICAL,FLOOD,2016,6,2016-06-01,month,,,missing,Maharashtra,,1.0,,2.0,,,,,,,,,,,,,
HIST_FL_003050,HIST_FL_003050,HISTORICAL,FLOOD,2016,6,2016-06-01,month,,,missing,Maharashtra,,1.0,,1.0,,,,,,,,,,,,,
HIST_FL_003051,HIST_FL_003051,HISTORICAL,FLOOD,2016,6,2016-06-01,month,,,missing,Maharashtra,,1.0,,2.0,,,,,,,,,,,,,
HIST_FL_003052,HIST_FL_003052,HISTORICAL,FLOOD,2016,6,2016-06-01,month,,,missing,Tamil Nadu,,3.0,,3.0,,,,,,,,,,,,,
HIST_FL_003053,HIST_FL_003053,HISTORICAL,FLOOD,2016,7,2016-07-01,month,,,missing,Andhra Pradesh,,1.0,,,,,,,,,,,,,,,
HIST_FL_003054,HIST_FL_003054,HISTORICAL,FLOOD,2016,7,2016-07-01,month,,,missing,Arunachal Pradesh,,1.0,,10.0,,,,,,,,,,,,,
HIST_FL_003055,HIST_FL_003055,HISTORICAL,FLOOD,2016,7,2016-07-01,month,,,missing,Assam,,5.0,,2.0,,,,,,,,,,,,,
HIST_FL_003056,HIST_FL_003056,HISTORICAL,FLOOD,2016,7,2016-07-01,month,,,missing,Assam,,1.0,,2.0,,,,,,,,,,,,,
HIST_FL_003057,HIST_FL_003057,HISTORICAL,FLOOD,2016,7,2016-07-01,month,,,missing,Assam,,6.0,,2.0,,,,,,,,,,,,,
HIST_FL_003058,HIST_FL_003058,HISTORICAL,FLOOD,2016,7,2016-07-01,month,,,missing,Assam,,1.0,,2.0,,,,,,,,,,,,,
HIST_FL_003059,HIST_FL_003059,HISTORICAL,FLOOD,2016,7,2016-07-01,month,,,missing,Assam,,11.0,,22.0,,,,,,,,,,,,,
HIST_FL_003060,HIST_FL_003060,HISTORICAL,FLOOD,2016,7,2016-07-01,month,,,missing,Bihar,,3.0,,,,,,,,,,,,,,,
HIST_FL_003061,HIST_FL_003061,HISTORICAL,FLOOD,2016,7,2016-07-01,month,,,missing,Himachal Pradesh,,2.0,,,,,,,,,,,,,,,
HIST_FL_003062,HIST_FL_003062,HISTORICAL,FLOOD,2016,7,2016-07-01,month,,,missing,Himachal Pradesh,,8.0,,,,,,,,,,,,,,,
HIST_FL_003063,HIST_FL_003063,HISTORICAL,FLOOD,2016,7,2016-07-01,month,,,missing,Himachal Pradesh,,9.0,,2.0,,,,,,,,,,,,,
HIST_FL_003064,HIST_FL_003064,HISTORICAL,FLOOD,2016,7,2016-07-01,month,,,missing,Jammu and Kashmir,,1.0,,3.0,,,,,,,,,,,,,
HIST_FL_003065,HIST_FL_003065,HISTORICAL,FLOOD,2016,7,2016-07-01,month,,,missing,Jharkhand,,3.0,,2.0,,,,,,,,,,,,,
HIST_FL_003066,HIST_FL_003066,HISTORICAL,FLOOD,2016,7,2016-07-01,month,,,missing,Karnataka,,4.0,,,,,,,,,,,,,,,
HIST_FL_003067,HIST_FL_003067,HISTORICAL,FLOOD,2016,7,2016-07-01,month,,,missing,Karnataka,,2.0,,1.0,,,,,,,,,,,,,
HIST_FL_003068,HIST_FL_003068,HISTORICAL,FLOOD,2016,7,2016-07-01,month,,,missing,Karnataka,,1.0,,,,,,,,,,,,,,,
HIST_FL_003069,HIST_FL_003069,HISTORICAL,FLOOD,2016,7,2016-07-01,month,,,missing,Karnataka,,1.0,,,,,,,,,,,,,,,
HIST_FL_003070,HIST_FL_003070,HISTORICAL,FLOOD,2016,7,2016-07-01,month,,,missing,Karnataka,,1.0,,,,,,,,,,,,,,,
HIST_FL_003071,HIST_FL_003071,HISTORICAL,FLOOD,2016,7,2016-07-01,month,,,missing,Karnataka,,1.0,,,,,,,,,,,,,,,
HIST_FL_003072,HIST_FL_003072,HISTORICAL,FLOOD,2016,7,2016-07-01,month,,,missing,Kerala,,1.0,,,,,,,,,,,,,,,
HIST_FL_003073,HIST_FL_003073,HISTORICAL,FLOOD,2016,7,2016-07-01,month,,,missing,Kerala,,6.0,,1.0,,,,,,,,,,,,,
HIST_FL_003074,HIST_FL_003074,HISTORICAL,FLOOD,2016,7,2016-07-01,month,,,missing,Madhya Pradesh,,1.0,,6.0,,,,,,,,,,,,,
HIST_FL_003075,HIST_FL_003075,HISTORICAL,FLOOD,2016,7,2016-07-01,month,,,missing,Madhya Pradesh,,1.0,,3.0,,,,,,,,,,,,,
HIST_FL_003076,HIST_FL_003076,HISTORICAL,FLOOD,2016,7,2016-07-01,month,,,missing,Madhya Pradesh,,3.0,,11.0,,,,,,,,,,,,,
HIST_FL_003077,HIST_FL_003077,HISTORICAL,FLOOD,2016,7,2016-07-01,month,,,missing,Maharashtra,,3.0,,11.0,,,,,,,,,,,,,
HIST_FL_003078,HIST_FL_003078,HISTORICAL,FLOOD,2016,7,2016-07-01,month,,,missing,Maharashtra,,3.0,,9.0,,,,,,,,,,,,,
HIST_FL_003079,HIST_FL_003079,HISTORICAL,FLOOD,2016,7,2016-07-01,month,,,missing,Maharashtra,,2.0,,1.0,,,,,,,,,,,,,
HIST_FL_003080,HIST_FL_003080,HISTORICAL,FLOOD,2016,7,2016-07-01,month,,,missing,Maharashtra,,1.0,,2.0,,,,,,,,,,,,,
HIST_FL_003081,HIST_FL_003081,HISTORICAL,FLOOD,2016,7,2016-07-01,month,,,missing,Maharashtra,,1.0,,2.0,,,,,,,,,,,,,
HIST_FL_003082,HIST_FL_003082,HISTORICAL,FLOOD,2016,7,2016-07-01,month,,,missing,Maharashtra,,2.0,,1.0,,,,,,,,,,,,,
HIST_FL_003083,HIST_FL_003083,HISTORICAL,FLOOD,2016,7,2016-07-01,month,,,missing,Rajasthan,,1.0,,,,,,,,,,,,,,,
HIST_FL_003084,HIST_FL_003084,HISTORICAL,FLOOD,2016,7,2016-07-01,month,,,missing,Rajasthan,,1.0,,,,,,,,,,,,,,,
HIST_FL_003085,HIST_FL_003085,HISTORICAL,FLOOD,2016,7,2016-07-01,month,,,missing,Rajasthan,,1.0,,,,,,,,,,,,,,,
HIST_FL_003086,HIST_FL_003086,HISTORICAL,FLOOD,2016,7,2016-07-01,month,,,missing,Tamil Nadu,,1.0,,2.0,,,,,,,,,,,,,
HIST_FL_003087,HIST_FL_003087,HISTORICAL,FLOOD,2016,7,2016-07-01,month,,,missing,Uttarakhand,,1.0,,20.0,,,,,,,,,,,,,
HIST_FL_003088,HIST_FL_003088,HISTORICAL,FLOOD,2016,7,2016-07-01,month,,,missing,Uttarakhand,,2.0,,15.0,,,,,,,,,,,,,
HIST_FL_003089,HIST_FL_003089,HISTORICAL,FLOOD,2016,7,2016-07-01,month,,,missing,Uttarakhand,,3.0,,11.0,,,,,,,,,,,,,
HIST_FL_003090,HIST_FL_003090,HISTORICAL,FLOOD,2016,7,2016-07-01,month,,,missing,Uttar Pradesh,,3.0,,26.0,,,,,,,,,,,,,
HIST_FL_003091,HIST_FL_003091,HISTORICAL,FLOOD,2016,7,2016-07-01,month,,,missing,Uttar Pradesh,,1.0,,10.0,,,,,,,,,,,,,
HIST_FL_003092,HIST_FL_003092,HISTORICAL,FLOOD,2016,7,2016-07-01,month,,,missing,Uttar Pradesh,,1.0,,3.0,,,,,,,,,,,,,
HIST_FL_003093,HIST_FL_003093,HISTORICAL,FLOOD,2016,7,2016-07-01,month,,,missing,West Bengal,,1.0,,3.0,,,,,,,,,,,,,
HIST_FL_003094,HIST_FL_003094,HISTORICAL,FLOOD,2016,7,2016-07-01,month,,,missing,West Bengal,,2.0,,4.0,,,,,,,,,,,,,
HIST_FL_003095,HIST_FL_003095,HISTORICAL,FLOOD,2016,8,2016-08-01,month,,,missing,Arunachal Pradesh,,1.0,,3.0,,,,,,,,,,,,,
HIST_FL_003096,HIST_FL_003096,HISTORICAL,FLOOD,2016,8,2016-08-01,month,,,missing,Assam,,5.0,,3.0,,,,,,,,,,,,,
HIST_FL_003097,HIST_FL_003097,HISTORICAL,FLOOD,2016,8,2016-08-01,month,,,missing,Assam,,1.0,,2.0,,,,,,,,,,,,,
HIST_FL_003098,HIST_FL_003098,HISTORICAL,FLOOD,2016,8,2016-08-01,month,,,missing,Bihar,,1.0,,,,,,,,,,,,,,,
HIST_FL_003099,HIST_FL_003099,HISTORICAL,FLOOD,2016,8,2016-08-01,month,,,missing,Bihar,,5.0,,9.0,,,,,,,,,,,,,
HIST_FL_003100,HIST_FL_003100,HISTORICAL,FLOOD,2016,8,2016-08-01,month,,,missing,Bihar,,3.0,,,,,,,,,,,,,,,
HIST_FL_003101,HIST_FL_003101,HISTORICAL,FLOOD,2016,8,2016-08-01,month,,,missing,Bihar,,1.0,,,,,,,,,,,,,,,
HIST_FL_003102,HIST_FL_003102,HISTORICAL,FLOOD,2016,8,2016-08-01,month,,,missing,Bihar,,1.0,,,,,,,,,,,,,,,
HIST_FL_003103,HIST_FL_003103,HISTORICAL,FLOOD,2016,8,2016-08-01,month,,,missing,Chhattisgarh,,1.0,,1.0,,,,,,,,,,,,,
HIST_FL_003104,HIST_FL_003104,HISTORICAL,FLOOD,2016,8,2016-08-01,month,,,missing,Chhattisgarh,,1.0,,5.0,,,,,,,,,,,,,
HIST_FL_003105,HIST_FL_003105,HISTORICAL,FLOOD,2016,8,2016-08-01,month,,,missing,Chhattisgarh,,6.0,,6.0,,,,,,,,,,,,,
HIST_FL_003106,HIST_FL_003106,HISTORICAL,FLOOD,2016,8,2016-08-01,month,,,missing,Himachal Pradesh,,2.0,,1.0,,,,,,,,,,,,,
HIST_FL_003107,HIST_FL_003107,HISTORICAL,FLOOD,2016,8,2016-08-01,month,,,missing,Himachal Pradesh,,3.0,,1.0,,,,,,,,,,,,,
HIST_FL_003108,HIST_FL_003108,HISTORICAL,FLOOD,2016,8,2016-08-01,month,,,missing,Himachal Pradesh,,3.0,,1.0,,,,,,,,,,,,,
HIST_FL_003109,HIST_FL_003109,HISTORICAL,FLOOD,2016,8,2016-08-01,month,,,missing,Himachal Pradesh,,2.0,,2.0,,,,,,,,,,,,,
HIST_FL_003110,HIST_FL_003110,HISTORICAL,FLOOD,2016,8,2016-08-01,month,,,missing,Himachal Pradesh,,2.0,,5.0,,,,,,,,,,,,,
HIST_FL_003111,HIST_FL_003111,HISTORICAL,FLOOD,2016,8,2016-08-01,month,,,missing,Jammu and Kashmir,,1.0,,5.0,,,,,,,,,,,,,
HIST_FL_003112,HIST_FL_003112,HISTORICAL,FLOOD,2016,8,2016-08-01,month,,,missing,Jammu and Kashmir,,2.0,,2.0,,,,,,,,,,,,,
HIST_FL_003113,HIST_FL_003113,HISTORICAL,FLOOD,2016,8,2016-08-01,month,,,missing,Jammu and Kashmir,,1.0,,3.0,,,,,,,,,,,,,
HIST_FL_003114,HIST_FL_003114,HISTORICAL,FLOOD,2016,8,2016-08-01,month,,,missing,Jharkhand,,1.0,,1.0,,,,,,,,,,,,,
HIST_FL_003115,HIST_FL_003115,HISTORICAL,FLOOD,2016,8,2016-08-01,month,,,missing,Jharkhand,,1.0,,4.0,,,,,,,,,,,,,
HIST_FL_003116,HIST_FL_003116,HISTORICAL,FLOOD,2016,8,2016-08-01,month,,,missing,Jharkhand,,2.0,,,,,,,,,,,,,,,
HIST_FL_003117,HIST_FL_003117,HISTORICAL,FLOOD,2016,8,2016-08-01,month,,,missing,Karnataka,,5.0,,,,,,,,,,,,,,,
HIST_FL_003118,HIST_FL_003118,HISTORICAL,FLOOD,2016,8,2016-08-01,month,,,missing,Karnataka,,1.0,,,,,,,,,,,,,,,
HIST_FL_003119,HIST_FL_003119,HISTORICAL,FLOOD,2016,8,2016-08-01,month,,,missing,Madhya Pradesh,,1.0,,4.0,,,,,,,,,,,,,
HIST_FL_003120,HIST_FL_003120,HISTORICAL,FLOOD,2016,8,2016-08-01,month,,,missing,Madhya Pradesh,,2.0,,23.0,,,,,,,,,,,,,
HIST_FL_003121,HIST_FL_003121,HISTORICAL,FLOOD,2016,8,2016-08-01,month,,,missing,Maharashtra,,1.0,,9.0,,,,,,,,,,,,,
HIST_FL_003122,HIST_FL_003122,HISTORICAL,FLOOD,2016,8,2016-08-01,month,,,missing,Maharashtra,,1.0,,,,,,,,,,,,,,,
HIST_FL_003123,HIST_FL_003123,HISTORICAL,FLOOD,2016,8,2016-08-01,month,,,missing,Maharashtra,,1.0,,,,,,,,,,,,,,,
HIST_FL_003124,HIST_FL_003124,HISTORICAL,FLOOD,2016,8,2016-08-01,month,,,missing,Odisha,,6.0,,2.0,,,,,,,,,,,,,
HIST_FL_003125,HIST_FL_003125,HISTORICAL,FLOOD,2016,8,2016-08-01,month,,,missing,Rajasthan,,5.0,,,,,,,,,,,,,,,
HIST_FL_003126,HIST_FL_003126,HISTORICAL,FLOOD,2016,8,2016-08-01,month,,,missing,Rajasthan,,15.0,,11.0,,,,,,,,,,,,,
HIST_FL_003127,HIST_FL_003127,HISTORICAL,FLOOD,2016,8,2016-08-01,month,,,missing,Telangana,,1.0,,,,,,,,,,,,,,,
HIST_FL_003128,HIST_FL_003128,HISTORICAL,FLOOD,2016,8,2016-08-01,month,,,missing,Uttar Pradesh,,1.0,,8.0,,,,,,,,,,,,,
HIST_FL_003129,HIST_FL_003129,HISTORICAL,FLOOD,2016,8,2016-08-01,month,,,missing,West Bengal,,1.0,,3.0,,,,,,,,,,,,,
HIST_FL_003130,HIST_FL_003130,HISTORICAL,FLOOD,2016,8,2016-08-01,month,,,missing,West Bengal,,7.0,,5.0,,,,,,,,,,,,,
HIST_FL_003131,HIST_FL_003131,HISTORICAL,FLOOD,2016,9,2016-09-01,month,,,missing,Andhra Pradesh,,2.0,,,,,,,,,,,,,,,
HIST_FL_003132,HIST_FL_003132,HISTORICAL,FLOOD,2016,9,2016-09-01,month,,,missing,Andhra Pradesh,,30.0,,20.0,,,,,,,,,,,,,
HIST_FL_003133,HIST_FL_003133,HISTORICAL,FLOOD,2016,9,2016-09-01,month,,,missing,Arunachal Pradesh,,2.0,,,,,,,,,,,,,,,
HIST_FL_003134,HIST_FL_003134,HISTORICAL,FLOOD,2016,9,2016-09-01,month,,,missing,Assam,,7.0,,,,,,,,,,,,,,,
HIST_FL_003135,HIST_FL_003135,HISTORICAL,FLOOD,2016,9,2016-09-01,month,,,missing,Assam,,4.0,,,,,,,,,,,,,,,
HIST_FL_003136,HIST_FL_003136,HISTORICAL,FLOOD,2016,9,2016-09-01,month,,,missing,Bihar,,2.0,,11.0,,,,,,,,,,,,,
HIST_FL_003137,HIST_FL_003137,HISTORICAL,FLOOD,2016,9,2016-09-01,month,,,missing,Bihar,,1.0,,19.0,,,,,,,,,,,,,
HIST_FL_003138,HIST_FL_003138,HISTORICAL,FLOOD,2016,9,2016-09-01,month,,,missing,Chhattisgarh,,3.0,,4.0,,,,,,,,,,,,,
HIST_FL_003139,HIST_FL_003139,HISTORICAL,FLOOD,2016,9,2016-09-01,month,,,missing,Jharkhand,,3.0,,9.0,,,,,,,,,,,,,
HIST_FL_003140,HIST_FL_003140,HISTORICAL,FLOOD,2016,9,2016-09-01,month,,,missing,Jharkhand,,4.0,,1.0,,,,,,,,,,,,,
HIST_FL_003141,HIST_FL_003141,HISTORICAL,FLOOD,2016,9,2016-09-01,month,,,missing,Karnataka,,2.0,,,,,,,,,,,,,,,
HIST_FL_003142,HIST_FL_003142,HISTORICAL,FLOOD,2016,9,2016-09-01,month,,,missing,Karnataka,,5.0,,,,,,,,,,,,,,,
HIST_FL_003143,HIST_FL_003143,HISTORICAL,FLOOD,2016,9,2016-09-01,month,,,missing,Kerala,,1.0,,6.0,,,,,,,,,,,,,
HIST_FL_003144,HIST_FL_003144,HISTORICAL,FLOOD,2016,9,2016-09-01,month,,,missing,Maharashtra,,3.0,,2.0,,,,,,,,,,,,,
HIST_FL_003145,HIST_FL_003145,HISTORICAL,FLOOD,2016,9,2016-09-01,month,,,missing,Mizoram,,1.0,,5.0,,,,,,,,,,,,,
HIST_FL_003146,HIST_FL_003146,HISTORICAL,FLOOD,2016,9,2016-09-01,month,,,missing,Telangana,,30.0,,49.0,,,,,,,,,,,,,
HIST_FL_003147,HIST_FL_003147,HISTORICAL,FLOOD,2016,10,2016-10-01,month,,,missing,Jharkhand,,1.0,,1.0,,,,,,,,,,,,,
HIST_FL_003148,HIST_FL_003148,HISTORICAL,FLOOD,2016,10,2016-10-01,month,,,missing,Maharashtra,,3.0,,,,,,,,,,,,,,,
HIST_FL_003149,HIST_FL_003149,HISTORICAL,FLOOD,2016,11,2016-11-01,month,,,missing,Rajasthan,,9.0,,,,,,,,,,,,,,,
HIST_FL_003150,HIST_FL_003150,HISTORICAL,FLOOD,2016,12,2016-12-01,month,,,missing,Karnataka,,2.0,,,,,,,,,,,,,,,
HIST_FL_003151,HIST_FL_003151,HISTORICAL,FLOOD,2017,1,2017-01-01,month,,,missing,Assam,,2.0,,,,,,,,,,,,,,,
HIST_FL_003152,HIST_FL_003152,HISTORICAL,FLOOD,2017,1,2017-01-01,month,,,missing,Assam,,7.0,,14.0,,,,,,,,,,,,,
HIST_FL_003153,HIST_FL_003153,HISTORICAL,FLOOD,2017,1,2017-01-01,month,,,missing,Bihar,,2.0,,,,,,,,,,,,,,,
HIST_FL_003154,HIST_FL_003154,HISTORICAL,FLOOD,2017,1,2017-01-01,month,,,missing,Gujarat,,122.0,,288.0,,,,,,,,,,,,,
HIST_FL_003155,HIST_FL_003155,HISTORICAL,FLOOD,2017,1,2017-01-01,month,,,missing,Karnataka,,1.0,,,,,,,,,,,,,,,
HIST_FL_003156,HIST_FL_003156,HISTORICAL,FLOOD,2017,1,2017-01-01,month,,,missing,Rajasthan,,1.0,,1.0,,,,,,,,,,,,,
HIST_FL_003157,HIST_FL_003157,HISTORICAL,FLOOD,2017,1,2017-01-01,month,,,missing,Tamil Nadu,,1.0,,,,,,,,,,,,,,,
HIST_FL_003158,HIST_FL_003158,HISTORICAL,FLOOD,2017,2,2017-02-01,month,,,missing,Assam,,1.0,,3.0,,,,,,,,,,,,,
HIST_FL_003159,HIST_FL_003159,HISTORICAL,FLOOD,2017,2,2017-02-01,month,,,missing,Jammu and Kashmir,,1.0,,,,,,,,,,,,,,,
HIST_FL_003160,HIST_FL_003160,HISTORICAL,FLOOD,2017,2,2017-02-01,month,,,missing,Kerala,,2.0,,,,,,,,,,,,,,,
HIST_FL_003161,HIST_FL_003161,HISTORICAL,FLOOD,2017,2,2017-02-01,month,,,missing,Nagaland,,1.0,,2.0,,,,,,,,,,,,,
HIST_FL_003162,HIST_FL_003162,HISTORICAL,FLOOD,2017,2,2017-02-01,month,,,missing,Odisha,,1.0,,1.0,,,,,,,,,,,,,
HIST_FL_003163,HIST_FL_003163,HISTORICAL,FLOOD,2017,2,2017-02-01,month,,,missing,Tamil Nadu,,3.0,,10.0,,,,,,,,,,,,,
HIST_FL_003164,HIST_FL_003164,HISTORICAL,FLOOD,2017,2,2017-02-01,month,,,missing,Tripura,,1.0,,,,,,,,,,,,,,,
HIST_FL_003165,HIST_FL_003165,HISTORICAL,FLOOD,2017,3,2017-03-01,month,,,missing,Assam,,1.0,,1.0,,,,,,,,,,,,,
HIST_FL_003166,HIST_FL_003166,HISTORICAL,FLOOD,2017,3,2017-03-01,month,,,missing,Kerala,,2.0,,,,,,,,,,,,,,,
HIST_FL_003167,HIST_FL_003167,HISTORICAL,FLOOD,2017,3,2017-03-01,month,,,missing,Kerala,,1.0,,,,,,,,,,,,,,,
HIST_FL_003168,HIST_FL_003168,HISTORICAL,FLOOD,2017,3,2017-03-01,month,,,missing,Maharashtra,,1.0,,1.0,,,,,,,,,,,,,
HIST_FL_003169,HIST_FL_003169,HISTORICAL,FLOOD,2017,3,2017-03-01,month,,,missing,Telangana,,1.0,,,,,,,,,,,,,,,
HIST_FL_003170,HIST_FL_003170,HISTORICAL,FLOOD,2017,4,2017-04-01,month,,,missing,Jammu and Kashmir,,1.0,,2.0,,,,,,,,,,,,,
HIST_FL_003171,HIST_FL_003171,HISTORICAL,FLOOD,2017,4,2017-04-01,month,,,missing,Kerala,,1.0,,1.0,,,,,,,,,,,,,
HIST_FL_003172,HIST_FL_003172,HISTORICAL,FLOOD,2017,4,2017-04-01,month,,,missing,Tamil Nadu,,2.0,,5.0,,,,,,,,,,,,,
HIST_FL_003173,HIST_FL_003173,HISTORICAL,FLOOD,2017,4,2017-04-01,month,,,missing,Tripura,,1.0,,5.0,,,,,,,,,,,,,
HIST_FL_003174,HIST_FL_003174,HISTORICAL,FLOOD,2017,4,2017-04-01,month,,,missing,Uttar Pradesh,,7.0,,110.0,,,,,,,,,,,,,
HIST_FL_003175,HIST_FL_003175,HISTORICAL,FLOOD,2017,5,2017-05-01,month,,,missing,Bihar,,1.0,,,,,,,,,,,,,,,
HIST_FL_003176,HIST_FL_003176,HISTORICAL,FLOOD,2017,5,2017-05-01,month,,,missing,Himachal Pradesh,,1.0,,1.0,,,,,,,,,,,,,
HIST_FL_003177,HIST_FL_003177,HISTORICAL,FLOOD,2017,5,2017-05-01,month,,,missing,Karnataka,,1.0,,,,,,,,,,,,,,,
HIST_FL_003178,HIST_FL_003178,HISTORICAL,FLOOD,2017,5,2017-05-01,month,,,missing,Karnataka,,1.0,,3.0,,,,,,,,,,,,,
HIST_FL_003179,HIST_FL_003179,HISTORICAL,FLOOD,2017,5,2017-05-01,month,,,missing,Karnataka,,1.0,,1.0,,,,,,,,,,,,,
HIST_FL_003180,HIST_FL_003180,HISTORICAL,FLOOD,2017,5,2017-05-01,month,,,missing,Karnataka,,2.0,,5.0,,,,,,,,,,,,,
HIST_FL_003181,HIST_FL_003181,HISTORICAL,FLOOD,2017,5,2017-05-01,month,,,missing,Karnataka,,4.0,,,,,,,,,,,,,,,
HIST_FL_003182,HIST_FL_003182,HISTORICAL,FLOOD,2017,5,2017-05-01,month,,,missing,Kerala,,1.0,,,,,,,,,,,,,,,
HIST_FL_003183,HIST_FL_003183,HISTORICAL,FLOOD,2017,5,2017-05-01,month,,,missing,Kerala,,3.0,,,,,,,,,,,,,,,
HIST_FL_003184,HIST_FL_003184,HISTORICAL,FLOOD,2017,5,2017-05-01,month,,,missing,Kerala,,2.0,,,,,,,,,,,,,,,
HIST_FL_003185,HIST_FL_003185,HISTORICAL,FLOOD,2017,5,2017-05-01,month,,,missing,Manipur,,3.0,,2.0,,,,,,,,,,,,,
HIST_FL_003186,HIST_FL_003186,HISTORICAL,FLOOD,2017,5,2017-05-01,month,,,missing,Rajasthan,,1.0,,1.0,,,,,,,,,,,,,
HIST_FL_003187,HIST_FL_003187,HISTORICAL,FLOOD,2017,5,2017-05-01,month,,,missing,Tamil Nadu,,1.0,,,,,,,,,,,,,,,
HIST_FL_003188,HIST_FL_003188,HISTORICAL,FLOOD,2017,5,2017-05-01,month,,,missing,Uttarakhand,,1.0,,13.0,,,,,,,,,,,,,
HIST_FL_003189,HIST_FL_003189,HISTORICAL,FLOOD,2017,6,2017-06-01,month,,,missing,Assam,,3.0,,3.0,,,,,,,,,,,,,
HIST_FL_003190,HIST_FL_003190,HISTORICAL,FLOOD,2017,6,2017-06-01,month,,,missing,Assam,,3.0,,1.0,,,,,,,,,,,,,
HIST_FL_003191,HIST_FL_003191,HISTORICAL,FLOOD,2017,6,2017-06-01,month,,,missing,Assam,,3.0,,,,,,,,,,,,,,,
HIST_FL_003192,HIST_FL_003192,HISTORICAL,FLOOD,2017,6,2017-06-01,month,,,missing,Himachal Pradesh,,1.0,,8.0,,,,,,,,,,,,,
HIST_FL_003193,HIST_FL_003193,HISTORICAL,FLOOD,2017,6,2017-06-01,month,,,missing,Himachal Pradesh,,1.0,,2.0,,,,,,,,,,,,,
HIST_FL_003194,HIST_FL_003194,HISTORICAL,FLOOD,2017,6,2017-06-01,month,,,missing,Himachal Pradesh,,1.0,,,,,,,,,,,,,,,
HIST_FL_003195,HIST_FL_003195,HISTORICAL,FLOOD,2017,6,2017-06-01,month,,,missing,Jammu and Kashmir,,1.0,,,,,,,,,,,,,,,
HIST_FL_003196,HIST_FL_003196,HISTORICAL,FLOOD,2017,6,2017-06-01,month,,,missing,Karnataka,,1.0,,,,,,,,,,,,,,,
HIST_FL_003197,HIST_FL_003197,HISTORICAL,FLOOD,2017,6,2017-06-01,month,,,missing,Karnataka,,7.0,,1.0,,,,,,,,,,,,,
HIST_FL_003198,HIST_FL_003198,HISTORICAL,FLOOD,2017,6,2017-06-01,month,,,missing,Kerala,,2.0,,2.0,,,,,,,,,,,,,
HIST_FL_003199,HIST_FL_003199,HISTORICAL,FLOOD,2017,6,2017-06-01,month,,,missing,Maharashtra,,1.0,,2.0,,,,,,,,,,,,,
HIST_FL_003200,HIST_FL_003200,HISTORICAL,FLOOD,2017,6,2017-06-01,month,,,missing,Maharashtra,,1.0,,,,,,,,,,,,,,,
HIST_FL_003201,HIST_FL_003201,HISTORICAL,FLOOD,2017,6,2017-06-01,month,,,missing,Meghalaya,,1.0,,5.0,,,,,,,,,,,,,
HIST_FL_003202,HIST_FL_003202,HISTORICAL,FLOOD,2017,6,2017-06-01,month,,,missing,Tamil Nadu,,1.0,,3.0,,,,,,,,,,,,,
HIST_FL_003203,HIST_FL_003203,HISTORICAL,FLOOD,2017,6,2017-06-01,month,,,missing,Tripura,,5.0,,,,,,,,,,,,,,,
HIST_FL_003204,HIST_FL_003204,HISTORICAL,FLOOD,2017,7,2017-07-01,month,,,missing,Andhra Pradesh,,1.0,,15.0,,,,,,,,,,,,,
HIST_FL_003205,HIST_FL_003205,HISTORICAL,FLOOD,2017,7,2017-07-01,month,,,missing,Assam,,10.0,,27.0,,,,,,,,,,,,,
HIST_FL_003206,HIST_FL_003206,HISTORICAL,FLOOD,2017,7,2017-07-01,month,,,missing,Assam,,5.0,,2.0,,,,,,,,,,,,,
HIST_FL_003207,HIST_FL_003207,HISTORICAL,FLOOD,2017,7,2017-07-01,month,,,missing,Chhattisgarh,,1.0,,24.0,,,,,,,,,,,,,
HIST_FL_003208,HIST_FL_003208,HISTORICAL,FLOOD,2017,7,2017-07-01,month,,,missing,Himachal Pradesh,,1.0,,3.0,,,,,,,,,,,,,
HIST_FL_003209,HIST_FL_003209,HISTORICAL,FLOOD,2017,7,2017-07-01,month,,,missing,Himachal Pradesh,,2.0,,2.0,,,,,,,,,,,,,
HIST_FL_003210,HIST_FL_003210,HISTORICAL,FLOOD,2017,7,2017-07-01,month,,,missing,Jammu and Kashmir,,1.0,,2.0,,,,,,,,,,,,,
HIST_FL_003211,HIST_FL_003211,HISTORICAL,FLOOD,2017,7,2017-07-01,month,,,missing,Jammu and Kashmir,,1.0,,,,,,,,,,,,,,,
HIST_FL_003212,HIST_FL_003212,HISTORICAL,FLOOD,2017,7,2017-07-01,month,,,missing,Jammu and Kashmir,,1.0,,8.0,,,,,,,,,,,,,
HIST_FL_003213,HIST_FL_003213,HISTORICAL,FLOOD,2017,7,2017-07-01,month,,,missing,Karnataka,,1.0,,1.0,,,,,,,,,,,,,
HIST_FL_003214,HIST_FL_003214,HISTORICAL,FLOOD,2017,7,2017-07-01,month,,,missing,Karnataka,,1.0,,1.0,,,,,,,,,,,,,
HIST_FL_003215,HIST_FL_003215,HISTORICAL,FLOOD,2017,7,2017-07-01,month,,,missing,Karnataka,,1.0,,1.0,,,,,,,,,,,,,
HIST_FL_003216,HIST_FL_003216,HISTORICAL,FLOOD,2017,7,2017-07-01,month,,,missing,Maharashtra,,1.0,,1.0,,,,,,,,,,,,,
HIST_FL_003217,HIST_FL_003217,HISTORICAL,FLOOD,2017,7,2017-07-01,month,,,missing,Maharashtra,,1.0,,1.0,,,,,,,,,,,,,
HIST_FL_003218,HIST_FL_003218,HISTORICAL,FLOOD,2017,7,2017-07-01,month,,,missing,Maharashtra,,1.0,,1.0,,,,,,,,,,,,,
HIST_FL_003219,HIST_FL_003219,HISTORICAL,FLOOD,2017,7,2017-07-01,month,,,missing,Maharashtra,,1.0,,1.0,,,,,,,,,,,,,
HIST_FL_003220,HIST_FL_003220,HISTORICAL,FLOOD,2017,7,2017-07-01,month,,,missing,Odisha,,5.0,,3.0,,,,,,,,,,,,,
HIST_FL_003221,HIST_FL_003221,HISTORICAL,FLOOD,2017,7,2017-07-01,month,,,missing,Rajasthan,,1.0,,1.0,,,,,,,,,,,,,
HIST_FL_003222,HIST_FL_003222,HISTORICAL,FLOOD,2017,7,2017-07-01,month,,,missing,Rajasthan,,5.0,,17.0,,,,,,,,,,,,,
HIST_FL_003223,HIST_FL_003223,HISTORICAL,FLOOD,2017,7,2017-07-01,month,,,missing,Rajasthan,,1.0,,3.0,,,,,,,,,,,,,
HIST_FL_003224,HIST_FL_003224,HISTORICAL,FLOOD,2017,7,2017-07-01,month,,,missing,Telangana,,1.0,,,,,,,,,,,,,,,
HIST_FL_003225,HIST_FL_003225,HISTORICAL,FLOOD,2017,7,2017-07-01,month,,,missing,West Bengal,,11.0,,46.0,,,,,,,,,,,,,
HIST_FL_003226,HIST_FL_003226,HISTORICAL,FLOOD,2017,8,2017-08-01 00:00:00,month,,,missing,Bihar,,3.0,,74.0,,,,,,,,,,,,,
HIST_FL_003227,HIST_FL_003227,HISTORICAL,FLOOD,2017,8,2017-08-01 00:00:00,month,,,missing,Bihar,,1.0,,12.0,,,,,,,,,,,,,
HIST_FL_003228,HIST_FL_003228,HISTORICAL,FLOOD,2017,8,2017-08-01 00:00:00,month,,,missing,Himachal Pradesh,,2.0,,,,,,,,,,,,,,,
HIST_FL_003229,HIST_FL_003229,HISTORICAL,FLOOD,2017,8,2017-08-01 00:00:00,month,,,missing,Himachal Pradesh,,2.0,,46.0,,,,,,,,,,,,,
HIST_FL_003230,HIST_FL_003230,HISTORICAL,FLOOD,2017,8,2017-08-01 00:00:00,month,,,missing,Himachal Pradesh,,3.0,,1.0,,,,,,,,,,,,,
HIST_FL_003231,HIST_FL_003231,HISTORICAL,FLOOD,2017,8,2017-08-01 00:00:00,month,,,missing,Karnataka,,2.0,,2.0,,,,,,,,,,,,,
HIST_FL_003232,HIST_FL_003232,HISTORICAL,FLOOD,2017,8,2017-08-01 00:00:00,month,,,missing,Karnataka,,1.0,,,,,,,,,,,,,,,
HIST_FL_003233,HIST_FL_003233,HISTORICAL,FLOOD,2017,8,2017-08-01 00:00:00,month,,,missing,Karnataka,,2.0,,2.0,,,,,,,,,,,,,
HIST_FL_003234,HIST_FL_003234,HISTORICAL,FLOOD,2017,8,2017-08-01 00:00:00,month,,,missing,Karnataka,,1.0,,3.0,,,,,,,,,,,,,
HIST_FL_003235,HIST_FL_003235,HISTORICAL,FLOOD,2017,8,2017-08-01 00:00:00,month,,,missing,Karnataka,,2.0,,,,,,,,,,,,,,,
HIST_FL_003236,HIST_FL_003236,HISTORICAL,FLOOD,2017,8,2017-08-01 00:00:00,month,,,missing,Karnataka,,3.0,,12.0,,,,,,,,,,,,,
HIST_FL_003237,HIST_FL_003237,HISTORICAL,FLOOD,2017,8,2017-08-01 00:00:00,month,,,missing,Kerala,,1.0,,,,,,,,,,,,,,,
HIST_FL_003238,HIST_FL_003238,HISTORICAL,FLOOD,2017,8,2017-08-01 00:00:00,month,,,missing,Kerala,,3.0,,6.0,,,,,,,,,,,,,
HIST_FL_003239,HIST_FL_003239,HISTORICAL,FLOOD,2017,8,2017-08-01 00:00:00,month,,,missing,Maharashtra,,1.0,,5.0,,,,,,,,,,,,,
HIST_FL_003240,HIST_FL_003240,HISTORICAL,FLOOD,2017,8,2017-08-01 00:00:00,month,,,missing,Maharashtra,,1.0,,3.0,,,,,,,,,,,,,
HIST_FL_003241,HIST_FL_003241,HISTORICAL,FLOOD,2017,8,2017-08-01 00:00:00,month,,,missing,Maharashtra,,1.0,,2.0,,,,,,,,,,,,,
HIST_FL_003242,HIST_FL_003242,HISTORICAL,FLOOD,2017,8,2017-08-01 00:00:00,month,,,missing,Maharashtra,,1.0,,15.0,,,,,,,,,,,,,
HIST_FL_003243,HIST_FL_003243,HISTORICAL,FLOOD,2017,8,2017-08-01 00:00:00,month,,,missing,Mizoram,,1.0,,,,,,,,,,,,,,,
HIST_FL_003244,HIST_FL_003244,HISTORICAL,FLOOD,2017,8,2017-08-01 00:00:00,month,,,missing,Rajasthan,,1.0,,8.0,,,,,,,,,,,,,
HIST_FL_003245,HIST_FL_003245,HISTORICAL,FLOOD,2017,8,2017-08-01 00:00:00,month,,,missing,Uttarakhand,,1.0,,1.0,,,,,,,,,,,,,
HIST_FL_003246,HIST_FL_003246,HISTORICAL,FLOOD,2017,8,2017-08-01 00:00:00,month,,,missing,Uttar Pradesh,,1.0,,2.0,,,,,,,,,,,,,
HIST_FL_003247,HIST_FL_003247,HISTORICAL,FLOOD,2017,8,2017-08-01 00:00:00,month,,,missing,Uttar Pradesh,,3.0,,16.0,,,,,,,,,,,,,
HIST_FL_003248,HIST_FL_003248,HISTORICAL,FLOOD,2017,8,2017-08-01 00:00:00,month,,,missing,West Bengal,,7.0,,32.0,,,,,,,,,,,,,
HIST_FL_003249,HIST_FL_003249,HISTORICAL,FLOOD,2017,9,2017-09-01 00:00:00,month,,,missing,Assam,,5.0,,24.0,,,,,,,,,,,,,
HIST_FL_003250,HIST_FL_003250,HISTORICAL,FLOOD,2017,9,2017-09-01 00:00:00,month,,,missing,Bihar,,1.0,,15.0,,,,,,,,,,,,,
HIST_FL_003251,HIST_FL_003251,HISTORICAL,FLOOD,2017,9,2017-09-01 00:00:00,month,,,missing,Karnataka,,3.0,,5.0,,,,,,,,,,,,,
HIST_FL_003252,HIST_FL_003252,HISTORICAL,FLOOD,2017,9,2017-09-01 00:00:00,month,,,missing,Karnataka,,1.0,,1.0,,,,,,,,,,,,,
HIST_FL_003253,HIST_FL_003253,HISTORICAL,FLOOD,2017,9,2017-09-01 00:00:00,month,,,missing,Karnataka,,3.0,,4.0,,,,,,,,,,,,,
HIST_FL_003254,HIST_FL_003254,HISTORICAL,FLOOD,2017,9,2017-09-01 00:00:00,month,,,missing,Karnataka,,2.0,,2.0,,,,,,,,,,,,,
HIST_FL_003255,HIST_FL_003255,HISTORICAL,FLOOD,2017,9,2017-09-01 00:00:00,month,,,missing,Kerala,,1.0,,4.0,,,,,,,,,,,,,
HIST_FL_003256,HIST_FL_003256,HISTORICAL,FLOOD,2017,9,2017-09-01 00:00:00,month,,,missing,Kerala,,2.0,,5.0,,,,,,,,,,,,,
HIST_FL_003257,HIST_FL_003257,HISTORICAL,FLOOD,2017,9,2017-09-01 00:00:00,month,,,missing,Maharashtra,,2.0,,,,,,,,,,,,,,,
HIST_FL_003258,HIST_FL_003258,HISTORICAL,FLOOD,2017,9,2017-09-01 00:00:00,month,,,missing,Sikkim,,1.0,,3.0,,,,,,,,,,,,,
HIST_FL_003259,HIST_FL_003259,HISTORICAL,FLOOD,2017,10,2017-10-01 00:00:00,month,,,missing,Assam,,12.0,,72.0,,,,,,,,,,,,,
HIST_FL_003260,HIST_FL_003260,HISTORICAL,FLOOD,2017,10,2017-10-01 00:00:00,month,,,missing,Jammu and Kashmir,,1.0,,1.0,,,,,,,,,,,,,
HIST_FL_003261,HIST_FL_003261,HISTORICAL,FLOOD,2017,10,2017-10-01 00:00:00,month,,,missing,Karnataka,,1.0,,,,,,,,,,,,,,,
HIST_FL_003262,HIST_FL_003262,HISTORICAL,FLOOD,2017,10,2017-10-01 00:00:00,month,,,missing,Karnataka,,2.0,,2.0,,,,,,,,,,,,,
HIST_FL_003263,HIST_FL_003263,HISTORICAL,FLOOD,2017,10,2017-10-01 00:00:00,month,,,missing,Karnataka,,3.0,,10.0,,,,,,,,,,,,,
HIST_FL_003264,HIST_FL_003264,HISTORICAL,FLOOD,2017,10,2017-10-01 00:00:00,month,,,missing,Kerala,,1.0,,,,,,,,,,,,,,,
HIST_FL_003265,HIST_FL_003265,HISTORICAL,FLOOD,2017,11,2017-11-01 00:00:00,month,,,missing,Bihar,,3.0,,4.0,,,,,,,,,,,,,
HIST_FL_003266,HIST_FL_003266,HISTORICAL,FLOOD,2017,11,2017-11-01 00:00:00,month,,,missing,Chhattisgarh,,1.0,,3.0,,,,,,,,,,,,,
HIST_FL_003267,HIST_FL_003267,HISTORICAL,FLOOD,2017,11,2017-11-01 00:00:00,month,,,missing,Karnataka,,2.0,,1.0,,,,,,,,,,,,,
HIST_FL_003268,HIST_FL_003268,HISTORICAL,FLOOD,2017,11,2017-11-01 00:00:00,month,,,missing,Tripura,,3.0,,3.0,,,,,,,,,,,,,
HIST_FL_003269,HIST_FL_003269,HISTORICAL,FLOOD,2017,11,2017-11-01 00:00:00,month,,,missing,Uttar Pradesh,,1.0,,10.0,,,,,,,,,,,,,
HIST_FL_003270,HIST_FL_003270,HISTORICAL,FLOOD,2017,12,2017-12-01 00:00:00,month,,,missing,Himachal Pradesh,,1.0,,1.0,,,,,,,,,,,,,
HIST_FL_003271,HIST_FL_003271,HISTORICAL,FLOOD,2017,12,2017-12-01 00:00:00,month,,,missing,Rajasthan,,1.0,,2.0,,,,,,,,,,,,,
HIST_FL_003272,HIST_FL_003272,HISTORICAL,FLOOD,2017,12,2017-12-01 00:00:00,month,,,missing,Tamil Nadu,,1.0,,2.0,,,,,,,,,,,,,
HIST_FL_003273,HIST_FL_003273,HISTORICAL,FLOOD,2018,1,2018-01-01 00:00:00,month,,,missing,Andhra Pradesh,,1.0,,6.0,,,,,,,,,,,,,
HIST_FL_003274,HIST_FL_003274,HISTORICAL,FLOOD,2018,1,2018-01-01 00:00:00,month,,,missing,Assam,,31.0,,14.0,,,,,,,,,,,,,
HIST_FL_003275,HIST_FL_003275,HISTORICAL,FLOOD,2018,1,2018-01-01 00:00:00,month,,,missing,Assam,,30.0,,3.0,,,,,,,,,,,,,
HIST_FL_003276,HIST_FL_003276,HISTORICAL,FLOOD,2018,1,2018-01-01 00:00:00,month,,,missing,Karnataka,,22.0,,8.0,,,,,,,,,,,,,
HIST_FL_003277,HIST_FL_003277,HISTORICAL,FLOOD,2018,1,2018-01-01 00:00:00,month,,,missing,Kerala,,30.0,,339.0,,,,,,,,,,,,,
HIST_FL_003278,HIST_FL_003278,HISTORICAL,FLOOD,2018,1,2018-01-01 00:00:00,month,,,missing,Maharashtra,,2.0,,,,,,,,,,,,,,,
HIST_FL_003279,HIST_FL_003279,HISTORICAL,FLOOD,2018,1,2018-01-01 00:00:00,month,,,missing,Nagaland,,31.0,,12.0,,,,,,,,,,,,,
HIST_FL_003280,HIST_FL_003280,HISTORICAL,FLOOD,2018,1,2018-01-01 00:00:00,month,,,missing,Uttar Pradesh,,1.0,,13.0,,,,,,,,,,,,,
HIST_FL_003281,HIST_FL_003281,HISTORICAL,FLOOD,2018,1,2018-01-01 00:00:00,month,,,missing,Uttar Pradesh,,1.0,,11.0,,,,,,,,,,,,,
HIST_FL_003282,HIST_FL_003282,HISTORICAL,FLOOD,2018,2,2018-02-01 00:00:00,month,,,missing,Karnataka,,1.0,,2.0,,,,,,,,,,,,,
HIST_FL_003283,HIST_FL_003283,HISTORICAL,FLOOD,2018,2,2018-02-01 00:00:00,month,,,missing,Uttar Pradesh,,1.0,,11.0,,,,,,,,,,,,,
HIST_FL_003284,HIST_FL_003284,HISTORICAL,FLOOD,2018,2,2018-02-01 00:00:00,month,,,missing,Uttar Pradesh,,1.0,,8.0,,,,,,,,,,,,,
HIST_FL_003285,HIST_FL_003285,HISTORICAL,FLOOD,2018,3,2018-03-01 00:00:00,month,,,missing,Andhra Pradesh,,1.0,,,,,,,,,,,,,,,
HIST_FL_003286,HIST_FL_003286,HISTORICAL,FLOOD,2018,3,2018-03-01 00:00:00,month,,,missing,Jammu and Kashmir,,1.0,,3.0,,,,,,,,,,,,,
HIST_FL_003287,HIST_FL_003287,HISTORICAL,FLOOD,2018,3,2018-03-01 00:00:00,month,,,missing,Jammu and Kashmir,,1.0,,1.0,,,,,,,,,,,,,
HIST_FL_003288,HIST_FL_003288,HISTORICAL,FLOOD,2018,3,2018-03-01 00:00:00,month,,,missing,Karnataka,,2.0,,,,,,,,,,,,,,,
HIST_FL_003289,HIST_FL_003289,HISTORICAL,FLOOD,2018,3,2018-03-01 00:00:00,month,,,missing,Kerala,,1.0,,,,,,,,,,,,,,,
HIST_FL_003290,HIST_FL_003290,HISTORICAL,FLOOD,2018,3,2018-03-01 00:00:00,month,,,missing,Maharashtra,,1.0,,1.0,,,,,,,,,,,,,
HIST_FL_003291,HIST_FL_003291,HISTORICAL,FLOOD,2018,3,2018-03-01 00:00:00,month,,,missing,Tamil Nadu,,3.0,,,,,,,,,,,,,,,
HIST_FL_003292,HIST_FL_003292,HISTORICAL,FLOOD,2018,3,2018-03-01 00:00:00,month,,,missing,Telangana,,1.0,,,,,,,,,,,,,,,
HIST_FL_003293,HIST_FL_003293,HISTORICAL,FLOOD,2018,3,2018-03-01 00:00:00,month,,,missing,Uttar Pradesh,,1.0,,10.0,,,,,,,,,,,,,
HIST_FL_003294,HIST_FL_003294,HISTORICAL,FLOOD,2018,4,2018-04-01 00:00:00,month,,,missing,Kerala,,1.0,,,,,,,,,,,,,,,
HIST_FL_003295,HIST_FL_003295,HISTORICAL,FLOOD,2018,4,2018-04-01 00:00:00,month,,,missing,Madhya Pradesh,,1.0,,4.0,,,,,,,,,,,,,
HIST_FL_003296,HIST_FL_003296,HISTORICAL,FLOOD,2018,4,2018-04-01 00:00:00,month,,,missing,Maharashtra,,1.0,,,,,,,,,,,,,,,
HIST_FL_003297,HIST_FL_003297,HISTORICAL,FLOOD,2018,4,2018-04-01 00:00:00,month,,,missing,Uttar Pradesh,,1.0,,8.0,,,,,,,,,,,,,
HIST_FL_003298,HIST_FL_003298,HISTORICAL,FLOOD,2018,4,2018-04-01 00:00:00,month,,,missing,Uttar Pradesh,,1.0,,11.0,,,,,,,,,,,,,
HIST_FL_003299,HIST_FL_003299,HISTORICAL,FLOOD,2018,5,2018-05-01 00:00:00,month,,,missing,Jammu and Kashmir,,1.0,,3.0,,,,,,,,,,,,,
HIST_FL_003300,HIST_FL_003300,HISTORICAL,FLOOD,2018,5,2018-05-01 00:00:00,month,,,missing,Karnataka,,1.0,,1.0,,,,,,,,,,,,,
HIST_FL_003301,HIST_FL_003301,HISTORICAL,FLOOD,2018,5,2018-05-01 00:00:00,month,,,missing,Kerala,,2.0,,,,,,,,,,,,,,,
HIST_FL_003302,HIST_FL_003302,HISTORICAL,FLOOD,2018,5,2018-05-01 00:00:00,month,,,missing,Kerala,,2.0,,,,,,,,,,,,,,,
HIST_FL_003303,HIST_FL_003303,HISTORICAL,FLOOD,2018,5,2018-05-01 00:00:00,month,,,missing,Kerala,,1.0,,1.0,,,,,,,,,,,,,
HIST_FL_003304,HIST_FL_003304,HISTORICAL,FLOOD,2018,5,2018-05-01 00:00:00,month,,,missing,Kerala,,34.0,,138.0,,,,,,,,,,,,,
HIST_FL_003305,HIST_FL_003305,HISTORICAL,FLOOD,2018,5,2018-05-01 00:00:00,month,,,missing,Maharashtra,,1.0,,1.0,,,,,,,,,,,,,
HIST_FL_003306,HIST_FL_003306,HISTORICAL,FLOOD,2018,5,2018-05-01 00:00:00,month,,,missing,Mizoram,,1.0,,1.0,,,,,,,,,,,,,
HIST_FL_003307,HIST_FL_003307,HISTORICAL,FLOOD,2018,5,2018-05-01 00:00:00,month,,,missing,Tamil Nadu,,1.0,,1.0,,,,,,,,,,,,,
HIST_FL_003308,HIST_FL_003308,HISTORICAL,FLOOD,2018,5,2018-05-01 00:00:00,month,,,missing,Tripura,,1.0,,6.0,,,,,,,,,,,,,
HIST_FL_003309,HIST_FL_003309,HISTORICAL,FLOOD,2018,5,2018-05-01 00:00:00,month,,,missing,Uttar Pradesh,,1.0,,13.0,,,,,,,,,,,,,
HIST_FL_003310,HIST_FL_003310,HISTORICAL,FLOOD,2018,5,2018-05-01 00:00:00,month,,,missing,Uttar Pradesh,,1.0,,18.0,,,,,,,,,,,,,
HIST_FL_003311,HIST_FL_003311,HISTORICAL,FLOOD,2018,6,2018-06-01 00:00:00,month,,,missing,Assam,,16.0,,32.0,,,,,,,,,,,,,
HIST_FL_003312,HIST_FL_003312,HISTORICAL,FLOOD,2018,6,2018-06-01 00:00:00,month,,,missing,Gujarat,,2.0,,4.0,,,,,,,,,,,,,
HIST_FL_003313,HIST_FL_003313,HISTORICAL,FLOOD,2018,6,2018-06-01 00:00:00,month,,,missing,Himachal Pradesh,,2.0,,3.0,,,,,,,,,,,,,
HIST_FL_003314,HIST_FL_003314,HISTORICAL,FLOOD,2018,6,2018-06-01 00:00:00,month,,,missing,Karnataka,,1.0,,,,,,,,,,,,,,,
HIST_FL_003315,HIST_FL_003315,HISTORICAL,FLOOD,2018,6,2018-06-01 00:00:00,month,,,missing,Madhya Pradesh,,1.0,,1.0,,,,,,,,,,,,,
HIST_FL_003316,HIST_FL_003316,HISTORICAL,FLOOD,2018,6,2018-06-01 00:00:00,month,,,missing,Maharashtra,,1.0,,1.0,,,,,,,,,,,,,
HIST_FL_003317,HIST_FL_003317,HISTORICAL,FLOOD,2018,6,2018-06-01 00:00:00,month,,,missing,Maharashtra,,1.0,,8.0,,,,,,,,,,,,,
HIST_FL_003318,HIST_FL_003318,HISTORICAL,FLOOD,2018,6,2018-06-01 00:00:00,month,,,missing,Rajasthan,,1.0,,4.0,,,,,,,,,,,,,
HIST_FL_003319,HIST_FL_003319,HISTORICAL,FLOOD,2018,6,2018-06-01 00:00:00,month,,,missing,Uttar Pradesh,,1.0,,1.0,,,,,,,,,,,,,
HIST_FL_003320,HIST_FL_003320,HISTORICAL,FLOOD,2018,6,2018-06-01 00:00:00,month,,,missing,Uttar Pradesh,,1.0,,2.0,,,,,,,,,,,,,
HIST_FL_003321,HIST_FL_003321,HISTORICAL,FLOOD,2018,6,2018-06-01 00:00:00,month,,,missing,Uttar Pradesh,,1.0,,,,,,,,,,,,,,,
HIST_FL_003322,HIST_FL_003322,HISTORICAL,FLOOD,2018,6,2018-06-01 00:00:00,month,,,missing,West Bengal,,1.0,,1.0,,,,,,,,,,,,,
HIST_FL_003323,HIST_FL_003323,HISTORICAL,FLOOD,2018,7,2018-07-01 00:00:00,month,,,missing,Assam,,3.0,,2.0,,,,,,,,,,,,,
HIST_FL_003324,HIST_FL_003324,HISTORICAL,FLOOD,2018,7,2018-07-01 00:00:00,month,,,missing,Gujarat,,1.0,,1.0,,,,,,,,,,,,,
HIST_FL_003325,HIST_FL_003325,HISTORICAL,FLOOD,2018,7,2018-07-01 00:00:00,month,,,missing,Gujarat,,1.0,,27.0,,,,,,,,,,,,,
HIST_FL_003326,HIST_FL_003326,HISTORICAL,FLOOD,2018,7,2018-07-01 00:00:00,month,,,missing,Jammu and Kashmir,,3.0,,,,,,,,,,,,,,,
HIST_FL_003327,HIST_FL_003327,HISTORICAL,FLOOD,2018,7,2018-07-01 00:00:00,month,,,missing,Madhya Pradesh,,1.0,,1.0,,,,,,,,,,,,,
HIST_FL_003328,HIST_FL_003328,HISTORICAL,FLOOD,2018,7,2018-07-01 00:00:00,month,,,missing,Maharashtra,,1.0,,4.0,,,,,,,,,,,,,
HIST_FL_003329,HIST_FL_003329,HISTORICAL,FLOOD,2018,7,2018-07-01 00:00:00,month,,,missing,Maharashtra,,1.0,,,,,,,,,,,,,,,
HIST_FL_003330,HIST_FL_003330,HISTORICAL,FLOOD,2018,7,2018-07-01 00:00:00,month,,,missing,Odisha,,6.0,,12.0,,,,,,,,,,,,,
HIST_FL_003331,HIST_FL_003331,HISTORICAL,FLOOD,2018,7,2018-07-01 00:00:00,month,,,missing,Rajasthan,,1.0,,4.0,,,,,,,,,,,,,
HIST_FL_003332,HIST_FL_003332,HISTORICAL,FLOOD,2018,7,2018-07-01 00:00:00,month,,,missing,Rajasthan,,1.0,,5.0,,,,,,,,,,,,,
HIST_FL_003333,HIST_FL_003333,HISTORICAL,FLOOD,2018,7,2018-07-01 00:00:00,month,,,missing,Uttar Pradesh,,1.0,,1.0,,,,,,,,,,,,,
HIST_FL_003334,HIST_FL_003334,HISTORICAL,FLOOD,2018,7,2018-07-01 00:00:00,month,,,missing,Uttar Pradesh,,1.0,,17.0,,,,,,,,,,,,,
HIST_FL_003335,HIST_FL_003335,HISTORICAL,FLOOD,2018,7,2018-07-01 00:00:00,month,,,missing,Uttar Pradesh,,1.0,,33.0,,,,,,,,,,,,,
HIST_FL_003336,HIST_FL_003336,HISTORICAL,FLOOD,2018,7,2018-07-01 00:00:00,month,,,missing,Uttar Pradesh,,1.0,,27.0,,,,,,,,,,,,,
HIST_FL_003337,HIST_FL_003337,HISTORICAL,FLOOD,2018,7,2018-07-01 00:00:00,month,,,missing,Uttar Pradesh,,1.0,,7.0,,,,,,,,,,,,,
HIST_FL_003338,HIST_FL_003338,HISTORICAL,FLOOD,2018,7,2018-07-01 00:00:00,month,,,missing,Uttar Pradesh,,1.0,,8.0,,,,,,,,,,,,,
HIST_FL_003339,HIST_FL_003339,HISTORICAL,FLOOD,2018,7,2018-07-01 00:00:00,month,,,missing,Uttar Pradesh,,1.0,,19.0,,,,,,,,,,,,,
HIST_FL_003340,HIST_FL_003340,HISTORICAL,FLOOD,2018,7,2018-07-01 00:00:00,month,,,missing,Uttar Pradesh,,1.0,,2.0,,,,,,,,,,,,,
HIST_FL_003341,HIST_FL_003341,HISTORICAL,FLOOD,2018,7,2018-07-01 00:00:00,month,,,missing,West Bengal,,1.0,,2.0,,,,,,,,,,,,,
HIST_FL_003342,HIST_FL_003342,HISTORICAL,FLOOD,2018,8,2018-08-01 00:00:00,month,,,missing,Andhra Pradesh,,2.0,,4.0,,,,,,,,,,,,,
HIST_FL_003343,HIST_FL_003343,HISTORICAL,FLOOD,2018,8,2018-08-01 00:00:00,month,,,missing,Jammu and Kashmir,,1.0,,6.0,,,,,,,,,,,,,
HIST_FL_003344,HIST_FL_003344,HISTORICAL,FLOOD,2018,8,2018-08-01 00:00:00,month,,,missing,Karnataka,,4.0,,2.0,,,,,,,,,,,,,
HIST_FL_003345,HIST_FL_003345,HISTORICAL,FLOOD,2018,8,2018-08-01 00:00:00,month,,,missing,Maharashtra,,1.0,,3.0,,,,,,,,,,,,,
HIST_FL_003346,HIST_FL_003346,HISTORICAL,FLOOD,2018,8,2018-08-01 00:00:00,month,,,missing,Maharashtra,,2.0,,5.0,,,,,,,,,,,,,
HIST_FL_003347,HIST_FL_003347,HISTORICAL,FLOOD,2018,8,2018-08-01 00:00:00,month,,,missing,Maharashtra,,1.0,,1.0,,,,,,,,,,,,,
HIST_FL_003348,HIST_FL_003348,HISTORICAL,FLOOD,2018,8,2018-08-01 00:00:00,month,,,missing,Maharashtra,,2.0,,11.0,,,,,,,,,,,,,
HIST_FL_003349,HIST_FL_003349,HISTORICAL,FLOOD,2018,8,2018-08-01 00:00:00,month,,,missing,Odisha,,5.0,,9.0,,,,,,,,,,,,,
HIST_FL_003350,HIST_FL_003350,HISTORICAL,FLOOD,2018,8,2018-08-01 00:00:00,month,,,missing,Rajasthan,,1.0,,4.0,,,,,,,,,,,,,
HIST_FL_003351,HIST_FL_003351,HISTORICAL,FLOOD,2018,8,2018-08-01 00:00:00,month,,,missing,Rajasthan,,1.0,,4.0,,,,,,,,,,,,,
HIST_FL_003352,HIST_FL_003352,HISTORICAL,FLOOD,2018,8,2018-08-01 00:00:00,month,,,missing,Rajasthan,,1.0,,3.0,,,,,,,,,,,,,
HIST_FL_003353,HIST_FL_003353,HISTORICAL,FLOOD,2018,8,2018-08-01 00:00:00,month,,,missing,Uttarakhand,,1.0,,6.0,,,,,,,,,,,,,
HIST_FL_003354,HIST_FL_003354,HISTORICAL,FLOOD,2018,8,2018-08-01 00:00:00,month,,,missing,Uttar Pradesh,,1.0,,10.0,,,,,,,,,,,,,
HIST_FL_003355,HIST_FL_003355,HISTORICAL,FLOOD,2018,8,2018-08-01 00:00:00,month,,,missing,Uttar Pradesh,,1.0,,9.0,,,,,,,,,,,,,
HIST_FL_003356,HIST_FL_003356,HISTORICAL,FLOOD,2018,8,2018-08-01 00:00:00,month,,,missing,Uttar Pradesh,,1.0,,2.0,,,,,,,,,,,,,
HIST_FL_003357,HIST_FL_003357,HISTORICAL,FLOOD,2018,8,2018-08-01 00:00:00,month,,,missing,Uttar Pradesh,,1.0,,4.0,,,,,,,,,,,,,
HIST_FL_003358,HIST_FL_003358,HISTORICAL,FLOOD,2018,8,2018-08-01 00:00:00,month,,,missing,Uttar Pradesh,,1.0,,12.0,,,,,,,,,,,,,
HIST_FL_003359,HIST_FL_003359,HISTORICAL,FLOOD,2018,8,2018-08-01 00:00:00,month,,,missing,Uttar Pradesh,,1.0,,11.0,,,,,,,,,,,,,
HIST_FL_003360,HIST_FL_003360,HISTORICAL,FLOOD,2018,8,2018-08-01 00:00:00,month,,,missing,Uttar Pradesh,,1.0,,1.0,,,,,,,,,,,,,
HIST_FL_003361,HIST_FL_003361,HISTORICAL,FLOOD,2018,9,2018-09-01 00:00:00,month,,,missing,Arunachal Pradesh,,1.0,,4.0,,,,,,,,,,,,,
HIST_FL_003362,HIST_FL_003362,HISTORICAL,FLOOD,2018,9,2018-09-01 00:00:00,month,,,missing,Himachal Pradesh,,1.0,,8.0,,,,,,,,,,,,,
HIST_FL_003363,HIST_FL_003363,HISTORICAL,FLOOD,2018,9,2018-09-01 00:00:00,month,,,missing,Jammu and Kashmir,,1.0,,,,,,,,,,,,,,,
HIST_FL_003364,HIST_FL_003364,HISTORICAL,FLOOD,2018,9,2018-09-01 00:00:00,month,,,missing,Jammu and Kashmir,,1.0,,,,,,,,,,,,,,,
HIST_FL_003365,HIST_FL_003365,HISTORICAL,FLOOD,2018,9,2018-09-01 00:00:00,month,,,missing,Jammu and Kashmir,,1.0,,5.0,,,,,,,,,,,,,
HIST_FL_003366,HIST_FL_003366,HISTORICAL,FLOOD,2018,9,2018-09-01 00:00:00,month,,,missing,Madhya Pradesh,,1.0,,1.0,,,,,,,,,,,,,
HIST_FL_003367,HIST_FL_003367,HISTORICAL,FLOOD,2018,9,2018-09-01 00:00:00,month,,,missing,Punjab,,1.0,,6.0,,,,,,,,,,,,,
HIST_FL_003368,HIST_FL_003368,HISTORICAL,FLOOD,2018,9,2018-09-01 00:00:00,month,,,missing,Punjab,,1.0,,7.0,,,,,,,,,,,,,
HIST_FL_003369,HIST_FL_003369,HISTORICAL,FLOOD,2018,9,2018-09-01 00:00:00,month,,,missing,Rajasthan,,1.0,,2.0,,,,,,,,,,,,,
HIST_FL_003370,HIST_FL_003370,HISTORICAL,FLOOD,2018,9,2018-09-01 00:00:00,month,,,missing,Tamil Nadu,,1.0,,,,,,,,,,,,,,,
HIST_FL_003371,HIST_FL_003371,HISTORICAL,FLOOD,2018,9,2018-09-01 00:00:00,month,,,missing,Uttar Pradesh,,1.0,,6.0,,,,,,,,,,,,,
HIST_FL_003372,HIST_FL_003372,HISTORICAL,FLOOD,2018,9,2018-09-01 00:00:00,month,,,missing,Uttar Pradesh,,1.0,,4.0,,,,,,,,,,,,,
HIST_FL_003373,HIST_FL_003373,HISTORICAL,FLOOD,2018,10,2018-10-01 00:00:00,month,,,missing,Karnataka,,1.0,,,,,,,,,,,,,,,
HIST_FL_003374,HIST_FL_003374,HISTORICAL,FLOOD,2018,10,2018-10-01 00:00:00,month,,,missing,Kerala,,1.0,,,,,,,,,,,,,,,
HIST_FL_003375,HIST_FL_003375,HISTORICAL,FLOOD,2018,10,2018-10-01 00:00:00,month,,,missing,Maharashtra,,1.0,,5.0,,,,,,,,,,,,,
HIST_FL_003376,HIST_FL_003376,HISTORICAL,FLOOD,2018,10,2018-10-01 00:00:00,month,,,missing,Maharashtra,,1.0,,1.0,,,,,,,,,,,,,
HIST_FL_003377,HIST_FL_003377,HISTORICAL,FLOOD,2018,11,2018-11-01 00:00:00,month,,,missing,Kerala,,1.0,,,,,,,,,,,,,,,
HIST_FL_003378,HIST_FL_003378,HISTORICAL,FLOOD,2018,11,2018-11-01 00:00:00,month,,,missing,Kerala,,1.0,,,,,,,,,,,,,,,
HIST_FL_003379,HIST_FL_003379,HISTORICAL,FLOOD,2018,11,2018-11-01 00:00:00,month,,,missing,Maharashtra,,1.0,,,,,,,,,,,,,,,
HIST_FL_003380,HIST_FL_003380,HISTORICAL,FLOOD,2018,11,2018-11-01 00:00:00,month,,,missing,Maharashtra,,1.0,,4.0,,,,,,,,,,,,,
HIST_FL_003381,HIST_FL_003381,HISTORICAL,FLOOD,2018,11,2018-11-01 00:00:00,month,,,missing,Manipur,,1.0,,5.0,,,,,,,,,,,,,
HIST_FL_003382,HIST_FL_003382,HISTORICAL,FLOOD,2018,11,2018-11-01 00:00:00,month,,,missing,Tamil Nadu,,1.0,,3.0,,,,,,,,,,,,,
HIST_FL_003383,HIST_FL_003383,HISTORICAL,FLOOD,2018,11,2018-11-01 00:00:00,month,,,missing,Tamil Nadu,,1.0,,2.0,,,,,,,,,,,,,
HIST_FL_003384,HIST_FL_003384,HISTORICAL,FLOOD,2018,11,2018-11-01 00:00:00,month,,,missing,Uttarakhand,,1.0,,7.0,,,,,,,,,,,,,
HIST_FL_003385,HIST_FL_003385,HISTORICAL,FLOOD,2018,11,2018-11-01 00:00:00,month,,,missing,Uttar Pradesh,,1.0,,17.0,,,,,,,,,,,,,
HIST_FL_003386,HIST_FL_003386,HISTORICAL,FLOOD,2018,11,2018-11-01 00:00:00,month,,,missing,Uttar Pradesh,,1.0,,7.0,,,,,,,,,,,,,
HIST_FL_003387,HIST_FL_003387,HISTORICAL,FLOOD,2018,12,2018-12-01 00:00:00,month,,,missing,Himachal Pradesh,,2.0,,16.0,,,,,,,,,,,,,
HIST_FL_003388,HIST_FL_003388,HISTORICAL,FLOOD,2018,12,2018-12-01 00:00:00,month,,,missing,Karnataka,,3.0,,,,,,,,,,,,,,,
HIST_FL_003389,HIST_FL_003389,HISTORICAL,FLOOD,2018,12,2018-12-01 00:00:00,month,,,missing,Kerala,,1.0,,,,,,,,,,,,,,,
HIST_FL_003390,HIST_FL_003390,HISTORICAL,FLOOD,2018,12,2018-12-01 00:00:00,month,,,missing,Madhya Pradesh,,1.0,,1.0,,,,,,,,,,,,,
HIST_FL_003391,HIST_FL_003391,HISTORICAL,FLOOD,2018,12,2018-12-01 00:00:00,month,,,missing,Maharashtra,,1.0,,,,,,,,,,,,,,,
HIST_FL_003392,HIST_FL_003392,HISTORICAL,FLOOD,2018,12,2018-12-01 00:00:00,month,,,missing,Uttar Pradesh,,1.0,,5.0,,,,,,,,,,,,,
HIST_FL_003393,HIST_FL_003393,HISTORICAL,FLOOD,2019,1,2019-01-01 00:00:00,month,,,missing,Assam,,30.0,,,,,,,,,,,,,,,
HIST_FL_003394,HIST_FL_003394,HISTORICAL,FLOOD,2019,1,2019-01-01 00:00:00,month,,,missing,Assam,,6.0,,6.0,,,,,,,,,,,,,
HIST_FL_003395,HIST_FL_003395,HISTORICAL,FLOOD,2019,1,2019-01-01 00:00:00,month,,,missing,Bihar,,1.0,,1.0,,,,,,,,,,,,,
HIST_FL_003396,HIST_FL_003396,HISTORICAL,FLOOD,2019,1,2019-01-01 00:00:00,month,,,missing,Bihar,,1.0,,42.0,,,,,,,,,,,,,
HIST_FL_003397,HIST_FL_003397,HISTORICAL,FLOOD,2019,1,2019-01-01 00:00:00,month,,,missing,Gujarat,,1.0,,5.0,,,,,,,,,,,,,
HIST_FL_003398,HIST_FL_003398,HISTORICAL,FLOOD,2019,1,2019-01-01 00:00:00,month,,,missing,Gujarat,,31.0,,73.0,,,,,,,,,,,,,
HIST_FL_003399,HIST_FL_003399,HISTORICAL,FLOOD,2019,1,2019-01-01 00:00:00,month,,,missing,Gujarat,,30.0,,43.0,,,,,,,,,,,,,
HIST_FL_003400,HIST_FL_003400,HISTORICAL,FLOOD,2019,1,2019-01-01 00:00:00,month,,,missing,Jharkhand,,2.0,,5.0,,,,,,,,,,,,,
HIST_FL_003401,HIST_FL_003401,HISTORICAL,FLOOD,2019,1,2019-01-01 00:00:00,month,,,missing,Karnataka,,1.0,,,,,,,,,,,,,,,
HIST_FL_003402,HIST_FL_003402,HISTORICAL,FLOOD,2019,1,2019-01-01 00:00:00,month,,,missing,Karnataka,,3.0,,,,,,,,,,,,,,,
HIST_FL_003403,HIST_FL_003403,HISTORICAL,FLOOD,2019,1,2019-01-01 00:00:00,month,,,missing,Kerala,,2.0,,,,,,,,,,,,,,,
HIST_FL_003404,HIST_FL_003404,HISTORICAL,FLOOD,2019,1,2019-01-01 00:00:00,month,,,missing,Madhya Pradesh,,1.0,,1.0,,,,,,,,,,,,,
HIST_FL_003405,HIST_FL_003405,HISTORICAL,FLOOD,2019,1,2019-01-01 00:00:00,month,,,missing,Maharashtra,,1.0,,12.0,,,,,,,,,,,,,
HIST_FL_003406,HIST_FL_003406,HISTORICAL,FLOOD,2019,1,2019-01-01 00:00:00,month,,,missing,Maharashtra,,1.0,,,,,,,,,,,,,,,
HIST_FL_003407,HIST_FL_003407,HISTORICAL,FLOOD,2019,1,2019-01-01 00:00:00,month,,,missing,Maharashtra,,1.0,,2.0,,,,,,,,,,,,,
HIST_FL_003408,HIST_FL_003408,HISTORICAL,FLOOD,2019,1,2019-01-01 00:00:00,month,,,missing,Maharashtra,,31.0,,,,,,,,,,,,,,,
HIST_FL_003409,HIST_FL_003409,HISTORICAL,FLOOD,2019,1,2019-01-01 00:00:00,month,,,missing,Odisha,,10.0,,3.0,,,,,,,,,,,,,
HIST_FL_003410,HIST_FL_003410,HISTORICAL,FLOOD,2019,1,2019-01-01 00:00:00,month,,,missing,Punjab,,26.0,,12.0,,,,,,,,,,,,,
HIST_FL_003411,HIST_FL_003411,HISTORICAL,FLOOD,2019,1,2019-01-01 00:00:00,month,,,missing,Punjab,,5.0,,2.0,,,,,,,,,,,,,
HIST_FL_003412,HIST_FL_003412,HISTORICAL,FLOOD,2019,1,2019-01-01 00:00:00,month,,,missing,Rajasthan,,1.0,,3.0,,,,,,,,,,,,,
HIST_FL_003413,HIST_FL_003413,HISTORICAL,FLOOD,2019,1,2019-01-01 00:00:00,month,,,missing,Tamil Nadu,,3.0,,1.0,,,,,,,,,,,,,
HIST_FL_003414,HIST_FL_003414,HISTORICAL,FLOOD,2019,1,2019-01-01 00:00:00,month,,,missing,Tamil Nadu,,1.0,,1.0,,,,,,,,,,,,,
HIST_FL_003415,HIST_FL_003415,HISTORICAL,FLOOD,2019,1,2019-01-01 00:00:00,month,,,missing,Tripura,,4.0,,,,,,,,,,,,,,,
HIST_FL_003416,HIST_FL_003416,HISTORICAL,FLOOD,2019,1,2019-01-01 00:00:00,month,,,missing,Uttar Pradesh,,1.0,,,,,,,,,,,,,,,
HIST_FL_003417,HIST_FL_003417,HISTORICAL,FLOOD,2019,1,2019-01-01 00:00:00,month,,,missing,Uttar Pradesh,,1.0,,,,,,,,,,,,,,,
HIST_FL_003418,HIST_FL_003418,HISTORICAL,FLOOD,2019,1,2019-01-01 00:00:00,month,,,missing,West Bengal,,61.0,,220.0,,,,,,,,,,,,,
HIST_FL_003419,HIST_FL_003419,HISTORICAL,FLOOD,2019,2,2019-02-01 00:00:00,month,,,missing,Bihar,,2.0,,11.0,,,,,,,,,,,,,
HIST_FL_003420,HIST_FL_003420,HISTORICAL,FLOOD,2019,2,2019-02-01 00:00:00,month,,,missing,Himachal Pradesh,,1.0,,,,,,,,,,,,,,,
HIST_FL_003421,HIST_FL_003421,HISTORICAL,FLOOD,2019,2,2019-02-01 00:00:00,month,,,missing,Himachal Pradesh,,1.0,,,,,,,,,,,,,,,
HIST_FL_003422,HIST_FL_003422,HISTORICAL,FLOOD,2019,2,2019-02-01 00:00:00,month,,,missing,Maharashtra,,1.0,,45.0,,,,,,,,,,,,,
HIST_FL_003423,HIST_FL_003423,HISTORICAL,FLOOD,2019,2,2019-02-01 00:00:00,month,,,missing,Maharashtra,,1.0,,1.0,,,,,,,,,,,,,
HIST_FL_003424,HIST_FL_003424,HISTORICAL,FLOOD,2019,2,2019-02-01 00:00:00,month,,,missing,Tamil Nadu,,1.0,,17.0,,,,,,,,,,,,,
HIST_FL_003425,HIST_FL_003425,HISTORICAL,FLOOD,2019,2,2019-02-01 00:00:00,month,,,missing,Uttarakhand,,1.0,,1.0,,,,,,,,,,,,,
HIST_FL_003426,HIST_FL_003426,HISTORICAL,FLOOD,2019,2,2019-02-01 00:00:00,month,,,missing,Uttarakhand,,1.0,,,,,,,,,,,,,,,
HIST_FL_003427,HIST_FL_003427,HISTORICAL,FLOOD,2019,2,2019-02-01 00:00:00,month,,,missing,Uttar Pradesh,,1.0,,,,,,,,,,,,,,,
HIST_FL_003428,HIST_FL_003428,HISTORICAL,FLOOD,2019,2,2019-02-01 00:00:00,month,,,missing,Uttar Pradesh,,1.0,,1.0,,,,,,,,,,,,,
HIST_FL_003429,HIST_FL_003429,HISTORICAL,FLOOD,2019,3,2019-03-01 00:00:00,month,,,missing,Jammu and Kashmir,,1.0,,,,,,,,,,,,,,,
HIST_FL_003430,HIST_FL_003430,HISTORICAL,FLOOD,2019,3,2019-03-01 00:00:00,month,,,missing,Jammu and Kashmir,,1.0,,2.0,,,,,,,,,,,,,
HIST_FL_003431,HIST_FL_003431,HISTORICAL,FLOOD,2019,3,2019-03-01 00:00:00,month,,,missing,Jammu and Kashmir,,1.0,,2.0,,,,,,,,,,,,,
HIST_FL_003432,HIST_FL_003432,HISTORICAL,FLOOD,2019,3,2019-03-01 00:00:00,month,,,missing,Jammu and Kashmir,,1.0,,1.0,,,,,,,,,,,,,
HIST_FL_003433,HIST_FL_003433,HISTORICAL,FLOOD,2019,3,2019-03-01 00:00:00,month,,,missing,Jammu and Kashmir,,1.0,,,,,,,,,,,,,,,
HIST_FL_003434,HIST_FL_003434,HISTORICAL,FLOOD,2019,3,2019-03-01 00:00:00,month,,,missing,Kerala,,2.0,,,,,,,,,,,,,,,
HIST_FL_003435,HIST_FL_003435,HISTORICAL,FLOOD,2019,3,2019-03-01 00:00:00,month,,,missing,Kerala,,1.0,,,,,,,,,,,,,,,
HIST_FL_003436,HIST_FL_003436,HISTORICAL,FLOOD,2019,3,2019-03-01 00:00:00,month,,,missing,Maharashtra,,1.0,,5.0,,,,,,,,,,,,,
HIST_FL_003437,HIST_FL_003437,HISTORICAL,FLOOD,2019,4,2019-04-01 00:00:00,month,,,missing,Jammu and Kashmir,,2.0,,5.0,,,,,,,,,,,,,
HIST_FL_003438,HIST_FL_003438,HISTORICAL,FLOOD,2019,4,2019-04-01 00:00:00,month,,,missing,Kerala,,1.0,,,,,,,,,,,,,,,
HIST_FL_003439,HIST_FL_003439,HISTORICAL,FLOOD,2019,4,2019-04-01 00:00:00,month,,,missing,Kerala,,3.0,,3.0,,,,,,,,,,,,,
HIST_FL_003440,HIST_FL_003440,HISTORICAL,FLOOD,2019,4,2019-04-01 00:00:00,month,,,missing,Kerala,,2.0,,,,,,,,,,,,,,,
HIST_FL_003441,HIST_FL_003441,HISTORICAL,FLOOD,2019,4,2019-04-01 00:00:00,month,,,missing,Kerala,,3.0,,,,,,,,,,,,,,,
HIST_FL_003442,HIST_FL_003442,HISTORICAL,FLOOD,2019,4,2019-04-01 00:00:00,month,,,missing,Maharashtra,,1.0,,5.0,,,,,,,,,,,,,
HIST_FL_003443,HIST_FL_003443,HISTORICAL,FLOOD,2019,4,2019-04-01 00:00:00,month,,,missing,Maharashtra,,1.0,,5.0,,,,,,,,,,,,,
HIST_FL_003444,HIST_FL_003444,HISTORICAL,FLOOD,2019,4,2019-04-01 00:00:00,month,,,missing,Punjab,,1.0,,,,,,,,,,,,,,,
HIST_FL_003445,HIST_FL_003445,HISTORICAL,FLOOD,2019,4,2019-04-01 00:00:00,month,,,missing,Uttarakhand,,1.0,,,,,,,,,,,,,,,
HIST_FL_003446,HIST_FL_003446,HISTORICAL,FLOOD,2019,5,2019-05-01 00:00:00,month,,,missing,Jammu and Kashmir,,1.0,,2.0,,,,,,,,,,,,,
HIST_FL_003447,HIST_FL_003447,HISTORICAL,FLOOD,2019,5,2019-05-01 00:00:00,month,,,missing,Jammu and Kashmir,,1.0,,2.0,,,,,,,,,,,,,
HIST_FL_003448,HIST_FL_003448,HISTORICAL,FLOOD,2019,5,2019-05-01 00:00:00,month,,,missing,Karnataka,,1.0,,,,,,,,,,,,,,,
HIST_FL_003449,HIST_FL_003449,HISTORICAL,FLOOD,2019,5,2019-05-01 00:00:00,month,,,missing,Karnataka,,1.0,,3.0,,,,,,,,,,,,,
HIST_FL_003450,HIST_FL_003450,HISTORICAL,FLOOD,2019,5,2019-05-01 00:00:00,month,,,missing,Karnataka,,4.0,,10.0,,,,,,,,,,,,,
HIST_FL_003451,HIST_FL_003451,HISTORICAL,FLOOD,2019,5,2019-05-01 00:00:00,month,,,missing,Kerala,,1.0,,,,,,,,,,,,,,,
HIST_FL_003452,HIST_FL_003452,HISTORICAL,FLOOD,2019,5,2019-05-01 00:00:00,month,,,missing,Kerala,,1.0,,,,,,,,,,,,,,,
HIST_FL_003453,HIST_FL_003453,HISTORICAL,FLOOD,2019,5,2019-05-01 00:00:00,month,,,missing,Kerala,,1.0,,1.0,,,,,,,,,,,,,
HIST_FL_003454,HIST_FL_003454,HISTORICAL,FLOOD,2019,5,2019-05-01 00:00:00,month,,,missing,Maharashtra,,1.0,,1.0,,,,,,,,,,,,,
HIST_FL_003455,HIST_FL_003455,HISTORICAL,FLOOD,2019,5,2019-05-01 00:00:00,month,,,missing,Maharashtra,,1.0,,2.0,,,,,,,,,,,,,
HIST_FL_003456,HIST_FL_003456,HISTORICAL,FLOOD,2019,5,2019-05-01 00:00:00,month,,,missing,Maharashtra,,1.0,,4.0,,,,,,,,,,,,,
HIST_FL_003457,HIST_FL_003457,HISTORICAL,FLOOD,2019,5,2019-05-01 00:00:00,month,,,missing,Rajasthan,,1.0,,2.0,,,,,,,,,,,,,
HIST_FL_003458,HIST_FL_003458,HISTORICAL,FLOOD,2019,5,2019-05-01 00:00:00,month,,,missing,Tripura,,3.0,,,,,,,,,,,,,,,
HIST_FL_003459,HIST_FL_003459,HISTORICAL,FLOOD,2019,6,2019-06-01 00:00:00,month,,,missing,Karnataka,,1.0,,,,,,,,,,,,,,,
HIST_FL_003460,HIST_FL_003460,HISTORICAL,FLOOD,2019,6,2019-06-01 00:00:00,month,,,missing,Karnataka,,1.0,,,,,,,,,,,,,,,
HIST_FL_003461,HIST_FL_003461,HISTORICAL,FLOOD,2019,6,2019-06-01 00:00:00,month,,,missing,Karnataka,,1.0,,,,,,,,,,,,,,,
HIST_FL_003462,HIST_FL_003462,HISTORICAL,FLOOD,2019,6,2019-06-01 00:00:00,month,,,missing,Karnataka,,1.0,,3.0,,,,,,,,,,,,,
HIST_FL_003463,HIST_FL_003463,HISTORICAL,FLOOD,2019,6,2019-06-01 00:00:00,month,,,missing,Kerala,,1.0,,,,,,,,,,,,,,,
HIST_FL_003464,HIST_FL_003464,HISTORICAL,FLOOD,2019,6,2019-06-01 00:00:00,month,,,missing,Kerala,,1.0,,,,,,,,,,,,,,,
HIST_FL_003465,HIST_FL_003465,HISTORICAL,FLOOD,2019,6,2019-06-01 00:00:00,month,,,missing,Maharashtra,,1.0,,1.0,,,,,,,,,,,,,
HIST_FL_003466,HIST_FL_003466,HISTORICAL,FLOOD,2019,6,2019-06-01 00:00:00,month,,,missing,Sikkim,,5.0,,,,,,,,,,,,,,,
HIST_FL_003467,HIST_FL_003467,HISTORICAL,FLOOD,2019,6,2019-06-01 00:00:00,month,,,missing,Uttarakhand,,1.0,,1.0,,,,,,,,,,,,,
HIST_FL_003468,HIST_FL_003468,HISTORICAL,FLOOD,2019,6,2019-06-01 00:00:00,month,,,missing,Uttarakhand,,1.0,,,,,,,,,,,,,,,
HIST_FL_003469,HIST_FL_003469,HISTORICAL,FLOOD,2019,6,2019-06-01 00:00:00,month,,,missing,Uttarakhand,,1.0,,,,,,,,,,,,,,,
HIST_FL_003470,HIST_FL_003470,HISTORICAL,FLOOD,2019,6,2019-06-01 00:00:00,month,,,missing,Uttarakhand,,3.0,,1.0,,,,,,,,,,,,,
HIST_FL_003471,HIST_FL_003471,HISTORICAL,FLOOD,2019,7,2019-07-01 00:00:00,month,,,missing,Bihar,,4.0,,98.0,,,,,,,,,,,,,
HIST_FL_003472,HIST_FL_003472,HISTORICAL,FLOOD,2019,7,2019-07-01 00:00:00,month,,,missing,Bihar,,1.0,,15.0,,,,,,,,,,,,,
HIST_FL_003473,HIST_FL_003473,HISTORICAL,FLOOD,2019,7,2019-07-01 00:00:00,month,,,missing,Chhattisgarh,,1.0,,4.0,,,,,,,,,,,,,
HIST_FL_003474,HIST_FL_003474,HISTORICAL,FLOOD,2019,7,2019-07-01 00:00:00,month,,,missing,Gujarat,,8.0,,16.0,,,,,,,,,,,,,
HIST_FL_003475,HIST_FL_003475,HISTORICAL,FLOOD,2019,7,2019-07-01 00:00:00,month,,,missing,Himachal Pradesh,,1.0,,2.0,,,,,,,,,,,,,
HIST_FL_003476,HIST_FL_003476,HISTORICAL,FLOOD,2019,7,2019-07-01 00:00:00,month,,,missing,Jammu and Kashmir,,1.0,,,,,,,,,,,,,,,
HIST_FL_003477,HIST_FL_003477,HISTORICAL,FLOOD,2019,7,2019-07-01 00:00:00,month,,,missing,Jammu and Kashmir,,1.0,,1.0,,,,,,,,,,,,,
HIST_FL_003478,HIST_FL_003478,HISTORICAL,FLOOD,2019,7,2019-07-01 00:00:00,month,,,missing,Jammu and Kashmir,,1.0,,1.0,,,,,,,,,,,,,
HIST_FL_003479,HIST_FL_003479,HISTORICAL,FLOOD,2019,7,2019-07-01 00:00:00,month,,,missing,Jammu and Kashmir,,1.0,,1.0,,,,,,,,,,,,,
HIST_FL_003480,HIST_FL_003480,HISTORICAL,FLOOD,2019,7,2019-07-01 00:00:00,month,,,missing,Jammu and Kashmir,,1.0,,2.0,,,,,,,,,,,,,
HIST_FL_003481,HIST_FL_003481,HISTORICAL,FLOOD,2019,7,2019-07-01 00:00:00,month,,,missing,Jammu and Kashmir,,1.0,,1.0,,,,,,,,,,,,,
HIST_FL_003482,HIST_FL_003482,HISTORICAL,FLOOD,2019,7,2019-07-01 00:00:00,month,,,missing,Karnataka,,1.0,,2.0,,,,,,,,,,,,,
HIST_FL_003483,HIST_FL_003483,HISTORICAL,FLOOD,2019,7,2019-07-01 00:00:00,month,,,missing,Karnataka,,1.0,,1.0,,,,,,,,,,,,,
HIST_FL_003484,HIST_FL_003484,HISTORICAL,FLOOD,2019,7,2019-07-01 00:00:00,month,,,missing,Karnataka,,1.0,,1.0,,,,,,,,,,,,,
HIST_FL_003485,HIST_FL_003485,HISTORICAL,FLOOD,2019,7,2019-07-01 00:00:00,month,,,missing,Kerala,,3.0,,12.0,,,,,,,,,,,,,
HIST_FL_003486,HIST_FL_003486,HISTORICAL,FLOOD,2019,7,2019-07-01 00:00:00,month,,,missing,Kerala,,1.0,,,,,,,,,,,,,,,
HIST_FL_003487,HIST_FL_003487,HISTORICAL,FLOOD,2019,7,2019-07-01 00:00:00,month,,,missing,Kerala,,1.0,,,,,,,,,,,,,,,
HIST_FL_003488,HIST_FL_003488,HISTORICAL,FLOOD,2019,7,2019-07-01 00:00:00,month,,,missing,Maharashtra,,1.0,,,,,,,,,,,,,,,
HIST_FL_003489,HIST_FL_003489,HISTORICAL,FLOOD,2019,7,2019-07-01 00:00:00,month,,,missing,Maharashtra,,1.0,,5.0,,,,,,,,,,,,,
HIST_FL_003490,HIST_FL_003490,HISTORICAL,FLOOD,2019,7,2019-07-01 00:00:00,month,,,missing,Maharashtra,,1.0,,1.0,,,,,,,,,,,,,
HIST_FL_003491,HIST_FL_003491,HISTORICAL,FLOOD,2019,7,2019-07-01 00:00:00,month,,,missing,Maharashtra,,2.0,,22.0,,,,,,,,,,,,,
HIST_FL_003492,HIST_FL_003492,HISTORICAL,FLOOD,2019,7,2019-07-01 00:00:00,month,,,missing,Rajasthan,,5.0,,14.0,,,,,,,,,,,,,
HIST_FL_003493,HIST_FL_003493,HISTORICAL,FLOOD,2019,7,2019-07-01 00:00:00,month,,,missing,Rajasthan,,1.0,,1.0,,,,,,,,,,,,,
HIST_FL_003494,HIST_FL_003494,HISTORICAL,FLOOD,2019,7,2019-07-01 00:00:00,month,,,missing,Rajasthan,,1.0,,4.0,,,,,,,,,,,,,
HIST_FL_003495,HIST_FL_003495,HISTORICAL,FLOOD,2019,7,2019-07-01 00:00:00,month,,,missing,Sikkim,,1.0,,,,,,,,,,,,,,,
HIST_FL_003496,HIST_FL_003496,HISTORICAL,FLOOD,2019,7,2019-07-01 00:00:00,month,,,missing,Sikkim,,11.0,,,,,,,,,,,,,,,
HIST_FL_003497,HIST_FL_003497,HISTORICAL,FLOOD,2019,7,2019-07-01 00:00:00,month,,,missing,Tripura,,1.0,,2.0,,,,,,,,,,,,,
HIST_FL_003498,HIST_FL_003498,HISTORICAL,FLOOD,2019,7,2019-07-01 00:00:00,month,,,missing,West Bengal,,1.0,,1.0,,,,,,,,,,,,,
HIST_FL_003499,HIST_FL_003499,HISTORICAL,FLOOD,2019,8,2019-08-01 00:00:00,month,,,missing,Bihar,,1.0,,4.0,,,,,,,,,,,,,
HIST_FL_003500,HIST_FL_003500,HISTORICAL,FLOOD,2019,8,2019-08-01 00:00:00,month,,,missing,Himachal Pradesh,,1.0,,,,,,,,,,,,,,,
HIST_FL_003501,HIST_FL_003501,HISTORICAL,FLOOD,2019,8,2019-08-01 00:00:00,month,,,missing,Himachal Pradesh,,2.0,,24.0,,,,,,,,,,,,,
HIST_FL_003502,HIST_FL_003502,HISTORICAL,FLOOD,2019,8,2019-08-01 00:00:00,month,,,missing,Kerala,,1.0,,23.0,,,,,,,,,,,,,
HIST_FL_003503,HIST_FL_003503,HISTORICAL,FLOOD,2019,8,2019-08-01 00:00:00,month,,,missing,Kerala,,2.0,,,,,,,,,,,,,,,
HIST_FL_003504,HIST_FL_003504,HISTORICAL,FLOOD,2019,8,2019-08-01 00:00:00,month,,,missing,Kerala,,2.0,,,,,,,,,,,,,,,
HIST_FL_003505,HIST_FL_003505,HISTORICAL,FLOOD,2019,8,2019-08-01 00:00:00,month,,,missing,Madhya Pradesh,,1.0,,3.0,,,,,,,,,,,,,
HIST_FL_003506,HIST_FL_003506,HISTORICAL,FLOOD,2019,8,2019-08-01 00:00:00,month,,,missing,Madhya Pradesh,,1.0,,5.0,,,,,,,,,,,,,
HIST_FL_003507,HIST_FL_003507,HISTORICAL,FLOOD,2019,8,2019-08-01 00:00:00,month,,,missing,Madhya Pradesh,,1.0,,1.0,,,,,,,,,,,,,
HIST_FL_003508,HIST_FL_003508,HISTORICAL,FLOOD,2019,8,2019-08-01 00:00:00,month,,,missing,Madhya Pradesh,,1.0,,2.0,,,,,,,,,,,,,
HIST_FL_003509,HIST_FL_003509,HISTORICAL,FLOOD,2019,8,2019-08-01 00:00:00,month,,,missing,Mizoram,,5.0,,5.0,,,,,,,,,,,,,
HIST_FL_003510,HIST_FL_003510,HISTORICAL,FLOOD,2019,8,2019-08-01 00:00:00,month,,,missing,Rajasthan,,1.0,,1.0,,,,,,,,,,,,,
HIST_FL_003511,HIST_FL_003511,HISTORICAL,FLOOD,2019,8,2019-08-01 00:00:00,month,,,missing,Rajasthan,,4.0,,35.0,,,,,,,,,,,,,
HIST_FL_003512,HIST_FL_003512,HISTORICAL,FLOOD,2019,8,2019-08-01 00:00:00,month,,,missing,Rajasthan,,1.0,,1.0,,,,,,,,,,,,,
HIST_FL_003513,HIST_FL_003513,HISTORICAL,FLOOD,2019,8,2019-08-01 00:00:00,month,,,missing,Uttarakhand,,2.0,,5.0,,,,,,,,,,,,,
HIST_FL_003514,HIST_FL_003514,HISTORICAL,FLOOD,2019,8,2019-08-01 00:00:00,month,,,missing,Uttarakhand,,1.0,,19.0,,,,,,,,,,,,,
HIST_FL_003515,HIST_FL_003515,HISTORICAL,FLOOD,2019,9,2019-09-01 00:00:00,month,,,missing,Bihar,,1.0,,17.0,,,,,,,,,,,,,
HIST_FL_003516,HIST_FL_003516,HISTORICAL,FLOOD,2019,9,2019-09-01 00:00:00,month,,,missing,Bihar,,1.0,,23.0,,,,,,,,,,,,,
HIST_FL_003517,HIST_FL_003517,HISTORICAL,FLOOD,2019,9,2019-09-01 00:00:00,month,,,missing,Bihar,,1.0,,15.0,,,,,,,,,,,,,
HIST_FL_003518,HIST_FL_003518,HISTORICAL,FLOOD,2019,9,2019-09-01 00:00:00,month,,,missing,Bihar,,1.0,,13.0,,,,,,,,,,,,,
HIST_FL_003519,HIST_FL_003519,HISTORICAL,FLOOD,2019,9,2019-09-01 00:00:00,month,,,missing,Goa,,1.0,,1.0,,,,,,,,,,,,,
HIST_FL_003520,HIST_FL_003520,HISTORICAL,FLOOD,2019,9,2019-09-01 00:00:00,month,,,missing,Gujarat,,1.0,,4.0,,,,,,,,,,,,,
HIST_FL_003521,HIST_FL_003521,HISTORICAL,FLOOD,2019,9,2019-09-01 00:00:00,month,,,missing,Jammu and Kashmir,,1.0,,1.0,,,,,,,,,,,,,
HIST_FL_003522,HIST_FL_003522,HISTORICAL,FLOOD,2019,9,2019-09-01 00:00:00,month,,,missing,Karnataka,,2.0,,2.0,,,,,,,,,,,,,
HIST_FL_003523,HIST_FL_003523,HISTORICAL,FLOOD,2019,9,2019-09-01 00:00:00,month,,,missing,Kerala,,5.0,,2.0,,,,,,,,,,,,,
HIST_FL_003524,HIST_FL_003524,HISTORICAL,FLOOD,2019,9,2019-09-01 00:00:00,month,,,missing,Kerala,,1.0,,19.0,,,,,,,,,,,,,
HIST_FL_003525,HIST_FL_003525,HISTORICAL,FLOOD,2019,9,2019-09-01 00:00:00,month,,,missing,Kerala,,1.0,,,,,,,,,,,,,,,
HIST_FL_003526,HIST_FL_003526,HISTORICAL,FLOOD,2019,9,2019-09-01 00:00:00,month,,,missing,Madhya Pradesh,,1.0,,6.0,,,,,,,,,,,,,
HIST_FL_003527,HIST_FL_003527,HISTORICAL,FLOOD,2019,9,2019-09-01 00:00:00,month,,,missing,Madhya Pradesh,,1.0,,3.0,,,,,,,,,,,,,
HIST_FL_003528,HIST_FL_003528,HISTORICAL,FLOOD,2019,9,2019-09-01 00:00:00,month,,,missing,Maharashtra,,1.0,,4.0,,,,,,,,,,,,,
HIST_FL_003529,HIST_FL_003529,HISTORICAL,FLOOD,2019,9,2019-09-01 00:00:00,month,,,missing,Maharashtra,,1.0,,1.0,,,,,,,,,,,,,
HIST_FL_003530,HIST_FL_003530,HISTORICAL,FLOOD,2019,9,2019-09-01 00:00:00,month,,,missing,Maharashtra,,1.0,,2.0,,,,,,,,,,,,,
HIST_FL_003531,HIST_FL_003531,HISTORICAL,FLOOD,2019,9,2019-09-01 00:00:00,month,,,missing,Maharashtra,,1.0,,4.0,,,,,,,,,,,,,
HIST_FL_003532,HIST_FL_003532,HISTORICAL,FLOOD,2019,9,2019-09-01 00:00:00,month,,,missing,Maharashtra,,1.0,,20.0,,,,,,,,,,,,,
HIST_FL_003533,HIST_FL_003533,HISTORICAL,FLOOD,2019,9,2019-09-01 00:00:00,month,,,missing,Maharashtra,,1.0,,3.0,,,,,,,,,,,,,
HIST_FL_003534,HIST_FL_003534,HISTORICAL,FLOOD,2019,9,2019-09-01 00:00:00,month,,,missing,Odisha,,3.0,,,,,,,,,,,,,,,
HIST_FL_003535,HIST_FL_003535,HISTORICAL,FLOOD,2019,9,2019-09-01 00:00:00,month,,,missing,Rajasthan,,1.0,,2.0,,,,,,,,,,,,,
HIST_FL_003536,HIST_FL_003536,HISTORICAL,FLOOD,2019,9,2019-09-01 00:00:00,month,,,missing,Rajasthan,,2.0,,19.0,,,,,,,,,,,,,
HIST_FL_003537,HIST_FL_003537,HISTORICAL,FLOOD,2019,9,2019-09-01 00:00:00,month,,,missing,Sikkim,,1.0,,1.0,,,,,,,,,,,,,
HIST_FL_003538,HIST_FL_003538,HISTORICAL,FLOOD,2019,9,2019-09-01 00:00:00,month,,,missing,Uttarakhand,,1.0,,,,,,,,,,,,,,,
HIST_FL_003539,HIST_FL_003539,HISTORICAL,FLOOD,2019,9,2019-09-01 00:00:00,month,,,missing,Uttar Pradesh,,1.0,,17.0,,,,,,,,,,,,,
HIST_FL_003540,HIST_FL_003540,HISTORICAL,FLOOD,2019,9,2019-09-01 00:00:00,month,,,missing,West Bengal,,1.0,,2.0,,,,,,,,,,,,,
HIST_FL_003541,HIST_FL_003541,HISTORICAL,FLOOD,2019,10,2019-10-01 00:00:00,month,,,missing,Assam,,20.0,,88.0,,,,,,,,,,,,,
HIST_FL_003542,HIST_FL_003542,HISTORICAL,FLOOD,2019,10,2019-10-01 00:00:00,month,,,missing,Gujarat,,1.0,,4.0,,,,,,,,,,,,,
HIST_FL_003543,HIST_FL_003543,HISTORICAL,FLOOD,2019,10,2019-10-01 00:00:00,month,,,missing,Himachal Pradesh,,1.0,,,,,,,,,,,,,,,
HIST_FL_003544,HIST_FL_003544,HISTORICAL,FLOOD,2019,10,2019-10-01 00:00:00,month,,,missing,Karnataka,,2.0,,,,,,,,,,,,,,,
HIST_FL_003545,HIST_FL_003545,HISTORICAL,FLOOD,2019,10,2019-10-01 00:00:00,month,,,missing,Karnataka,,1.0,,3.0,,,,,,,,,,,,,
HIST_FL_003546,HIST_FL_003546,HISTORICAL,FLOOD,2019,10,2019-10-01 00:00:00,month,,,missing,Karnataka,,3.0,,3.0,,,,,,,,,,,,,
HIST_FL_003547,HIST_FL_003547,HISTORICAL,FLOOD,2019,10,2019-10-01 00:00:00,month,,,missing,Karnataka,,1.0,,2.0,,,,,,,,,,,,,
HIST_FL_003548,HIST_FL_003548,HISTORICAL,FLOOD,2019,10,2019-10-01 00:00:00,month,,,missing,Kerala,,1.0,,,,,,,,,,,,,,,
HIST_FL_003549,HIST_FL_003549,HISTORICAL,FLOOD,2019,10,2019-10-01 00:00:00,month,,,missing,Kerala,,1.0,,8.0,,,,,,,,,,,,,
HIST_FL_003550,HIST_FL_003550,HISTORICAL,FLOOD,2019,10,2019-10-01 00:00:00,month,,,missing,Kerala,,1.0,,,,,,,,,,,,,,,
HIST_FL_003551,HIST_FL_003551,HISTORICAL,FLOOD,2019,10,2019-10-01 00:00:00,month,,,missing,Kerala,,1.0,,1.0,,,,,,,,,,,,,
HIST_FL_003552,HIST_FL_003552,HISTORICAL,FLOOD,2019,10,2019-10-01 00:00:00,month,,,missing,Kerala,,1.0,,,,,,,,,,,,,,,
HIST_FL_003553,HIST_FL_003553,HISTORICAL,FLOOD,2019,10,2019-10-01 00:00:00,month,,,missing,Kerala,,2.0,,,,,,,,,,,,,,,
HIST_FL_003554,HIST_FL_003554,HISTORICAL,FLOOD,2019,10,2019-10-01 00:00:00,month,,,missing,Kerala,,1.0,,,,,,,,,,,,,,,
HIST_FL_003555,HIST_FL_003555,HISTORICAL,FLOOD,2019,10,2019-10-01 00:00:00,month,,,missing,Maharashtra,,1.0,,,,,,,,,,,,,,,
HIST_FL_003556,HIST_FL_003556,HISTORICAL,FLOOD,2019,10,2019-10-01 00:00:00,month,,,missing,Telangana,,1.0,,10.0,,,,,,,,,,,,,
HIST_FL_003557,HIST_FL_003557,HISTORICAL,FLOOD,2019,11,2019-11-01 00:00:00,month,,,missing,Bihar,,1.0,,4.0,,,,,,,,,,,,,
HIST_FL_003558,HIST_FL_003558,HISTORICAL,FLOOD,2019,11,2019-11-01 00:00:00,month,,,missing,Jammu and Kashmir,,1.0,,1.0,,,,,,,,,,,,,
HIST_FL_003559,HIST_FL_003559,HISTORICAL,FLOOD,2019,11,2019-11-01 00:00:00,month,,,missing,Kerala,,4.0,,2.0,,,,,,,,,,,,,
HIST_FL_003560,HIST_FL_003560,HISTORICAL,FLOOD,2019,11,2019-11-01 00:00:00,month,,,missing,Kerala,,2.0,,,,,,,,,,,,,,,
HIST_FL_003561,HIST_FL_003561,HISTORICAL,FLOOD,2019,11,2019-11-01 00:00:00,month,,,missing,Kerala,,1.0,,3.0,,,,,,,,,,,,,
HIST_FL_003562,HIST_FL_003562,HISTORICAL,FLOOD,2019,11,2019-11-01 00:00:00,month,,,missing,Odisha,,10.0,,7.0,,,,,,,,,,,,,
HIST_FL_003563,HIST_FL_003563,HISTORICAL,FLOOD,2019,11,2019-11-01 00:00:00,month,,,missing,Tamil Nadu,,1.0,,1.0,,,,,,,,,,,,,
HIST_FL_003564,HIST_FL_003564,HISTORICAL,FLOOD,2019,12,2019-12-01 00:00:00,month,,,missing,Bihar,,3.0,,63.0,,,,,,,,,,,,,
HIST_FL_003565,HIST_FL_003565,HISTORICAL,FLOOD,2019,12,2019-12-01 00:00:00,month,,,missing,Gujarat,,1.0,,5.0,,,,,,,,,,,,,
HIST_FL_003566,HIST_FL_003566,HISTORICAL,FLOOD,2019,12,2019-12-01 00:00:00,month,,,missing,Jammu and Kashmir,,1.0,,,,,,,,,,,,,,,
HIST_FL_003567,HIST_FL_003567,HISTORICAL,FLOOD,2019,12,2019-12-01 00:00:00,month,,,missing,Kerala,,1.0,,,,,,,,,,,,,,,
HIST_FL_003568,HIST_FL_003568,HISTORICAL,FLOOD,2019,12,2019-12-01 00:00:00,month,,,missing,Kerala,,1.0,,,,,,,,,,,,,,,
HIST_FL_003569,HIST_FL_003569,HISTORICAL,FLOOD,2019,12,2019-12-01 00:00:00,month,,,missing,Uttarakhand,,1.0,,6.0,,,,,,,,,,,,,
HIST_FL_003570,HIST_FL_003570,HISTORICAL,FLOOD,2020,1,2020-01-01 00:00:00,month,,,missing,Assam,,30.0,,27.0,,,,,,,,,,,,,
HIST_FL_003571,HIST_FL_003571,HISTORICAL,FLOOD,2020,1,2020-01-01 00:00:00,month,,,missing,Assam,,31.0,,81.0,,,,,,,,,,,,,
HIST_FL_003572,HIST_FL_003572,HISTORICAL,FLOOD,2020,1,2020-01-01 00:00:00,month,,,missing,Assam,,31.0,,4.0,,,,,,,,,,,,,
HIST_FL_003573,HIST_FL_003573,HISTORICAL,FLOOD,2020,1,2020-01-01 00:00:00,month,,,missing,Assam,,30.0,,7.0,,,,,,,,,,,,,
HIST_FL_003574,HIST_FL_003574,HISTORICAL,FLOOD,2020,1,2020-01-01 00:00:00,month,,,missing,Assam,,31.0,,4.0,,,,,,,,,,,,,
HIST_FL_003575,HIST_FL_003575,HISTORICAL,FLOOD,2020,1,2020-01-01 00:00:00,month,,,missing,Bihar,,20.0,,27.0,,,,,,,,,,,,,
HIST_FL_003576,HIST_FL_003576,HISTORICAL,FLOOD,2020,1,2020-01-01 00:00:00,month,,,missing,Gujarat,,37.0,,74.0,,,,,,,,,,,,,
HIST_FL_003577,HIST_FL_003577,HISTORICAL,FLOOD,2020,1,2020-01-01 00:00:00,month,,,missing,Karnataka,,30.0,,12.0,,,,,,,,,,,,,
HIST_FL_003578,HIST_FL_003578,HISTORICAL,FLOOD,2020,1,2020-01-01 00:00:00,month,,,missing,Karnataka,,31.0,,32.0,,,,,,,,,,,,,
HIST_FL_003579,HIST_FL_003579,HISTORICAL,FLOOD,2020,1,2020-01-01 00:00:00,month,,,missing,Karnataka,,30.0,,11.0,,,,,,,,,,,,,
HIST_FL_003580,HIST_FL_003580,HISTORICAL,FLOOD,2020,1,2020-01-01 00:00:00,month,,,missing,Karnataka,,31.0,,23.0,,,,,,,,,,,,,
HIST_FL_003581,HIST_FL_003581,HISTORICAL,FLOOD,2020,1,2020-01-01 00:00:00,month,,,missing,Karnataka,,31.0,,43.0,,,,,,,,,,,,,
HIST_FL_003582,HIST_FL_003582,HISTORICAL,FLOOD,2020,1,2020-01-01 00:00:00,month,,,missing,Karnataka,,30.0,,22.0,,,,,,,,,,,,,
HIST_FL_003583,HIST_FL_003583,HISTORICAL,FLOOD,2020,1,2020-01-01 00:00:00,month,,,missing,Karnataka,,31.0,,5.0,,,,,,,,,,,,,
HIST_FL_003584,HIST_FL_003584,HISTORICAL,FLOOD,2020,1,2020-01-01 00:00:00,month,,,missing,Maharashtra,,1.0,,,,,,,,,,,,,,,
HIST_FL_003585,HIST_FL_003585,HISTORICAL,FLOOD,2020,1,2020-01-01 00:00:00,month,,,missing,Maharashtra,,1.0,,,,,,,,,,,,,,,
HIST_FL_003586,HIST_FL_003586,HISTORICAL,FLOOD,2020,1,2020-01-01 00:00:00,month,,,missing,Punjab,,7.0,,2.0,,,,,,,,,,,,,
HIST_FL_003587,HIST_FL_003587,HISTORICAL,FLOOD,2020,1,2020-01-01 00:00:00,month,,,missing,Telangana,,20.0,,61.0,,,,,,,,,,,,,
HIST_FL_003588,HIST_FL_003588,HISTORICAL,FLOOD,2020,1,2020-01-01 00:00:00,month,,,missing,West Bengal,,37.0,,90.0,,,,,,,,,,,,,
HIST_FL_003589,HIST_FL_003589,HISTORICAL,FLOOD,2020,2,2020-02-01 00:00:00,month,,,missing,Jammu and Kashmir,,1.0,,2.0,,,,,,,,,,,,,
HIST_FL_003590,HIST_FL_003590,HISTORICAL,FLOOD,2020,2,2020-02-01 00:00:00,month,,,missing,Kerala,,2.0,,,,,,,,,,,,,,,
HIST_FL_003591,HIST_FL_003591,HISTORICAL,FLOOD,2020,2,2020-02-01 00:00:00,month,,,missing,Kerala,,3.0,,,,,,,,,,,,,,,
HIST_FL_003592,HIST_FL_003592,HISTORICAL,FLOOD,2020,2,2020-02-01 00:00:00,month,,,missing,Maharashtra,,1.0,,,,,,,,,,,,,,,
HIST_FL_003593,HIST_FL_003593,HISTORICAL,FLOOD,2020,2,2020-02-01 00:00:00,month,,,missing,Sikkim,,1.0,,2.0,,,,,,,,,,,,,
HIST_FL_003594,HIST_FL_003594,HISTORICAL,FLOOD,2020,3,2020-03-01 00:00:00,month,,,missing,Andhra Pradesh,,1.0,,,,,,,,,,,,,,,
HIST_FL_003595,HIST_FL_003595,HISTORICAL,FLOOD,2020,3,2020-03-01 00:00:00,month,,,missing,Jammu and Kashmir,,1.0,,,,,,,,,,,,,,,
HIST_FL_003596,HIST_FL_003596,HISTORICAL,FLOOD,2020,3,2020-03-01 00:00:00,month,,,missing,Jammu and Kashmir,,1.0,,,,,,,,,,,,,,,
HIST_FL_003597,HIST_FL_003597,HISTORICAL,FLOOD,2020,3,2020-03-01 00:00:00,month,,,missing,Jharkhand,,1.0,,4.0,,,,,,,,,,,,,
HIST_FL_003598,HIST_FL_003598,HISTORICAL,FLOOD,2020,3,2020-03-01 00:00:00,month,,,missing,Kerala,,1.0,,,,,,,,,,,,,,,
HIST_FL_003599,HIST_FL_003599,HISTORICAL,FLOOD,2020,3,2020-03-01 00:00:00,month,,,missing,Kerala,,1.0,,1.0,,,,,,,,,,,,,
HIST_FL_003600,HIST_FL_003600,HISTORICAL,FLOOD,2020,3,2020-03-01 00:00:00,month,,,missing,Maharashtra,,1.0,,,,,,,,,,,,,,,
HIST_FL_003601,HIST_FL_003601,HISTORICAL,FLOOD,2020,3,2020-03-01 00:00:00,month,,,missing,Maharashtra,,2.0,,,,,,,,,,,,,,,
HIST_FL_003602,HIST_FL_003602,HISTORICAL,FLOOD,2020,3,2020-03-01 00:00:00,month,,,missing,Maharashtra,,5.0,,,,,,,,,,,,,,,
HIST_FL_003603,HIST_FL_003603,HISTORICAL,FLOOD,2020,3,2020-03-01 00:00:00,month,,,missing,Nagaland,,4.0,,7.0,,,,,,,,,,,,,
HIST_FL_003604,HIST_FL_003604,HISTORICAL,FLOOD,2020,3,2020-03-01 00:00:00,month,,,missing,West Bengal,,1.0,,3.0,,,,,,,,,,,,,
HIST_FL_003605,HIST_FL_003605,HISTORICAL,FLOOD,2020,4,2020-04-01 00:00:00,month,,,missing,Jammu and Kashmir,,1.0,,2.0,,,,,,,,,,,,,
HIST_FL_003606,HIST_FL_003606,HISTORICAL,FLOOD,2020,4,2020-04-01 00:00:00,month,,,missing,Jammu and Kashmir,,1.0,,4.0,,,,,,,,,,,,,
HIST_FL_003607,HIST_FL_003607,HISTORICAL,FLOOD,2020,4,2020-04-01 00:00:00,month,,,missing,Jharkhand,,1.0,,,,,,,,,,,,,,,
HIST_FL_003608,HIST_FL_003608,HISTORICAL,FLOOD,2020,4,2020-04-01 00:00:00,month,,,missing,Kerala,,2.0,,,,,,,,,,,,,,,
HIST_FL_003609,HIST_FL_003609,HISTORICAL,FLOOD,2020,4,2020-04-01 00:00:00,month,,,missing,Maharashtra,,3.0,,2.0,,,,,,,,,,,,,
HIST_FL_003610,HIST_FL_003610,HISTORICAL,FLOOD,2020,5,2020-05-01 00:00:00,month,,,missing,Arunachal Pradesh,,1.0,,3.0,,,,,,,,,,,,,
HIST_FL_003611,HIST_FL_003611,HISTORICAL,FLOOD,2020,5,2020-05-01 00:00:00,month,,,missing,Assam,,7.0,,6.0,,,,,,,,,,,,,
HIST_FL_003612,HIST_FL_003612,HISTORICAL,FLOOD,2020,5,2020-05-01 00:00:00,month,,,missing,Kerala,,2.0,,,,,,,,,,,,,,,
HIST_FL_003613,HIST_FL_003613,HISTORICAL,FLOOD,2020,5,2020-05-01 00:00:00,month,,,missing,Kerala,,1.0,,,,,,,,,,,,,,,
HIST_FL_003614,HIST_FL_003614,HISTORICAL,FLOOD,2020,5,2020-05-01 00:00:00,month,,,missing,Kerala,,1.0,,2.0,,,,,,,,,,,,,
HIST_FL_003615,HIST_FL_003615,HISTORICAL,FLOOD,2020,5,2020-05-01 00:00:00,month,,,missing,Maharashtra,,4.0,,,,,,,,,,,,,,,
HIST_FL_003616,HIST_FL_003616,HISTORICAL,FLOOD,2020,5,2020-05-01 00:00:00,month,,,missing,Meghalaya,,1.0,,1.0,,,,,,,,,,,,,
HIST_FL_003617,HIST_FL_003617,HISTORICAL,FLOOD,2020,5,2020-05-01 00:00:00,month,,,missing,Rajasthan,,1.0,,2.0,,,,,,,,,,,,,
HIST_FL_003618,HIST_FL_003618,HISTORICAL,FLOOD,2020,5,2020-05-01 00:00:00,month,,,missing,Sikkim,,1.0,,1.0,,,,,,,,,,,,,
HIST_FL_003619,HIST_FL_003619,HISTORICAL,FLOOD,2020,6,2020-06-01 00:00:00,month,,,missing,Andhra Pradesh,,3.0,,2.0,,,,,,,,,,,,,
HIST_FL_003620,HIST_FL_003620,HISTORICAL,FLOOD,2020,6,2020-06-01 00:00:00,month,,,missing,Arunachal Pradesh,,3.0,,1.0,,,,,,,,,,,,,
HIST_FL_003621,HIST_FL_003621,HISTORICAL,FLOOD,2020,6,2020-06-01 00:00:00,month,,,missing,Chhattisgarh,,1.0,,,,,,,,,,,,,,,
HIST_FL_003622,HIST_FL_003622,HISTORICAL,FLOOD,2020,6,2020-06-01 00:00:00,month,,,missing,Himachal Pradesh,,99.0,,32.0,,,,,,,,,,,,,
HIST_FL_003623,HIST_FL_003623,HISTORICAL,FLOOD,2020,6,2020-06-01 00:00:00,month,,,missing,Himachal Pradesh,,1.0,,2.0,,,,,,,,,,,,,
HIST_FL_003624,HIST_FL_003624,HISTORICAL,FLOOD,2020,6,2020-06-01 00:00:00,month,,,missing,Jammu and Kashmir,,1.0,,,,,,,,,,,,,,,
HIST_FL_003625,HIST_FL_003625,HISTORICAL,FLOOD,2020,6,2020-06-01 00:00:00,month,,,missing,Jharkhand,,1.0,,,,,,,,,,,,,,,
HIST_FL_003626,HIST_FL_003626,HISTORICAL,FLOOD,2020,6,2020-06-01 00:00:00,month,,,missing,Kerala,,1.0,,65.0,,,,,,,,,,,,,
HIST_FL_003627,HIST_FL_003627,HISTORICAL,FLOOD,2020,6,2020-06-01 00:00:00,month,,,missing,Kerala,,1.0,,,,,,,,,,,,,,,
HIST_FL_003628,HIST_FL_003628,HISTORICAL,FLOOD,2020,6,2020-06-01 00:00:00,month,,,missing,Kerala,,1.0,,,,,,,,,,,,,,,
HIST_FL_003629,HIST_FL_003629,HISTORICAL,FLOOD,2020,6,2020-06-01 00:00:00,month,,,missing,Kerala,,2.0,,,,,,,,,,,,,,,
HIST_FL_003630,HIST_FL_003630,HISTORICAL,FLOOD,2020,6,2020-06-01 00:00:00,month,,,missing,Maharashtra,,1.0,,1.0,,,,,,,,,,,,,
HIST_FL_003631,HIST_FL_003631,HISTORICAL,FLOOD,2020,6,2020-06-01 00:00:00,month,,,missing,Maharashtra,,1.0,,,,,,,,,,,,,,,
HIST_FL_003632,HIST_FL_003632,HISTORICAL,FLOOD,2020,6,2020-06-01 00:00:00,month,,,missing,Sikkim,,1.0,,2.0,,,,,,,,,,,,,
HIST_FL_003633,HIST_FL_003633,HISTORICAL,FLOOD,2020,6,2020-06-01 00:00:00,month,,,missing,Sikkim,,3.0,,,,,,,,,,,,,,,
HIST_FL_003634,HIST_FL_003634,HISTORICAL,FLOOD,2020,6,2020-06-01 00:00:00,month,,,missing,Sikkim,,1.0,,,,,,,,,,,,,,,
HIST_FL_003635,HIST_FL_003635,HISTORICAL,FLOOD,2020,6,2020-06-01 00:00:00,month,,,missing,Uttar Pradesh,,1.0,,3.0,,,,,,,,,,,,,
HIST_FL_003636,HIST_FL_003636,HISTORICAL,FLOOD,2020,6,2020-06-01 00:00:00,month,,,missing,Uttar Pradesh,,2.0,,7.0,,,,,,,,,,,,,
HIST_FL_003637,HIST_FL_003637,HISTORICAL,FLOOD,2020,7,2020-07-01 00:00:00,month,,,missing,Bihar,,1.0,,27.0,,,,,,,,,,,,,
HIST_FL_003638,HIST_FL_003638,HISTORICAL,FLOOD,2020,7,2020-07-01 00:00:00,month,,,missing,Delhi,,1.0,,1.0,,,,,,,,,,,,,
HIST_FL_003639,HIST_FL_003639,HISTORICAL,FLOOD,2020,7,2020-07-01 00:00:00,month,,,missing,Kerala,,2.0,,,,,,,,,,,,,,,
HIST_FL_003640,HIST_FL_003640,HISTORICAL,FLOOD,2020,7,2020-07-01 00:00:00,month,,,missing,Kerala,,1.0,,2.0,,,,,,,,,,,,,
HIST_FL_003641,HIST_FL_003641,HISTORICAL,FLOOD,2020,7,2020-07-01 00:00:00,month,,,missing,Maharashtra,,3.0,,,,,,,,,,,,,,,
HIST_FL_003642,HIST_FL_003642,HISTORICAL,FLOOD,2020,7,2020-07-01 00:00:00,month,,,missing,Maharashtra,,1.0,,4.0,,,,,,,,,,,,,
HIST_FL_003643,HIST_FL_003643,HISTORICAL,FLOOD,2020,7,2020-07-01 00:00:00,month,,,missing,Maharashtra,,1.0,,,,,,,,,,,,,,,
HIST_FL_003644,HIST_FL_003644,HISTORICAL,FLOOD,2020,7,2020-07-01 00:00:00,month,,,missing,Maharashtra,,3.0,,,,,,,,,,,,,,,
HIST_FL_003645,HIST_FL_003645,HISTORICAL,FLOOD,2020,7,2020-07-01 00:00:00,month,,,missing,Maharashtra,,2.0,,,,,,,,,,,,,,,
HIST_FL_003646,HIST_FL_003646,HISTORICAL,FLOOD,2020,7,2020-07-01 00:00:00,month,,,missing,Maharashtra,,3.0,,,,,,,,,,,,,,,
HIST_FL_003647,HIST_FL_003647,HISTORICAL,FLOOD,2020,7,2020-07-01 00:00:00,month,,,missing,Odisha,,16.0,,38.0,,,,,,,,,,,,,
HIST_FL_003648,HIST_FL_003648,HISTORICAL,FLOOD,2020,7,2020-07-01 00:00:00,month,,,missing,Uttarakhand,,1.0,,4.0,,,,,,,,,,,,,
HIST_FL_003649,HIST_FL_003649,HISTORICAL,FLOOD,2020,7,2020-07-01 00:00:00,month,,,missing,Uttarakhand,,2.0,,3.0,,,,,,,,,,,,,
HIST_FL_003650,HIST_FL_003650,HISTORICAL,FLOOD,2020,8,2020-08-01 00:00:00,month,,,missing,Chhattisgarh,,2.0,,,,,,,,,,,,,,,
HIST_FL_003651,HIST_FL_003651,HISTORICAL,FLOOD,2020,8,2020-08-01 00:00:00,month,,,missing,Gujarat,,2.0,,7.0,,,,,,,,,,,,,
HIST_FL_003652,HIST_FL_003652,HISTORICAL,FLOOD,2020,8,2020-08-01 00:00:00,month,,,missing,Gujarat,,1.0,,9.0,,,,,,,,,,,,,
HIST_FL_003653,HIST_FL_003653,HISTORICAL,FLOOD,2020,8,2020-08-01 00:00:00,month,,,missing,Gujarat,,1.0,,12.0,,,,,,,,,,,,,
HIST_FL_003654,HIST_FL_003654,HISTORICAL,FLOOD,2020,8,2020-08-01 00:00:00,month,,,missing,Gujarat,,1.0,,2.0,,,,,,,,,,,,,
HIST_FL_003655,HIST_FL_003655,HISTORICAL,FLOOD,2020,8,2020-08-01 00:00:00,month,,,missing,Haryana,,1.0,,1.0,,,,,,,,,,,,,
HIST_FL_003656,HIST_FL_003656,HISTORICAL,FLOOD,2020,8,2020-08-01 00:00:00,month,,,missing,Himachal Pradesh,,1.0,,2.0,,,,,,,,,,,,,
HIST_FL_003657,HIST_FL_003657,HISTORICAL,FLOOD,2020,8,2020-08-01 00:00:00,month,,,missing,Himachal Pradesh,,2.0,,,,,,,,,,,,,,,
HIST_FL_003658,HIST_FL_003658,HISTORICAL,FLOOD,2020,8,2020-08-01 00:00:00,month,,,missing,Himachal Pradesh,,1.0,,2.0,,,,,,,,,,,,,
HIST_FL_003659,HIST_FL_003659,HISTORICAL,FLOOD,2020,8,2020-08-01 00:00:00,month,,,missing,Jammu and Kashmir,,1.0,,2.0,,,,,,,,,,,,,
HIST_FL_003660,HIST_FL_003660,HISTORICAL,FLOOD,2020,8,2020-08-01 00:00:00,month,,,missing,Jammu and Kashmir,,1.0,,2.0,,,,,,,,,,,,,
HIST_FL_003661,HIST_FL_003661,HISTORICAL,FLOOD,2020,8,2020-08-01 00:00:00,month,,,missing,Kerala,,1.0,,,,,,,,,,,,,,,
HIST_FL_003662,HIST_FL_003662,HISTORICAL,FLOOD,2020,8,2020-08-01 00:00:00,month,,,missing,Madhya Pradesh,,4.0,,10.0,,,,,,,,,,,,,
HIST_FL_003663,HIST_FL_003663,HISTORICAL,FLOOD,2020,8,2020-08-01 00:00:00,month,,,missing,Maharashtra,,2.0,,,,,,,,,,,,,,,
HIST_FL_003664,HIST_FL_003664,HISTORICAL,FLOOD,2020,8,2020-08-01 00:00:00,month,,,missing,Maharashtra,,2.0,,,,,,,,,,,,,,,
HIST_FL_003665,HIST_FL_003665,HISTORICAL,FLOOD,2020,8,2020-08-01 00:00:00,month,,,missing,Maharashtra,,4.0,,,,,,,,,,,,,,,
HIST_FL_003666,HIST_FL_003666,HISTORICAL,FLOOD,2020,8,2020-08-01 00:00:00,month,,,missing,Maharashtra,,3.0,,1.0,,,,,,,,,,,,,
HIST_FL_003667,HIST_FL_003667,HISTORICAL,FLOOD,2020,8,2020-08-01 00:00:00,month,,,missing,Rajasthan,,1.0,,5.0,,,,,,,,,,,,,
HIST_FL_003668,HIST_FL_003668,HISTORICAL,FLOOD,2020,8,2020-08-01 00:00:00,month,,,missing,Rajasthan,,1.0,,7.0,,,,,,,,,,,,,
HIST_FL_003669,HIST_FL_003669,HISTORICAL,FLOOD,2020,8,2020-08-01 00:00:00,month,,,missing,Rajasthan,,1.0,,4.0,,,,,,,,,,,,,
HIST_FL_003670,HIST_FL_003670,HISTORICAL,FLOOD,2020,8,2020-08-01 00:00:00,month,,,missing,Telangana,,1.0,,1.0,,,,,,,,,,,,,
HIST_FL_003671,HIST_FL_003671,HISTORICAL,FLOOD,2020,8,2020-08-01 00:00:00,month,,,missing,Uttarakhand,,1.0,,1.0,,,,,,,,,,,,,
HIST_FL_003672,HIST_FL_003672,HISTORICAL,FLOOD,2020,8,2020-08-01 00:00:00,month,,,missing,Uttar Pradesh,,1.0,,,,,,,,,,,,,,,
HIST_FL_003673,HIST_FL_003673,HISTORICAL,FLOOD,2020,8,2020-08-01 00:00:00,month,,,missing,Uttar Pradesh,,1.0,,14.0,,,,,,,,,,,,,
HIST_FL_003674,HIST_FL_003674,HISTORICAL,FLOOD,2020,8,2020-08-01 00:00:00,month,,,missing,West Bengal,,13.0,,52.0,,,,,,,,,,,,,
HIST_FL_003675,HIST_FL_003675,HISTORICAL,FLOOD,2020,9,2020-09-01 00:00:00,month,,,missing,Andhra Pradesh,,1.0,,1.0,,,,,,,,,,,,,
HIST_FL_003676,HIST_FL_003676,HISTORICAL,FLOOD,2020,9,2020-09-01 00:00:00,month,,,missing,Andhra Pradesh,,1.0,,3.0,,,,,,,,,,,,,
HIST_FL_003677,HIST_FL_003677,HISTORICAL,FLOOD,2020,9,2020-09-01 00:00:00,month,,,missing,Andhra Pradesh,,1.0,,1.0,,,,,,,,,,,,,
HIST_FL_003678,HIST_FL_003678,HISTORICAL,FLOOD,2020,9,2020-09-01 00:00:00,month,,,missing,Andhra Pradesh,,1.0,,1.0,,,,,,,,,,,,,
HIST_FL_003679,HIST_FL_003679,HISTORICAL,FLOOD,2020,9,2020-09-01 00:00:00,month,,,missing,Jammu and Kashmir,,1.0,,1.0,,,,,,,,,,,,,
HIST_FL_003680,HIST_FL_003680,HISTORICAL,FLOOD,2020,9,2020-09-01 00:00:00,month,,,missing,Kerala,,1.0,,2.0,,,,,,,,,,,,,
HIST_FL_003681,HIST_FL_003681,HISTORICAL,FLOOD,2020,9,2020-09-01 00:00:00,month,,,missing,Kerala,,1.0,,,,,,,,,,,,,,,
HIST_FL_003682,HIST_FL_003682,HISTORICAL,FLOOD,2020,9,2020-09-01 00:00:00,month,,,missing,Kerala,,1.0,,2.0,,,,,,,,,,,,,
HIST_FL_003683,HIST_FL_003683,HISTORICAL,FLOOD,2020,9,2020-09-01 00:00:00,month,,,missing,Kerala,,1.0,,1.0,,,,,,,,,,,,,
HIST_FL_003684,HIST_FL_003684,HISTORICAL,FLOOD,2020,9,2020-09-01 00:00:00,month,,,missing,Kerala,,1.0,,,,,,,,,,,,,,,
HIST_FL_003685,HIST_FL_003685,HISTORICAL,FLOOD,2020,9,2020-09-01 00:00:00,month,,,missing,Kerala,,1.0,,,,,,,,,,,,,,,
HIST_FL_003686,HIST_FL_003686,HISTORICAL,FLOOD,2020,9,2020-09-01 00:00:00,month,,,missing,Madhya Pradesh,,1.0,,,,,,,,,,,,,,,
HIST_FL_003687,HIST_FL_003687,HISTORICAL,FLOOD,2020,9,2020-09-01 00:00:00,month,,,missing,Madhya Pradesh,,1.0,,,,,,,,,,,,,,,
HIST_FL_003688,HIST_FL_003688,HISTORICAL,FLOOD,2020,9,2020-09-01 00:00:00,month,,,missing,Maharashtra,,1.0,,,,,,,,,,,,,,,
HIST_FL_003689,HIST_FL_003689,HISTORICAL,FLOOD,2020,9,2020-09-01 00:00:00,month,,,missing,Maharashtra,,1.0,,,,,,,,,,,,,,,
HIST_FL_003690,HIST_FL_003690,HISTORICAL,FLOOD,2020,9,2020-09-01 00:00:00,month,,,missing,Maharashtra,,6.0,,10.0,,,,,,,,,,,,,
HIST_FL_003691,HIST_FL_003691,HISTORICAL,FLOOD,2020,9,2020-09-01 00:00:00,month,,,missing,Maharashtra,,1.0,,1.0,,,,,,,,,,,,,
HIST_FL_003692,HIST_FL_003692,HISTORICAL,FLOOD,2020,9,2020-09-01 00:00:00,month,,,missing,Maharashtra,,1.0,,,,,,,,,,,,,,,
HIST_FL_003693,HIST_FL_003693,HISTORICAL,FLOOD,2020,9,2020-09-01 00:00:00,month,,,missing,Maharashtra,,2.0,,,,,,,,,,,,,,,
HIST_FL_003694,HIST_FL_003694,HISTORICAL,FLOOD,2020,9,2020-09-01 00:00:00,month,,,missing,Meghalaya,,1.0,,5.0,,,,,,,,,,,,,
HIST_FL_003695,HIST_FL_003695,HISTORICAL,FLOOD,2020,9,2020-09-01 00:00:00,month,,,missing,Meghalaya,,1.0,,2.0,,,,,,,,,,,,,
HIST_FL_003696,HIST_FL_003696,HISTORICAL,FLOOD,2020,9,2020-09-01 00:00:00,month,,,missing,Meghalaya,,1.0,,2.0,,,,,,,,,,,,,
HIST_FL_003697,HIST_FL_003697,HISTORICAL,FLOOD,2020,9,2020-09-01 00:00:00,month,,,missing,Rajasthan,,1.0,,,,,,,,,,,,,,,
HIST_FL_003698,HIST_FL_003698,HISTORICAL,FLOOD,2020,9,2020-09-01 00:00:00,month,,,missing,Telangana,,1.0,,,,,,,,,,,,,,,
HIST_FL_003699,HIST_FL_003699,HISTORICAL,FLOOD,2020,9,2020-09-01 00:00:00,month,,,missing,Telangana,,1.0,,1.0,,,,,,,,,,,,,
HIST_FL_003700,HIST_FL_003700,HISTORICAL,FLOOD,2020,10,2020-10-01 00:00:00,month,,,missing,Andhra Pradesh,,2.0,,9.0,,,,,,,,,,,,,
HIST_FL_003701,HIST_FL_003701,HISTORICAL,FLOOD,2020,10,2020-10-01 00:00:00,month,,,missing,Andhra Pradesh,,1.0,,3.0,,,,,,,,,,,,,
HIST_FL_003702,HIST_FL_003702,HISTORICAL,FLOOD,2020,10,2020-10-01 00:00:00,month,,,missing,Arunachal Pradesh,,1.0,,8.0,,,,,,,,,,,,,
HIST_FL_003703,HIST_FL_003703,HISTORICAL,FLOOD,2020,10,2020-10-01 00:00:00,month,,,missing,Gujarat,,1.0,,2.0,,,,,,,,,,,,,
HIST_FL_003704,HIST_FL_003704,HISTORICAL,FLOOD,2020,10,2020-10-01 00:00:00,month,,,missing,Kerala,,1.0,,,,,,,,,,,,,,,
HIST_FL_003705,HIST_FL_003705,HISTORICAL,FLOOD,2020,10,2020-10-01 00:00:00,month,,,missing,Kerala,,1.0,,1.0,,,,,,,,,,,,,
HIST_FL_003706,HIST_FL_003706,HISTORICAL,FLOOD,2020,10,2020-10-01 00:00:00,month,,,missing,Maharashtra,,1.0,,,,,,,,,,,,,,,
HIST_FL_003707,HIST_FL_003707,HISTORICAL,FLOOD,2020,10,2020-10-01 00:00:00,month,,,missing,Maharashtra,,2.0,,1.0,,,,,,,,,,,,,
HIST_FL_003708,HIST_FL_003708,HISTORICAL,FLOOD,2020,10,2020-10-01 00:00:00,month,,,missing,Maharashtra,,6.0,,,,,,,,,,,,,,,
HIST_FL_003709,HIST_FL_003709,HISTORICAL,FLOOD,2020,10,2020-10-01 00:00:00,month,,,missing,Maharashtra,,1.0,,7.0,,,,,,,,,,,,,
HIST_FL_003710,HIST_FL_003710,HISTORICAL,FLOOD,2020,10,2020-10-01 00:00:00,month,,,missing,Maharashtra,,1.0,,,,,,,,,,,,,,,
HIST_FL_003711,HIST_FL_003711,HISTORICAL,FLOOD,2020,10,2020-10-01 00:00:00,month,,,missing,Maharashtra,,1.0,,3.0,,,,,,,,,,,,,
HIST_FL_003712,HIST_FL_003712,HISTORICAL,FLOOD,2020,10,2020-10-01 00:00:00,month,,,missing,Maharashtra,,1.0,,29.0,,,,,,,,,,,,,
HIST_FL_003713,HIST_FL_003713,HISTORICAL,FLOOD,2020,10,2020-10-01 00:00:00,month,,,missing,Maharashtra,,1.0,,,,,,,,,,,,,,,
HIST_FL_003714,HIST_FL_003714,HISTORICAL,FLOOD,2020,10,2020-10-01 00:00:00,month,,,missing,Maharashtra,,2.0,,,,,,,,,,,,,,,
HIST_FL_003715,HIST_FL_003715,HISTORICAL,FLOOD,2020,10,2020-10-01 00:00:00,month,,,missing,Maharashtra,,4.0,,,,,,,,,,,,,,,
HIST_FL_003716,HIST_FL_003716,HISTORICAL,FLOOD,2020,10,2020-10-01 00:00:00,month,,,missing,Meghalaya,,1.0,,2.0,,,,,,,,,,,,,
HIST_FL_003717,HIST_FL_003717,HISTORICAL,FLOOD,2020,10,2020-10-01 00:00:00,month,,,missing,Odisha,,1.0,,,,,,,,,,,,,,,
HIST_FL_003718,HIST_FL_003718,HISTORICAL,FLOOD,2020,11,2020-11-01 00:00:00,month,,,missing,Kerala,,1.0,,,,,,,,,,,,,,,
HIST_FL_003719,HIST_FL_003719,HISTORICAL,FLOOD,2020,11,2020-11-01 00:00:00,month,,,missing,Kerala,,1.0,,,,,,,,,,,,,,,
HIST_FL_003720,HIST_FL_003720,HISTORICAL,FLOOD,2020,11,2020-11-01 00:00:00,month,,,missing,Maharashtra,,7.0,,,,,,,,,,,,,,,
HIST_FL_003721,HIST_FL_003721,HISTORICAL,FLOOD,2020,12,2020-12-01 00:00:00,month,,,missing,Kerala,,1.0,,,,,,,,,,,,,,,
HIST_FL_003722,HIST_FL_003722,HISTORICAL,FLOOD,2020,12,2020-12-01 00:00:00,month,,,missing,Madhya Pradesh,,2.0,,,,,,,,,,,,,,,
HIST_FL_003723,HIST_FL_003723,HISTORICAL,FLOOD,2021,1,2021-01-01 00:00:00,month,,,missing,Kerala,,1.0,,,,,,,,,,,,,,,
HIST_FL_003724,HIST_FL_003724,HISTORICAL,FLOOD,2021,1,2021-01-01 00:00:00,month,,,missing,Kerala,,1.0,,,,,,,,,,,,,,,
HIST_FL_003725,HIST_FL_003725,HISTORICAL,FLOOD,2021,1,2021-01-01 00:00:00,month,,,missing,Maharashtra,,2.0,,,,,,,,,,,,,,,
HIST_FL_003726,HIST_FL_003726,HISTORICAL,FLOOD,2021,1,2021-01-01 00:00:00,month,,,missing,Maharashtra,,2.0,,,,,,,,,,,,,,,
HIST_FL_003727,HIST_FL_003727,HISTORICAL,FLOOD,2021,1,2021-01-01 00:00:00,month,,,missing,Maharashtra,,1.0,,,,,,,,,,,,,,,
HIST_FL_003728,HIST_FL_003728,HISTORICAL,FLOOD,2021,2,2021-02-01 00:00:00,month,,,missing,Maharashtra,,3.0,,,,,,,,,,,,,,,
HIST_FL_003729,HIST_FL_003729,HISTORICAL,FLOOD,2021,2,2021-02-01 00:00:00,month,,,missing,Maharashtra,,2.0,,,,,,,,,,,,,,,
HIST_FL_003730,HIST_FL_003730,HISTORICAL,FLOOD,2021,2,2021-02-01 00:00:00,month,,,missing,Maharashtra,,3.0,,,,,,,,,,,,,,,
HIST_FL_003731,HIST_FL_003731,HISTORICAL,FLOOD,2021,2,2021-02-01 00:00:00,month,,,missing,Puducherry,,1.0,,1.0,,,,,,,,,,,,,
HIST_FL_003732,HIST_FL_003732,HISTORICAL,FLOOD,2021,2,2021-02-01 00:00:00,month,,,missing,Uttarakhand,,1.0,,70.0,,,,,,,,,,,,,
HIST_FL_003733,HIST_FL_003733,HISTORICAL,FLOOD,2021,3,2021-03-01 00:00:00,month,,,missing,Jammu and Kashmir,,1.0,,1.0,,,,,,,,,,,,,
HIST_FL_003734,HIST_FL_003734,HISTORICAL,FLOOD,2021,3,2021-03-01 00:00:00,month,,,missing,Jammu and Kashmir,,1.0,,,,,,,,,,,,,,,
HIST_FL_003735,HIST_FL_003735,HISTORICAL,FLOOD,2021,3,2021-03-01 00:00:00,month,,,missing,Maharashtra,,2.0,,,,,,,,,,,,,,,
HIST_FL_003736,HIST_FL_003736,HISTORICAL,FLOOD,2021,4,2021-04-01 00:00:00,month,,,missing,Karnataka,,1.0,,,,,,,,,,,,,,,
HIST_FL_003737,HIST_FL_003737,HISTORICAL,FLOOD,2021,4,2021-04-01 00:00:00,month,,,missing,Karnataka,,2.0,,,,,,,,,,,,,,,
HIST_FL_003738,HIST_FL_003738,HISTORICAL,FLOOD,2021,4,2021-04-01 00:00:00,month,,,missing,Karnataka,,2.0,,1.0,,,,,,,,,,,,,
HIST_FL_003739,HIST_FL_003739,HISTORICAL,FLOOD,2021,4,2021-04-01 00:00:00,month,,,missing,Kerala,,1.0,,,,,,,,,,,,,,,
HIST_FL_003740,HIST_FL_003740,HISTORICAL,FLOOD,2021,4,2021-04-01 00:00:00,month,,,missing,Kerala,,1.0,,,,,,,,,,,,,,,
HIST_FL_003741,HIST_FL_003741,HISTORICAL,FLOOD,2021,4,2021-04-01 00:00:00,month,,,missing,Kerala,,2.0,,,,,,,,,,,,,,,
HIST_FL_003742,HIST_FL_003742,HISTORICAL,FLOOD,2021,4,2021-04-01 00:00:00,month,,,missing,Kerala,,1.0,,,,,,,,,,,,,,,
HIST_FL_003743,HIST_FL_003743,HISTORICAL,FLOOD,2021,4,2021-04-01 00:00:00,month,,,missing,Kerala,,1.0,,,,,,,,,,,,,,,
HIST_FL_003744,HIST_FL_003744,HISTORICAL,FLOOD,2021,4,2021-04-01 00:00:00,month,,,missing,Kerala,,1.0,,,,,,,,,,,,,,,
HIST_FL_003745,HIST_FL_003745,HISTORICAL,FLOOD,2021,4,2021-04-01 00:00:00,month,,,missing,Kerala,,2.0,,,,,,,,,,,,,,,
HIST_FL_003746,HIST_FL_003746,HISTORICAL,FLOOD,2021,4,2021-04-01 00:00:00,month,,,missing,Kerala,,1.0,,,,,,,,,,,,,,,
HIST_FL_003747,HIST_FL_003747,HISTORICAL,FLOOD,2021,4,2021-04-01 00:00:00,month,,,missing,Maharashtra,,1.0,,,,,,,,,,,,,,,
HIST_FL_003748,HIST_FL_003748,HISTORICAL,FLOOD,2021,4,2021-04-01 00:00:00,month,,,missing,Sikkim,,1.0,,,,,,,,,,,,,,,
HIST_FL_003749,HIST_FL_003749,HISTORICAL,FLOOD,2021,5,2021-05-01 00:00:00,month,,,missing,Jammu and Kashmir,,1.0,,1.0,,,,,,,,,,,,,
HIST_FL_003750,HIST_FL_003750,HISTORICAL,FLOOD,2021,5,2021-05-01 00:00:00,month,,,missing,Jammu and Kashmir,,1.0,,,,,,,,,,,,,,,
HIST_FL_003751,HIST_FL_003751,HISTORICAL,FLOOD,2021,5,2021-05-01 00:00:00,month,,,missing,Kerala,,1.0,,,,,,,,,,,,,,,
HIST_FL_003752,HIST_FL_003752,HISTORICAL,FLOOD,2021,5,2021-05-01 00:00:00,month,,,missing,Kerala,,1.0,,,,,,,,,,,,,,,
HIST_FL_003753,HIST_FL_003753,HISTORICAL,FLOOD,2021,5,2021-05-01 00:00:00,month,,,missing,Kerala,,1.0,,,,,,,,,,,,,,,
HIST_FL_003754,HIST_FL_003754,HISTORICAL,FLOOD,2021,5,2021-05-01 00:00:00,month,,,missing,Kerala,,3.0,,3.0,,,,,,,,,,,,,
HIST_FL_003755,HIST_FL_003755,HISTORICAL,FLOOD,2021,5,2021-05-01 00:00:00,month,,,missing,Maharashtra,,1.0,,,,,,,,,,,,,,,
HIST_FL_003756,HIST_FL_003756,HISTORICAL,FLOOD,2021,5,2021-05-01 00:00:00,month,,,missing,Maharashtra,,1.0,,,,,,,,,,,,,,,
HIST_FL_003757,HIST_FL_003757,HISTORICAL,FLOOD,2021,5,2021-05-01 00:00:00,month,,,missing,Maharashtra,,5.0,,,,,,,,,,,,,,,
HIST_FL_003758,HIST_FL_003758,HISTORICAL,FLOOD,2021,5,2021-05-01 00:00:00,month,,,missing,Uttarakhand,,1.0,,,,,,,,,,,,,,,
HIST_FL_003759,HIST_FL_003759,HISTORICAL,FLOOD,2021,5,2021-05-01 00:00:00,month,,,missing,West Bengal,,1.0,,1.0,,,,,,,,,,,,,
HIST_FL_003760,HIST_FL_003760,HISTORICAL,FLOOD,2021,5,2021-05-01 00:00:00,month,,,missing,West Bengal,,1.0,,,,,,,,,,,,,,,
HIST_FL_003761,HIST_FL_003761,HISTORICAL,FLOOD,2021,6,2021-06-01 00:00:00,month,,,missing,Assam,,30.0,,,,,,,,,,,,,,,
HIST_FL_003762,HIST_FL_003762,HISTORICAL,FLOOD,2021,6,2021-06-01 00:00:00,month,,,missing,Bihar,,1.0,,,,,,,,,,,,,,,
HIST_FL_003763,HIST_FL_003763,HISTORICAL,FLOOD,2021,6,2021-06-01 00:00:00,month,,,missing,Jammu and Kashmir,,1.0,,,,,,,,,,,,,,,
HIST_FL_003764,HIST_FL_003764,HISTORICAL,FLOOD,2021,6,2021-06-01 00:00:00,month,,,missing,Kerala,,1.0,,,,,,,,,,,,,,,
HIST_FL_003765,HIST_FL_003765,HISTORICAL,FLOOD,2021,6,2021-06-01 00:00:00,month,,,missing,Kerala,,2.0,,,,,,,,,,,,,,,
HIST_FL_003766,HIST_FL_003766,HISTORICAL,FLOOD,2021,6,2021-06-01 00:00:00,month,,,missing,Kerala,,3.0,,,,,,,,,,,,,,,
HIST_FL_003767,HIST_FL_003767,HISTORICAL,FLOOD,2021,6,2021-06-01 00:00:00,month,,,missing,Maharashtra,,1.0,,3.0,,,,,,,,,,,,,
HIST_FL_003768,HIST_FL_003768,HISTORICAL,FLOOD,2021,6,2021-06-01 00:00:00,month,,,missing,Maharashtra,,1.0,,,,,,,,,,,,,,,
HIST_FL_003769,HIST_FL_003769,HISTORICAL,FLOOD,2021,6,2021-06-01 00:00:00,month,,,missing,Maharashtra,,5.0,,,,,,,,,,,,,,,
HIST_FL_003770,HIST_FL_003770,HISTORICAL,FLOOD,2021,6,2021-06-01 00:00:00,month,,,missing,Maharashtra,,1.0,,,,,,,,,,,,,,,
HIST_FL_003771,HIST_FL_003771,HISTORICAL,FLOOD,2021,6,2021-06-01 00:00:00,month,,,missing,Maharashtra,,1.0,,11.0,,,,,,,,,,,,,
HIST_FL_003772,HIST_FL_003772,HISTORICAL,FLOOD,2021,6,2021-06-01 00:00:00,month,,,missing,Rajasthan,,1.0,,3.0,,,,,,,,,,,,,
HIST_FL_003773,HIST_FL_003773,HISTORICAL,FLOOD,2021,6,2021-06-01 00:00:00,month,,,missing,Sikkim,,1.0,,1.0,,,,,,,,,,,,,
HIST_FL_003774,HIST_FL_003774,HISTORICAL,FLOOD,2021,6,2021-06-01 00:00:00,month,,,missing,Sikkim,,1.0,,,,,,,,,,,,,,,
HIST_FL_003775,HIST_FL_003775,HISTORICAL,FLOOD,2021,7,2021-07-01 00:00:00,month,,,missing,Delhi,,1.0,,4.0,,,,,,,,,,,,,
HIST_FL_003776,HIST_FL_003776,HISTORICAL,FLOOD,2021,7,2021-07-01 00:00:00,month,,,missing,Goa,,1.0,,,,,,,,,,,,,,,
HIST_FL_003777,HIST_FL_003777,HISTORICAL,FLOOD,2021,7,2021-07-01 00:00:00,month,,,missing,Goa,,1.0,,1.0,,,,,,,,,,,,,
HIST_FL_003778,HIST_FL_003778,HISTORICAL,FLOOD,2021,7,2021-07-01 00:00:00,month,,,missing,Gujarat,,1.0,,,,,,,,,,,,,,,
HIST_FL_003779,HIST_FL_003779,HISTORICAL,FLOOD,2021,7,2021-07-01 00:00:00,month,,,missing,Himachal Pradesh,,1.0,,2.0,,,,,,,,,,,,,
HIST_FL_003780,HIST_FL_003780,HISTORICAL,FLOOD,2021,7,2021-07-01 00:00:00,month,,,missing,Himachal Pradesh,,1.0,,6.0,,,,,,,,,,,,,
HIST_FL_003781,HIST_FL_003781,HISTORICAL,FLOOD,2021,7,2021-07-01 00:00:00,month,,,missing,Himachal Pradesh,,1.0,,4.0,,,,,,,,,,,,,
HIST_FL_003782,HIST_FL_003782,HISTORICAL,FLOOD,2021,7,2021-07-01 00:00:00,month,,,missing,Himachal Pradesh,,1.0,,9.0,,,,,,,,,,,,,
HIST_FL_003783,HIST_FL_003783,HISTORICAL,FLOOD,2021,7,2021-07-01 00:00:00,month,,,missing,Himachal Pradesh,,1.0,,2.0,,,,,,,,,,,,,
HIST_FL_003784,HIST_FL_003784,HISTORICAL,FLOOD,2021,7,2021-07-01 00:00:00,month,,,missing,Himachal Pradesh,,1.0,,4.0,,,,,,,,,,,,,
HIST_FL_003785,HIST_FL_003785,HISTORICAL,FLOOD,2021,7,2021-07-01 00:00:00,month,,,missing,Himachal Pradesh,,1.0,,8.0,,,,,,,,,,,,,
HIST_FL_003786,HIST_FL_003786,HISTORICAL,FLOOD,2021,7,2021-07-01 00:00:00,month,,,missing,Jammu and Kashmir,,1.0,,,,,,,,,,,,,,,
HIST_FL_003787,HIST_FL_003787,HISTORICAL,FLOOD,2021,7,2021-07-01 00:00:00,month,,,missing,Jammu and Kashmir,,1.0,,1.0,,,,,,,,,,,,,
HIST_FL_003788,HIST_FL_003788,HISTORICAL,FLOOD,2021,7,2021-07-01 00:00:00,month,,,missing,Jammu and Kashmir,,1.0,,,,,,,,,,,,,,,
HIST_FL_003789,HIST_FL_003789,HISTORICAL,FLOOD,2021,7,2021-07-01 00:00:00,month,,,missing,Jammu and Kashmir,,1.0,,7.0,,,,,,,,,,,,,
HIST_FL_003790,HIST_FL_003790,HISTORICAL,FLOOD,2021,7,2021-07-01 00:00:00,month,,,missing,Jammu and Kashmir,,1.0,,,,,,,,,,,,,,,
HIST_FL_003791,HIST_FL_003791,HISTORICAL,FLOOD,2021,7,2021-07-01 00:00:00,month,,,missing,Karnataka,,3.0,,2.0,,,,,,,,,,,,,
HIST_FL_003792,HIST_FL_003792,HISTORICAL,FLOOD,2021,7,2021-07-01 00:00:00,month,,,missing,Karnataka,,3.0,,1.0,,,,,,,,,,,,,
HIST_FL_003793,HIST_FL_003793,HISTORICAL,FLOOD,2021,7,2021-07-01 00:00:00,month,,,missing,Karnataka,,3.0,,1.0,,,,,,,,,,,,,
HIST_FL_003794,HIST_FL_003794,HISTORICAL,FLOOD,2021,7,2021-07-01 00:00:00,month,,,missing,Karnataka,,3.0,,1.0,,,,,,,,,,,,,
HIST_FL_003795,HIST_FL_003795,HISTORICAL,FLOOD,2021,7,2021-07-01 00:00:00,month,,,missing,Karnataka,,3.0,,4.0,,,,,,,,,,,,,
HIST_FL_003796,HIST_FL_003796,HISTORICAL,FLOOD,2021,7,2021-07-01 00:00:00,month,,,missing,Karnataka,,3.0,,,,,,,,,,,,,,,
HIST_FL_003797,HIST_FL_003797,HISTORICAL,FLOOD,2021,7,2021-07-01 00:00:00,month,,,missing,Kerala,,2.0,,1.0,,,,,,,,,,,,,
HIST_FL_003798,HIST_FL_003798,HISTORICAL,FLOOD,2021,7,2021-07-01 00:00:00,month,,,missing,Kerala,,2.0,,,,,,,,,,,,,,,
HIST_FL_003799,HIST_FL_003799,HISTORICAL,FLOOD,2021,7,2021-07-01 00:00:00,month,,,missing,Kerala,,1.0,,,,,,,,,,,,,,,
HIST_FL_003800,HIST_FL_003800,HISTORICAL,FLOOD,2021,7,2021-07-01 00:00:00,month,,,missing,Madhya Pradesh,,1.0,,1.0,,,,,,,,,,,,,
HIST_FL_003801,HIST_FL_003801,HISTORICAL,FLOOD,2021,7,2021-07-01 00:00:00,month,,,missing,Madhya Pradesh,,1.0,,1.0,,,,,,,,,,,,,
HIST_FL_003802,HIST_FL_003802,HISTORICAL,FLOOD,2021,7,2021-07-01 00:00:00,month,,,missing,Madhya Pradesh,,1.0,,,,,,,,,,,,,,,
HIST_FL_003803,HIST_FL_003803,HISTORICAL,FLOOD,2021,7,2021-07-01 00:00:00,month,,,missing,Maharashtra,,1.0,,,,,,,,,,,,,,,
HIST_FL_003804,HIST_FL_003804,HISTORICAL,FLOOD,2021,7,2021-07-01 00:00:00,month,,,missing,Maharashtra,,1.0,,2.0,,,,,,,,,,,,,
HIST_FL_003805,HIST_FL_003805,HISTORICAL,FLOOD,2021,7,2021-07-01 00:00:00,month,,,missing,Maharashtra,,1.0,,2.0,,,,,,,,,,,,,
HIST_FL_003806,HIST_FL_003806,HISTORICAL,FLOOD,2021,7,2021-07-01 00:00:00,month,,,missing,Maharashtra,,1.0,,1.0,,,,,,,,,,,,,
HIST_FL_003807,HIST_FL_003807,HISTORICAL,FLOOD,2021,7,2021-07-01 00:00:00,month,,,missing,Maharashtra,,1.0,,,,,,,,,,,,,,,
HIST_FL_003808,HIST_FL_003808,HISTORICAL,FLOOD,2021,7,2021-07-01 00:00:00,month,,,missing,Maharashtra,,1.0,,2.0,,,,,,,,,,,,,
HIST_FL_003809,HIST_FL_003809,HISTORICAL,FLOOD,2021,7,2021-07-01 00:00:00,month,,,missing,Maharashtra,,1.0,,1.0,,,,,,,,,,,,,
HIST_FL_003810,HIST_FL_003810,HISTORICAL,FLOOD,2021,7,2021-07-01 00:00:00,month,,,missing,Maharashtra,,1.0,,,,,,,,,,,,,,,
HIST_FL_003811,HIST_FL_003811,HISTORICAL,FLOOD,2021,7,2021-07-01 00:00:00,month,,,missing,Maharashtra,,3.0,,3.0,,,,,,,,,,,,,
HIST_FL_003812,HIST_FL_003812,HISTORICAL,FLOOD,2021,7,2021-07-01 00:00:00,month,,,missing,Maharashtra,,3.0,,3.0,,,,,,,,,,,,,
HIST_FL_003813,HIST_FL_003813,HISTORICAL,FLOOD,2021,7,2021-07-01 00:00:00,month,,,missing,Maharashtra,,1.0,,10.0,,,,,,,,,,,,,
HIST_FL_003814,HIST_FL_003814,HISTORICAL,FLOOD,2021,7,2021-07-01 00:00:00,month,,,missing,Maharashtra,,1.0,,22.0,,,,,,,,,,,,,
HIST_FL_003815,HIST_FL_003815,HISTORICAL,FLOOD,2021,7,2021-07-01 00:00:00,month,,,missing,Maharashtra,,1.0,,1.0,,,,,,,,,,,,,
HIST_FL_003816,HIST_FL_003816,HISTORICAL,FLOOD,2021,7,2021-07-01 00:00:00,month,,,missing,Maharashtra,,1.0,,,,,,,,,,,,,,,
HIST_FL_003817,HIST_FL_003817,HISTORICAL,FLOOD,2021,7,2021-07-01 00:00:00,month,,,missing,Maharashtra,,1.0,,,,,,,,,,,,,,,
HIST_FL_003818,HIST_FL_003818,HISTORICAL,FLOOD,2021,7,2021-07-01 00:00:00,month,,,missing,Maharashtra,,1.0,,,,,,,,,,,,,,,
HIST_FL_003819,HIST_FL_003819,HISTORICAL,FLOOD,2021,7,2021-07-01 00:00:00,month,,,missing,Maharashtra,,1.0,,,,,,,,,,,,,,,
HIST_FL_003820,HIST_FL_003820,HISTORICAL,FLOOD,2021,7,2021-07-01 00:00:00,month,,,missing,Maharashtra,,1.0,,5.0,,,,,,,,,,,,,
HIST_FL_003821,HIST_FL_003821,HISTORICAL,FLOOD,2021,7,2021-07-01 00:00:00,month,,,missing,Maharashtra,,1.0,,,,,,,,,,,,,,,
HIST_FL_003822,HIST_FL_003822,HISTORICAL,FLOOD,2021,7,2021-07-01 00:00:00,month,,,missing,Maharashtra,,1.0,,2.0,,,,,,,,,,,,,
HIST_FL_003823,HIST_FL_003823,HISTORICAL,FLOOD,2021,7,2021-07-01 00:00:00,month,,,missing,Maharashtra,,1.0,,52.0,,,,,,,,,,,,,
HIST_FL_003824,HIST_FL_003824,HISTORICAL,FLOOD,2021,7,2021-07-01 00:00:00,month,,,missing,Maharashtra,,1.0,,3.0,,,,,,,,,,,,,
HIST_FL_003825,HIST_FL_003825,HISTORICAL,FLOOD,2021,7,2021-07-01 00:00:00,month,,,missing,Maharashtra,,1.0,,1.0,,,,,,,,,,,,,
HIST_FL_003826,HIST_FL_003826,HISTORICAL,FLOOD,2021,7,2021-07-01 00:00:00,month,,,missing,Maharashtra,,1.0,,2.0,,,,,,,,,,,,,
HIST_FL_003827,HIST_FL_003827,HISTORICAL,FLOOD,2021,7,2021-07-01 00:00:00,month,,,missing,Maharashtra,,2.0,,6.0,,,,,,,,,,,,,
HIST_FL_003828,HIST_FL_003828,HISTORICAL,FLOOD,2021,7,2021-07-01 00:00:00,month,,,missing,Maharashtra,,1.0,,,,,,,,,,,,,,,
HIST_FL_003829,HIST_FL_003829,HISTORICAL,FLOOD,2021,7,2021-07-01 00:00:00,month,,,missing,Maharashtra,,1.0,,4.0,,,,,,,,,,,,,
HIST_FL_003830,HIST_FL_003830,HISTORICAL,FLOOD,2021,7,2021-07-01 00:00:00,month,,,missing,Maharashtra,,1.0,,6.0,,,,,,,,,,,,,
HIST_FL_003831,HIST_FL_003831,HISTORICAL,FLOOD,2021,7,2021-07-01 00:00:00,month,,,missing,Maharashtra,,1.0,,2.0,,,,,,,,,,,,,
HIST_FL_003832,HIST_FL_003832,HISTORICAL,FLOOD,2021,7,2021-07-01 00:00:00,month,,,missing,Maharashtra,,1.0,,2.0,,,,,,,,,,,,,
HIST_FL_003833,HIST_FL_003833,HISTORICAL,FLOOD,2021,7,2021-07-01 00:00:00,month,,,missing,Maharashtra,,1.0,,3.0,,,,,,,,,,,,,
HIST_FL_003834,HIST_FL_003834,HISTORICAL,FLOOD,2021,7,2021-07-01 00:00:00,month,,,missing,Maharashtra,,1.0,,2.0,,,,,,,,,,,,,
HIST_FL_003835,HIST_FL_003835,HISTORICAL,FLOOD,2021,7,2021-07-01 00:00:00,month,,,missing,Maharashtra,,1.0,,1.0,,,,,,,,,,,,,
HIST_FL_003836,HIST_FL_003836,HISTORICAL,FLOOD,2021,7,2021-07-01 00:00:00,month,,,missing,Maharashtra,,1.0,,4.0,,,,,,,,,,,,,
HIST_FL_003837,HIST_FL_003837,HISTORICAL,FLOOD,2021,7,2021-07-01 00:00:00,month,,,missing,Maharashtra,,1.0,,2.0,,,,,,,,,,,,,
HIST_FL_003838,HIST_FL_003838,HISTORICAL,FLOOD,2021,7,2021-07-01 00:00:00,month,,,missing,Maharashtra,,1.0,,1.0,,,,,,,,,,,,,
HIST_FL_003839,HIST_FL_003839,HISTORICAL,FLOOD,2021,7,2021-07-01 00:00:00,month,,,missing,Maharashtra,,1.0,,1.0,,,,,,,,,,,,,
HIST_FL_003840,HIST_FL_003840,HISTORICAL,FLOOD,2021,7,2021-07-01 00:00:00,month,,,missing,Maharashtra,,5.0,,,,,,,,,,,,,,,
HIST_FL_003841,HIST_FL_003841,HISTORICAL,FLOOD,2021,7,2021-07-01 00:00:00,month,,,missing,Maharashtra,,5.0,,,,,,,,,,,,,,,
HIST_FL_003842,HIST_FL_003842,HISTORICAL,FLOOD,2021,7,2021-07-01 00:00:00,month,,,missing,Maharashtra,,5.0,,,,,,,,,,,,,,,
HIST_FL_003843,HIST_FL_003843,HISTORICAL,FLOOD,2021,7,2021-07-01 00:00:00,month,,,missing,Sikkim,,1.0,,1.0,,,,,,,,,,,,,
HIST_FL_003844,HIST_FL_003844,HISTORICAL,FLOOD,2021,7,2021-07-01 00:00:00,month,,,missing,Tamil Nadu,,1.0,,1.0,,,,,,,,,,,,,
HIST_FL_003845,HIST_FL_003845,HISTORICAL,FLOOD,2021,7,2021-07-01 00:00:00,month,,,missing,Telangana,,1.0,,1.0,,,,,,,,,,,,,
HIST_FL_003846,HIST_FL_003846,HISTORICAL,FLOOD,2021,7,2021-07-01 00:00:00,month,,,missing,Uttarakhand,,1.0,,3.0,,,,,,,,,,,,,
HIST_FL_003847,HIST_FL_003847,HISTORICAL,FLOOD,2021,7,2021-07-01 00:00:00,month,,,missing,Uttarakhand,,1.0,,3.0,,,,,,,,,,,,,
HIST_FL_003848,HIST_FL_003848,HISTORICAL,FLOOD,2021,7,2021-07-01 00:00:00,month,,,missing,Uttarakhand,,1.0,,3.0,,,,,,,,,,,,,
HIST_FL_003849,HIST_FL_003849,HISTORICAL,FLOOD,2021,7,2021-07-01 00:00:00,month,,,missing,Uttar Pradesh,,1.0,,1.0,,,,,,,,,,,,,
HIST_FL_003850,HIST_FL_003850,HISTORICAL,FLOOD,2021,7,2021-07-01 00:00:00,month,,,missing,Uttar Pradesh,,1.0,,2.0,,,,,,,,,,,,,
HIST_FL_003851,HIST_FL_003851,HISTORICAL,FLOOD,2021,8,2021-08-01 00:00:00,month,,,missing,Assam,,1.0,,,,,,,,,,,,,,,
HIST_FL_003852,HIST_FL_003852,HISTORICAL,FLOOD,2021,8,2021-08-01 00:00:00,month,,,missing,Assam,,1.0,,1.0,,,,,,,,,,,,,
HIST_FL_003853,HIST_FL_003853,HISTORICAL,FLOOD,2021,8,2021-08-01 00:00:00,month,,,missing,Assam,,1.0,,1.0,,,,,,,,,,,,,
HIST_FL_003854,HIST_FL_003854,HISTORICAL,FLOOD,2021,8,2021-08-01 00:00:00,month,,,missing,Assam,,1.0,,,,,,,,,,,,,,,
HIST_FL_003855,HIST_FL_003855,HISTORICAL,FLOOD,2021,8,2021-08-01 00:00:00,month,,,missing,Assam,,1.0,,1.0,,,,,,,,,,,,,
HIST_FL_003856,HIST_FL_003856,HISTORICAL,FLOOD,2021,8,2021-08-01 00:00:00,month,,,missing,Assam,,7.0,,,,,,,,,,,,,,,
HIST_FL_003857,HIST_FL_003857,HISTORICAL,FLOOD,2021,8,2021-08-01 00:00:00,month,,,missing,Bihar,,11.0,,12.0,,,,,,,,,,,,,
HIST_FL_003858,HIST_FL_003858,HISTORICAL,FLOOD,2021,8,2021-08-01 00:00:00,month,,,missing,Himachal Pradesh,,1.0,,1.0,,,,,,,,,,,,,
HIST_FL_003859,HIST_FL_003859,HISTORICAL,FLOOD,2021,8,2021-08-01 00:00:00,month,,,missing,Himachal Pradesh,,1.0,,25.0,,,,,,,,,,,,,
HIST_FL_003860,HIST_FL_003860,HISTORICAL,FLOOD,2021,8,2021-08-01 00:00:00,month,,,missing,Jammu and Kashmir,,1.0,,,,,,,,,,,,,,,
HIST_FL_003861,HIST_FL_003861,HISTORICAL,FLOOD,2021,8,2021-08-01 00:00:00,month,,,missing,Kerala,,1.0,,,,,,,,,,,,,,,
HIST_FL_003862,HIST_FL_003862,HISTORICAL,FLOOD,2021,8,2021-08-01 00:00:00,month,,,missing,Madhya Pradesh,,7.0,,1.0,,,,,,,,,,,,,
HIST_FL_003863,HIST_FL_003863,HISTORICAL,FLOOD,2021,8,2021-08-01 00:00:00,month,,,missing,Madhya Pradesh,,7.0,,2.0,,,,,,,,,,,,,
HIST_FL_003864,HIST_FL_003864,HISTORICAL,FLOOD,2021,8,2021-08-01 00:00:00,month,,,missing,Madhya Pradesh,,7.0,,4.0,,,,,,,,,,,,,
HIST_FL_003865,HIST_FL_003865,HISTORICAL,FLOOD,2021,8,2021-08-01 00:00:00,month,,,missing,Madhya Pradesh,,7.0,,1.0,,,,,,,,,,,,,
HIST_FL_003866,HIST_FL_003866,HISTORICAL,FLOOD,2021,8,2021-08-01 00:00:00,month,,,missing,Madhya Pradesh,,7.0,,1.0,,,,,,,,,,,,,
HIST_FL_003867,HIST_FL_003867,HISTORICAL,FLOOD,2021,8,2021-08-01 00:00:00,month,,,missing,Madhya Pradesh,,7.0,,2.0,,,,,,,,,,,,,
HIST_FL_003868,HIST_FL_003868,HISTORICAL,FLOOD,2021,8,2021-08-01 00:00:00,month,,,missing,Madhya Pradesh,,7.0,,19.0,,,,,,,,,,,,,
HIST_FL_003869,HIST_FL_003869,HISTORICAL,FLOOD,2021,8,2021-08-01 00:00:00,month,,,missing,Madhya Pradesh,,1.0,,2.0,,,,,,,,,,,,,
HIST_FL_003870,HIST_FL_003870,HISTORICAL,FLOOD,2021,8,2021-08-01 00:00:00,month,,,missing,Maharashtra,,1.0,,1.0,,,,,,,,,,,,,
HIST_FL_003871,HIST_FL_003871,HISTORICAL,FLOOD,2021,8,2021-08-01 00:00:00,month,,,missing,Maharashtra,,1.0,,2.0,,,,,,,,,,,,,
HIST_FL_003872,HIST_FL_003872,HISTORICAL,FLOOD,2021,8,2021-08-01 00:00:00,month,,,missing,Maharashtra,,1.0,,2.0,,,,,,,,,,,,,
HIST_FL_003873,HIST_FL_003873,HISTORICAL,FLOOD,2021,8,2021-08-01 00:00:00,month,,,missing,Maharashtra,,1.0,,,,,,,,,,,,,,,
HIST_FL_003874,HIST_FL_003874,HISTORICAL,FLOOD,2021,8,2021-08-01 00:00:00,month,,,missing,Maharashtra,,1.0,,1.0,,,,,,,,,,,,,
HIST_FL_003875,HIST_FL_003875,HISTORICAL,FLOOD,2021,8,2021-08-01 00:00:00,month,,,missing,Maharashtra,,1.0,,1.0,,,,,,,,,,,,,
HIST_FL_003876,HIST_FL_003876,HISTORICAL,FLOOD,2021,8,2021-08-01 00:00:00,month,,,missing,Maharashtra,,1.0,,2.0,,,,,,,,,,,,,
HIST_FL_003877,HIST_FL_003877,HISTORICAL,FLOOD,2021,8,2021-08-01 00:00:00,month,,,missing,Rajasthan,,1.0,,2.0,,,,,,,,,,,,,
HIST_FL_003878,HIST_FL_003878,HISTORICAL,FLOOD,2021,8,2021-08-01 00:00:00,month,,,missing,Rajasthan,,1.0,,7.0,,,,,,,,,,,,,
HIST_FL_003879,HIST_FL_003879,HISTORICAL,FLOOD,2021,8,2021-08-01 00:00:00,month,,,missing,Rajasthan,,1.0,,2.0,,,,,,,,,,,,,
HIST_FL_003880,HIST_FL_003880,HISTORICAL,FLOOD,2021,8,2021-08-01 00:00:00,month,,,missing,Telangana,,1.0,,1.0,,,,,,,,,,,,,
HIST_FL_003881,HIST_FL_003881,HISTORICAL,FLOOD,2021,8,2021-08-01 00:00:00,month,,,missing,Telangana,,1.0,,1.0,,,,,,,,,,,,,
HIST_FL_003882,HIST_FL_003882,HISTORICAL,FLOOD,2021,8,2021-08-01 00:00:00,month,,,missing,Telangana,,1.0,,4.0,,,,,,,,,,,,,
HIST_FL_003883,HIST_FL_003883,HISTORICAL,FLOOD,2021,8,2021-08-01 00:00:00,month,,,missing,Telangana,,1.0,,2.0,,,,,,,,,,,,,
HIST_FL_003884,HIST_FL_003884,HISTORICAL,FLOOD,2021,8,2021-08-01 00:00:00,month,,,missing,Telangana,,1.0,,1.0,,,,,,,,,,,,,
HIST_FL_003885,HIST_FL_003885,HISTORICAL,FLOOD,2021,8,2021-08-01 00:00:00,month,,,missing,Uttarakhand,,1.0,,7.0,,,,,,,,,,,,,
HIST_FL_003886,HIST_FL_003886,HISTORICAL,FLOOD,2021,8,2021-08-01 00:00:00,month,,,missing,Uttar Pradesh,,9.0,,9.0,,,,,,,,,,,,,
HIST_FL_003887,HIST_FL_003887,HISTORICAL,FLOOD,2021,8,2021-08-01 00:00:00,month,,,missing,West Bengal,,2.0,,15.0,,,,,,,,,,,,,
HIST_FL_003888,HIST_FL_003888,HISTORICAL,FLOOD,2021,9,2021-09-01 00:00:00,month,,,missing,Andhra Pradesh,,1.0,,2.0,,,,,,,,,,,,,
HIST_FL_003889,HIST_FL_003889,HISTORICAL,FLOOD,2021,9,2021-09-01 00:00:00,month,,,missing,Assam,,1.0,,,,,,,,,,,,,,,
HIST_FL_003890,HIST_FL_003890,HISTORICAL,FLOOD,2021,9,2021-09-01 00:00:00,month,,,missing,Assam,,1.0,,1.0,,,,,,,,,,,,,
HIST_FL_003891,HIST_FL_003891,HISTORICAL,FLOOD,2021,9,2021-09-01 00:00:00,month,,,missing,Assam,,1.0,,1.0,,,,,,,,,,,,,
HIST_FL_003892,HIST_FL_003892,HISTORICAL,FLOOD,2021,9,2021-09-01 00:00:00,month,,,missing,Assam,,1.0,,,,,,,,,,,,,,,
HIST_FL_003893,HIST_FL_003893,HISTORICAL,FLOOD,2021,9,2021-09-01 00:00:00,month,,,missing,Assam,,1.0,,1.0,,,,,,,,,,,,,
HIST_FL_003894,HIST_FL_003894,HISTORICAL,FLOOD,2021,9,2021-09-01 00:00:00,month,,,missing,Assam,,1.0,,1.0,,,,,,,,,,,,,
HIST_FL_003895,HIST_FL_003895,HISTORICAL,FLOOD,2021,9,2021-09-01 00:00:00,month,,,missing,Assam,,1.0,,,,,,,,,,,,,,,
HIST_FL_003896,HIST_FL_003896,HISTORICAL,FLOOD,2021,9,2021-09-01 00:00:00,month,,,missing,Assam,,1.0,,1.0,,,,,,,,,,,,,
HIST_FL_003897,HIST_FL_003897,HISTORICAL,FLOOD,2021,9,2021-09-01 00:00:00,month,,,missing,Assam,,1.0,,,,,,,,,,,,,,,
HIST_FL_003898,HIST_FL_003898,HISTORICAL,FLOOD,2021,9,2021-09-01 00:00:00,month,,,missing,Assam,,1.0,,3.0,,,,,,,,,,,,,
HIST_FL_003899,HIST_FL_003899,HISTORICAL,FLOOD,2021,9,2021-09-01 00:00:00,month,,,missing,Assam,,1.0,,,,,,,,,,,,,,,
HIST_FL_003900,HIST_FL_003900,HISTORICAL,FLOOD,2021,9,2021-09-01 00:00:00,month,,,missing,Assam,,1.0,,1.0,,,,,,,,,,,,,
HIST_FL_003901,HIST_FL_003901,HISTORICAL,FLOOD,2021,9,2021-09-01 00:00:00,month,,,missing,Assam,,1.0,,1.0,,,,,,,,,,,,,
HIST_FL_003902,HIST_FL_003902,HISTORICAL,FLOOD,2021,9,2021-09-01 00:00:00,month,,,missing,Assam,,1.0,,,,,,,,,,,,,,,
HIST_FL_003903,HIST_FL_003903,HISTORICAL,FLOOD,2021,9,2021-09-01 00:00:00,month,,,missing,Assam,,1.0,,,,,,,,,,,,,,,
HIST_FL_003904,HIST_FL_003904,HISTORICAL,FLOOD,2021,9,2021-09-01 00:00:00,month,,,missing,Assam,,1.0,,1.0,,,,,,,,,,,,,
HIST_FL_003905,HIST_FL_003905,HISTORICAL,FLOOD,2021,9,2021-09-01 00:00:00,month,,,missing,Gujarat,,8.0,,7.0,,,,,,,,,,,,,
HIST_FL_003906,HIST_FL_003906,HISTORICAL,FLOOD,2021,9,2021-09-01 00:00:00,month,,,missing,Himachal Pradesh,,1.0,,,,,,,,,,,,,,,
HIST_FL_003907,HIST_FL_003907,HISTORICAL,FLOOD,2021,9,2021-09-01 00:00:00,month,,,missing,Jammu and Kashmir,,2.0,,,,,,,,,,,,,,,
HIST_FL_003908,HIST_FL_003908,HISTORICAL,FLOOD,2021,9,2021-09-01 00:00:00,month,,,missing,Jammu and Kashmir,,2.0,,5.0,,,,,,,,,,,,,
HIST_FL_003909,HIST_FL_003909,HISTORICAL,FLOOD,2021,9,2021-09-01 00:00:00,month,,,missing,Jammu and Kashmir,,1.0,,1.0,,,,,,,,,,,,,
HIST_FL_003910,HIST_FL_003910,HISTORICAL,FLOOD,2021,9,2021-09-01 00:00:00,month,,,missing,Kerala,,2.0,,,,,,,,,,,,,,,
HIST_FL_003911,HIST_FL_003911,HISTORICAL,FLOOD,2021,9,2021-09-01 00:00:00,month,,,missing,Maharashtra,,1.0,,1.0,,,,,,,,,,,,,
HIST_FL_003912,HIST_FL_003912,HISTORICAL,FLOOD,2021,9,2021-09-01 00:00:00,month,,,missing,Maharashtra,,1.0,,3.0,,,,,,,,,,,,,
HIST_FL_003913,HIST_FL_003913,HISTORICAL,FLOOD,2021,9,2021-09-01 00:00:00,month,,,missing,Maharashtra,,1.0,,,,,,,,,,,,,,,
HIST_FL_003914,HIST_FL_003914,HISTORICAL,FLOOD,2021,9,2021-09-01 00:00:00,month,,,missing,Maharashtra,,1.0,,,,,,,,,,,,,,,
HIST_FL_003915,HIST_FL_003915,HISTORICAL,FLOOD,2021,9,2021-09-01 00:00:00,month,,,missing,Maharashtra,,1.0,,2.0,,,,,,,,,,,,,
HIST_FL_003916,HIST_FL_003916,HISTORICAL,FLOOD,2021,9,2021-09-01 00:00:00,month,,,missing,Maharashtra,,1.0,,1.0,,,,,,,,,,,,,
HIST_FL_003917,HIST_FL_003917,HISTORICAL,FLOOD,2021,9,2021-09-01 00:00:00,month,,,missing,Maharashtra,,1.0,,4.0,,,,,,,,,,,,,
HIST_FL_003918,HIST_FL_003918,HISTORICAL,FLOOD,2021,9,2021-09-01 00:00:00,month,,,missing,Maharashtra,,1.0,,2.0,,,,,,,,,,,,,
HIST_FL_003919,HIST_FL_003919,HISTORICAL,FLOOD,2021,9,2021-09-01 00:00:00,month,,,missing,Maharashtra,,1.0,,1.0,,,,,,,,,,,,,
HIST_FL_003920,HIST_FL_003920,HISTORICAL,FLOOD,2021,9,2021-09-01 00:00:00,month,,,missing,Maharashtra,,1.0,,2.0,,,,,,,,,,,,,
HIST_FL_003921,HIST_FL_003921,HISTORICAL,FLOOD,2021,9,2021-09-01 00:00:00,month,,,missing,Maharashtra,,10.0,,,,,,,,,,,,,,,
HIST_FL_003922,HIST_FL_003922,HISTORICAL,FLOOD,2021,9,2021-09-01 00:00:00,month,,,missing,Maharashtra,,10.0,,,,,,,,,,,,,,,
HIST_FL_003923,HIST_FL_003923,HISTORICAL,FLOOD,2021,9,2021-09-01 00:00:00,month,,,missing,Maharashtra,,3.0,,,,,,,,,,,,,,,
HIST_FL_003924,HIST_FL_003924,HISTORICAL,FLOOD,2021,9,2021-09-01 00:00:00,month,,,missing,Maharashtra,,2.0,,,,,,,,,,,,,,,
HIST_FL_003925,HIST_FL_003925,HISTORICAL,FLOOD,2021,9,2021-09-01 00:00:00,month,,,missing,Maharashtra,,2.0,,,,,,,,,,,,,,,
HIST_FL_003926,HIST_FL_003926,HISTORICAL,FLOOD,2021,9,2021-09-01 00:00:00,month,,,missing,Maharashtra,,2.0,,2.0,,,,,,,,,,,,,
HIST_FL_003927,HIST_FL_003927,HISTORICAL,FLOOD,2021,9,2021-09-01 00:00:00,month,,,missing,Maharashtra,,3.0,,,,,,,,,,,,,,,
HIST_FL_003928,HIST_FL_003928,HISTORICAL,FLOOD,2021,9,2021-09-01 00:00:00,month,,,missing,Maharashtra,,1.0,,1.0,,,,,,,,,,,,,
HIST_FL_003929,HIST_FL_003929,HISTORICAL,FLOOD,2021,9,2021-09-01 00:00:00,month,,,missing,Maharashtra,,4.0,,,,,,,,,,,,,,,
HIST_FL_003930,HIST_FL_003930,HISTORICAL,FLOOD,2021,9,2021-09-01 00:00:00,month,,,missing,Maharashtra,,1.0,,,,,,,,,,,,,,,
HIST_FL_003931,HIST_FL_003931,HISTORICAL,FLOOD,2021,9,2021-09-01 00:00:00,month,,,missing,Maharashtra,,1.0,,10.0,,,,,,,,,,,,,
HIST_FL_003932,HIST_FL_003932,HISTORICAL,FLOOD,2021,9,2021-09-01 00:00:00,month,,,missing,Maharashtra,,1.0,,2.0,,,,,,,,,,,,,
HIST_FL_003933,HIST_FL_003933,HISTORICAL,FLOOD,2021,9,2021-09-01 00:00:00,month,,,missing,Maharashtra,,1.0,,1.0,,,,,,,,,,,,,
HIST_FL_003934,HIST_FL_003934,HISTORICAL,FLOOD,2021,9,2021-09-01 00:00:00,month,,,missing,Maharashtra,,1.0,,1.0,,,,,,,,,,,,,
HIST_FL_003935,HIST_FL_003935,HISTORICAL,FLOOD,2021,9,2021-09-01 00:00:00,month,,,missing,Maharashtra,,1.0,,1.0,,,,,,,,,,,,,
HIST_FL_003936,HIST_FL_003936,HISTORICAL,FLOOD,2021,9,2021-09-01 00:00:00,month,,,missing,Maharashtra,,1.0,,2.0,,,,,,,,,,,,,
HIST_FL_003937,HIST_FL_003937,HISTORICAL,FLOOD,2021,9,2021-09-01 00:00:00,month,,,missing,Maharashtra,,1.0,,2.0,,,,,,,,,,,,,
HIST_FL_003938,HIST_FL_003938,HISTORICAL,FLOOD,2021,9,2021-09-01 00:00:00,month,,,missing,Maharashtra,,1.0,,4.0,,,,,,,,,,,,,
HIST_FL_003939,HIST_FL_003939,HISTORICAL,FLOOD,2021,9,2021-09-01 00:00:00,month,,,missing,Odisha,,2.0,,,,,,,,,,,,,,,
HIST_FL_003940,HIST_FL_003940,HISTORICAL,FLOOD,2021,9,2021-09-01 00:00:00,month,,,missing,Odisha,,2.0,,2.0,,,,,,,,,,,,,
HIST_FL_003941,HIST_FL_003941,HISTORICAL,FLOOD,2021,9,2021-09-01 00:00:00,month,,,missing,Odisha,,2.0,,1.0,,,,,,,,,,,,,
HIST_FL_003942,HIST_FL_003942,HISTORICAL,FLOOD,2021,9,2021-09-01 00:00:00,month,,,missing,Tamil Nadu,,1.0,,1.0,,,,,,,,,,,,,
HIST_FL_003943,HIST_FL_003943,HISTORICAL,FLOOD,2021,9,2021-09-01 00:00:00,month,,,missing,Telangana,,1.0,,,,,,,,,,,,,,,
HIST_FL_003944,HIST_FL_003944,HISTORICAL,FLOOD,2021,9,2021-09-01 00:00:00,month,,,missing,Telangana,,1.0,,2.0,,,,,,,,,,,,,
HIST_FL_003945,HIST_FL_003945,HISTORICAL,FLOOD,2021,9,2021-09-01 00:00:00,month,,,missing,Telangana,,1.0,,1.0,,,,,,,,,,,,,
HIST_FL_003946,HIST_FL_003946,HISTORICAL,FLOOD,2021,9,2021-09-01 00:00:00,month,,,missing,Uttar Pradesh,,1.0,,1.0,,,,,,,,,,,,,
HIST_FL_003947,HIST_FL_003947,HISTORICAL,FLOOD,2021,9,2021-09-01 00:00:00,month,,,missing,Uttar Pradesh,,1.0,,1.0,,,,,,,,,,,,,
HIST_FL_003948,HIST_FL_003948,HISTORICAL,FLOOD,2021,9,2021-09-01 00:00:00,month,,,missing,Uttar Pradesh,,1.0,,2.0,,,,,,,,,,,,,
HIST_FL_003949,HIST_FL_003949,HISTORICAL,FLOOD,2021,9,2021-09-01 00:00:00,month,,,missing,Uttar Pradesh,,1.0,,,,,,,,,,,,,,,
HIST_FL_003950,HIST_FL_003950,HISTORICAL,FLOOD,2021,9,2021-09-01 00:00:00,month,,,missing,Uttar Pradesh,,1.0,,2.0,,,,,,,,,,,,,
HIST_FL_003951,HIST_FL_003951,HISTORICAL,FLOOD,2021,9,2021-09-01 00:00:00,month,,,missing,Uttar Pradesh,,1.0,,3.0,,,,,,,,,,,,,
HIST_FL_003952,HIST_FL_003952,HISTORICAL,FLOOD,2021,9,2021-09-01 00:00:00,month,,,missing,Uttar Pradesh,,1.0,,3.0,,,,,,,,,,,,,
HIST_FL_003953,HIST_FL_003953,HISTORICAL,FLOOD,2021,9,2021-09-01 00:00:00,month,,,missing,Uttar Pradesh,,1.0,,1.0,,,,,,,,,,,,,
HIST_FL_003954,HIST_FL_003954,HISTORICAL,FLOOD,2021,9,2021-09-01 00:00:00,month,,,missing,Uttar Pradesh,,1.0,,2.0,,,,,,,,,,,,,
HIST_FL_003955,HIST_FL_003955,HISTORICAL,FLOOD,2021,9,2021-09-01 00:00:00,month,,,missing,Uttar Pradesh,,3.0,,7.0,,,,,,,,,,,,,
HIST_FL_003956,HIST_FL_003956,HISTORICAL,FLOOD,2021,9,2021-09-01 00:00:00,month,,,missing,Uttar Pradesh,,3.0,,2.0,,,,,,,,,,,,,
HIST_FL_003957,HIST_FL_003957,HISTORICAL,FLOOD,2021,9,2021-09-01 00:00:00,month,,,missing,Uttar Pradesh,,1.0,,1.0,,,,,,,,,,,,,
HIST_FL_003958,HIST_FL_003958,HISTORICAL,FLOOD,2021,9,2021-09-01 00:00:00,month,,,missing,Uttar Pradesh,,1.0,,1.0,,,,,,,,,,,,,
HIST_FL_003959,HIST_FL_003959,HISTORICAL,FLOOD,2021,9,2021-09-01 00:00:00,month,,,missing,Uttar Pradesh,,1.0,,1.0,,,,,,,,,,,,,
HIST_FL_003960,HIST_FL_003960,HISTORICAL,FLOOD,2021,9,2021-09-01 00:00:00,month,,,missing,Uttar Pradesh,,1.0,,1.0,,,,,,,,,,,,,
HIST_FL_003961,HIST_FL_003961,HISTORICAL,FLOOD,2021,9,2021-09-01 00:00:00,month,,,missing,Uttar Pradesh,,1.0,,2.0,,,,,,,,,,,,,
HIST_FL_003962,HIST_FL_003962,HISTORICAL,FLOOD,2021,9,2021-09-01 00:00:00,month,,,missing,West Bengal,,5.0,,10.0,,,,,,,,,,,,,
HIST_FL_003963,HIST_FL_003963,HISTORICAL,FLOOD,2021,9,2021-09-01 00:00:00,month,,,missing,West Bengal,,1.0,,3.0,,,,,,,,,,,,,
HIST_FL_003964,HIST_FL_003964,HISTORICAL,FLOOD,2021,10,2021-10-01 00:00:00,month,,,missing,Jammu and Kashmir,,1.0,,2.0,,,,,,,,,,,,,
HIST_FL_003965,HIST_FL_003965,HISTORICAL,FLOOD,2021,10,2021-10-01 00:00:00,month,,,missing,Jammu and Kashmir,,1.0,,3.0,,,,,,,,,,,,,
HIST_FL_003966,HIST_FL_003966,HISTORICAL,FLOOD,2021,10,2021-10-01 00:00:00,month,,,missing,Karnataka,,4.0,,7.0,,,,,,,,,,,,,
HIST_FL_003967,HIST_FL_003967,HISTORICAL,FLOOD,2021,10,2021-10-01 00:00:00,month,,,missing,Karnataka,,4.0,,1.0,,,,,,,,,,,,,
HIST_FL_003968,HIST_FL_003968,HISTORICAL,FLOOD,2021,10,2021-10-01 00:00:00,month,,,missing,Kerala,,1.0,,,,,,,,,,,,,,,
HIST_FL_003969,HIST_FL_003969,HISTORICAL,FLOOD,2021,10,2021-10-01 00:00:00,month,,,missing,Kerala,,1.0,,,,,,,,,,,,,,,
HIST_FL_003970,HIST_FL_003970,HISTORICAL,FLOOD,2021,10,2021-10-01 00:00:00,month,,,missing,Kerala,,1.0,,,,,,,,,,,,,,,
HIST_FL_003971,HIST_FL_003971,HISTORICAL,FLOOD,2021,10,2021-10-01 00:00:00,month,,,missing,Kerala,,1.0,,1.0,,,,,,,,,,,,,
HIST_FL_003972,HIST_FL_003972,HISTORICAL,FLOOD,2021,10,2021-10-01 00:00:00,month,,,missing,Kerala,,1.0,,2.0,,,,,,,,,,,,,
HIST_FL_003973,HIST_FL_003973,HISTORICAL,FLOOD,2021,10,2021-10-01 00:00:00,month,,,missing,Kerala,,1.0,,,,,,,,,,,,,,,
HIST_FL_003974,HIST_FL_003974,HISTORICAL,FLOOD,2021,10,2021-10-01 00:00:00,month,,,missing,Kerala,,1.0,,,,,,,,,,,,,,,
HIST_FL_003975,HIST_FL_003975,HISTORICAL,FLOOD,2021,10,2021-10-01 00:00:00,month,,,missing,Kerala,,1.0,,,,,,,,,,,,,,,
HIST_FL_003976,HIST_FL_003976,HISTORICAL,FLOOD,2021,10,2021-10-01 00:00:00,month,,,missing,Kerala,,1.0,,,,,,,,,,,,,,,
HIST_FL_003977,HIST_FL_003977,HISTORICAL,FLOOD,2021,10,2021-10-01 00:00:00,month,,,missing,Kerala,,1.0,,1.0,,,,,,,,,,,,,
HIST_FL_003978,HIST_FL_003978,HISTORICAL,FLOOD,2021,10,2021-10-01 00:00:00,month,,,missing,Kerala,,1.0,,,,,,,,,,,,,,,
HIST_FL_003979,HIST_FL_003979,HISTORICAL,FLOOD,2021,10,2021-10-01 00:00:00,month,,,missing,Kerala,,1.0,,1.0,,,,,,,,,,,,,
HIST_FL_003980,HIST_FL_003980,HISTORICAL,FLOOD,2021,10,2021-10-01 00:00:00,month,,,missing,Kerala,,1.0,,,,,,,,,,,,,,,
HIST_FL_003981,HIST_FL_003981,HISTORICAL,FLOOD,2021,10,2021-10-01 00:00:00,month,,,missing,Kerala,,1.0,,,,,,,,,,,,,,,
HIST_FL_003982,HIST_FL_003982,HISTORICAL,FLOOD,2021,10,2021-10-01 00:00:00,month,,,missing,Kerala,,1.0,,,,,,,,,,,,,,,
HIST_FL_003983,HIST_FL_003983,HISTORICAL,FLOOD,2021,10,2021-10-01 00:00:00,month,,,missing,Kerala,,1.0,,,,,,,,,,,,,,,
HIST_FL_003984,HIST_FL_003984,HISTORICAL,FLOOD,2021,10,2021-10-01 00:00:00,month,,,missing,Kerala,,1.0,,,,,,,,,,,,,,,
HIST_FL_003985,HIST_FL_003985,HISTORICAL,FLOOD,2021,10,2021-10-01 00:00:00,month,,,missing,Kerala,,1.0,,11.0,,,,,,,,,,,,,
HIST_FL_003986,HIST_FL_003986,HISTORICAL,FLOOD,2021,10,2021-10-01 00:00:00,month,,,missing,Kerala,,1.0,,1.0,,,,,,,,,,,,,
HIST_FL_003987,HIST_FL_003987,HISTORICAL,FLOOD,2021,10,2021-10-01 00:00:00,month,,,missing,Kerala,,1.0,,14.0,,,,,,,,,,,,,
HIST_FL_003988,HIST_FL_003988,HISTORICAL,FLOOD,2021,10,2021-10-01 00:00:00,month,,,missing,Kerala,,1.0,,1.0,,,,,,,,,,,,,
HIST_FL_003989,HIST_FL_003989,HISTORICAL,FLOOD,2021,10,2021-10-01 00:00:00,month,,,missing,Kerala,,1.0,,2.0,,,,,,,,,,,,,
HIST_FL_003990,HIST_FL_003990,HISTORICAL,FLOOD,2021,10,2021-10-01 00:00:00,month,,,missing,Kerala,,1.0,,2.0,,,,,,,,,,,,,
HIST_FL_003991,HIST_FL_003991,HISTORICAL,FLOOD,2021,10,2021-10-01 00:00:00,month,,,missing,Kerala,,1.0,,,,,,,,,,,,,,,
HIST_FL_003992,HIST_FL_003992,HISTORICAL,FLOOD,2021,10,2021-10-01 00:00:00,month,,,missing,Kerala,,9.0,,,,,,,,,,,,,,,
HIST_FL_003993,HIST_FL_003993,HISTORICAL,FLOOD,2021,10,2021-10-01 00:00:00,month,,,missing,Kerala,,9.0,,2.0,,,,,,,,,,,,,
HIST_FL_003994,HIST_FL_003994,HISTORICAL,FLOOD,2021,10,2021-10-01 00:00:00,month,,,missing,Kerala,,9.0,,2.0,,,,,,,,,,,,,
HIST_FL_003995,HIST_FL_003995,HISTORICAL,FLOOD,2021,10,2021-10-01 00:00:00,month,,,missing,Kerala,,9.0,,1.0,,,,,,,,,,,,,
HIST_FL_003996,HIST_FL_003996,HISTORICAL,FLOOD,2021,10,2021-10-01 00:00:00,month,,,missing,Kerala,,1.0,,,,,,,,,,,,,,,
HIST_FL_003997,HIST_FL_003997,HISTORICAL,FLOOD,2021,10,2021-10-01 00:00:00,month,,,missing,Kerala,,1.0,,,,,,,,,,,,,,,
HIST_FL_003998,HIST_FL_003998,HISTORICAL,FLOOD,2021,10,2021-10-01 00:00:00,month,,,missing,Kerala,,1.0,,,,,,,,,,,,,,,
HIST_FL_003999,HIST_FL_003999,HISTORICAL,FLOOD,2021,10,2021-10-01 00:00:00,month,,,missing,Kerala,,1.0,,,,,,,,,,,,,,,
HIST_FL_004000,HIST_FL_004000,HISTORICAL,FLOOD,2021,10,2021-10-01 00:00:00,month,,,missing,Kerala,,1.0,,,,,,,,,,,,,,,
HIST_FL_004001,HIST_FL_004001,HISTORICAL,FLOOD,2021,10,2021-10-01 00:00:00,month,,,missing,Maharashtra,,1.0,,,,,,,,,,,,,,,
HIST_FL_004002,HIST_FL_004002,HISTORICAL,FLOOD,2021,10,2021-10-01 00:00:00,month,,,missing,Maharashtra,,1.0,,,,,,,,,,,,,,,
HIST_FL_004003,HIST_FL_004003,HISTORICAL,FLOOD,2021,10,2021-10-01 00:00:00,month,,,missing,Maharashtra,,2.0,,,,,,,,,,,,,,,
HIST_FL_004004,HIST_FL_004004,HISTORICAL,FLOOD,2021,10,2021-10-01 00:00:00,month,,,missing,Maharashtra,,1.0,,3.0,,,,,,,,,,,,,
HIST_FL_004005,HIST_FL_004005,HISTORICAL,FLOOD,2021,10,2021-10-01 00:00:00,month,,,missing,Maharashtra,,1.0,,,,,,,,,,,,,,,
HIST_FL_004006,HIST_FL_004006,HISTORICAL,FLOOD,2021,10,2021-10-01 00:00:00,month,,,missing,Maharashtra,,1.0,,1.0,,,,,,,,,,,,,
HIST_FL_004007,HIST_FL_004007,HISTORICAL,FLOOD,2021,10,2021-10-01 00:00:00,month,,,missing,Maharashtra,,1.0,,1.0,,,,,,,,,,,,,
HIST_FL_004008,HIST_FL_004008,HISTORICAL,FLOOD,2021,10,2021-10-01 00:00:00,month,,,missing,Maharashtra,,1.0,,,,,,,,,,,,,,,
HIST_FL_004009,HIST_FL_004009,HISTORICAL,FLOOD,2021,10,2021-10-01 00:00:00,month,,,missing,Maharashtra,,2.0,,,,,,,,,,,,,,,
HIST_FL_004010,HIST_FL_004010,HISTORICAL,FLOOD,2021,10,2021-10-01 00:00:00,month,,,missing,Maharashtra,,1.0,,1.0,,,,,,,,,,,,,
HIST_FL_004011,HIST_FL_004011,HISTORICAL,FLOOD,2021,10,2021-10-01 00:00:00,month,,,missing,Sikkim,,4.0,,,,,,,,,,,,,,,
HIST_FL_004012,HIST_FL_004012,HISTORICAL,FLOOD,2021,10,2021-10-01 00:00:00,month,,,missing,Telangana,,1.0,,2.0,,,,,,,,,,,,,
HIST_FL_004013,HIST_FL_004013,HISTORICAL,FLOOD,2021,10,2021-10-01 00:00:00,month,,,missing,Uttarakhand,,4.0,,52.0,,,,,,,,,,,,,
HIST_FL_004014,HIST_FL_004014,HISTORICAL,FLOOD,2021,10,2021-10-01 00:00:00,month,,,missing,West Bengal,,1.0,,1.0,,,,,,,,,,,,,
HIST_FL_004015,HIST_FL_004015,HISTORICAL,FLOOD,2021,10,2021-10-01 00:00:00,month,,,missing,West Bengal,,1.0,,1.0,,,,,,,,,,,,,
HIST_FL_004016,HIST_FL_004016,HISTORICAL,FLOOD,2021,10,2021-10-01 00:00:00,month,,,missing,West Bengal,,1.0,,2.0,,,,,,,,,,,,,
HIST_FL_004017,HIST_FL_004017,HISTORICAL,FLOOD,2021,11,2021-11-01 00:00:00,month,,,missing,Andhra Pradesh,,14.0,,7.0,,,,,,,,,,,,,
HIST_FL_004018,HIST_FL_004018,HISTORICAL,FLOOD,2021,11,2021-11-01 00:00:00,month,,,missing,Andhra Pradesh,,14.0,,13.0,,,,,,,,,,,,,
HIST_FL_004019,HIST_FL_004019,HISTORICAL,FLOOD,2021,11,2021-11-01 00:00:00,month,,,missing,Andhra Pradesh,,14.0,,13.0,,,,,,,,,,,,,
HIST_FL_004020,HIST_FL_004020,HISTORICAL,FLOOD,2021,11,2021-11-01 00:00:00,month,,,missing,Andhra Pradesh,,14.0,,3.0,,,,,,,,,,,,,
HIST_FL_004021,HIST_FL_004021,HISTORICAL,FLOOD,2021,11,2021-11-01 00:00:00,month,,,missing,Andhra Pradesh,,14.0,,,,,,,,,,,,,,,
HIST_FL_004022,HIST_FL_004022,HISTORICAL,FLOOD,2021,11,2021-11-01 00:00:00,month,,,missing,Andhra Pradesh,,14.0,,8.0,,,,,,,,,,,,,
HIST_FL_004023,HIST_FL_004023,HISTORICAL,FLOOD,2021,11,2021-11-01 00:00:00,month,,,missing,Karnataka,,6.0,,6.0,,,,,,,,,,,,,
HIST_FL_004024,HIST_FL_004024,HISTORICAL,FLOOD,2021,11,2021-11-01 00:00:00,month,,,missing,Karnataka,,6.0,,1.0,,,,,,,,,,,,,
HIST_FL_004025,HIST_FL_004025,HISTORICAL,FLOOD,2021,11,2021-11-01 00:00:00,month,,,missing,Karnataka,,6.0,,1.0,,,,,,,,,,,,,
HIST_FL_004026,HIST_FL_004026,HISTORICAL,FLOOD,2021,11,2021-11-01 00:00:00,month,,,missing,Karnataka,,6.0,,7.0,,,,,,,,,,,,,
HIST_FL_004027,HIST_FL_004027,HISTORICAL,FLOOD,2021,11,2021-11-01 00:00:00,month,,,missing,Kerala,,1.0,,,,,,,,,,,,,,,
HIST_FL_004028,HIST_FL_004028,HISTORICAL,FLOOD,2021,11,2021-11-01 00:00:00,month,,,missing,Kerala,,1.0,,,,,,,,,,,,,,,
HIST_FL_004029,HIST_FL_004029,HISTORICAL,FLOOD,2021,11,2021-11-01 00:00:00,month,,,missing,Kerala,,1.0,,,,,,,,,,,,,,,
HIST_FL_004030,HIST_FL_004030,HISTORICAL,FLOOD,2021,11,2021-11-01 00:00:00,month,,,missing,Kerala,,1.0,,1.0,,,,,,,,,,,,,
HIST_FL_004031,HIST_FL_004031,HISTORICAL,FLOOD,2021,11,2021-11-01 00:00:00,month,,,missing,Kerala,,1.0,,2.0,,,,,,,,,,,,,
HIST_FL_004032,HIST_FL_004032,HISTORICAL,FLOOD,2021,11,2021-11-01 00:00:00,month,,,missing,Kerala,,1.0,,1.0,,,,,,,,,,,,,
HIST_FL_004033,HIST_FL_004033,HISTORICAL,FLOOD,2021,11,2021-11-01 00:00:00,month,,,missing,Kerala,,6.0,,,,,,,,,,,,,,,
HIST_FL_004034,HIST_FL_004034,HISTORICAL,FLOOD,2021,11,2021-11-01 00:00:00,month,,,missing,Kerala,,6.0,,1.0,,,,,,,,,,,,,
HIST_FL_004035,HIST_FL_004035,HISTORICAL,FLOOD,2021,11,2021-11-01 00:00:00,month,,,missing,Kerala,,2.0,,,,,,,,,,,,,,,
HIST_FL_004036,HIST_FL_004036,HISTORICAL,FLOOD,2021,11,2021-11-01 00:00:00,month,,,missing,Kerala,,2.0,,1.0,,,,,,,,,,,,,
HIST_FL_004037,HIST_FL_004037,HISTORICAL,FLOOD,2021,11,2021-11-01 00:00:00,month,,,missing,Kerala,,1.0,,1.0,,,,,,,,,,,,,
HIST_FL_004038,HIST_FL_004038,HISTORICAL,FLOOD,2021,11,2021-11-01 00:00:00,month,,,missing,Kerala,,1.0,,1.0,,,,,,,,,,,,,
HIST_FL_004039,HIST_FL_004039,HISTORICAL,FLOOD,2021,11,2021-11-01 00:00:00,month,,,missing,Kerala,,1.0,,,,,,,,,,,,,,,
HIST_FL_004040,HIST_FL_004040,HISTORICAL,FLOOD,2021,11,2021-11-01 00:00:00,month,,,missing,Maharashtra,,1.0,,,,,,,,,,,,,,,
HIST_FL_004041,HIST_FL_004041,HISTORICAL,FLOOD,2021,11,2021-11-01 00:00:00,month,,,missing,Tamil Nadu,,16.0,,4.0,,,,,,,,,,,,,
HIST_FL_004042,HIST_FL_004042,HISTORICAL,FLOOD,2021,11,2021-11-01 00:00:00,month,,,missing,Tamil Nadu,,16.0,,,,,,,,,,,,,,,
HIST_FL_004043,HIST_FL_004043,HISTORICAL,FLOOD,2021,11,2021-11-01 00:00:00,month,,,missing,Tamil Nadu,,16.0,,,,,,,,,,,,,,,
HIST_FL_004044,HIST_FL_004044,HISTORICAL,FLOOD,2021,11,2021-11-01 00:00:00,month,,,missing,Tamil Nadu,,16.0,,,,,,,,,,,,,,,
HIST_FL_004045,HIST_FL_004045,HISTORICAL,FLOOD,2021,11,2021-11-01 00:00:00,month,,,missing,Tamil Nadu,,16.0,,,,,,,,,,,,,,,
HIST_FL_004046,HIST_FL_004046,HISTORICAL,FLOOD,2021,11,2021-11-01 00:00:00,month,,,missing,Tamil Nadu,,16.0,,,,,,,,,,,,,,,
HIST_FL_004047,HIST_FL_004047,HISTORICAL,FLOOD,2021,11,2021-11-01 00:00:00,month,,,missing,Tamil Nadu,,16.0,,,,,,,,,,,,,,,
HIST_FL_004048,HIST_FL_004048,HISTORICAL,FLOOD,2021,11,2021-11-01 00:00:00,month,,,missing,Tamil Nadu,,16.0,,,,,,,,,,,,,,,
HIST_FL_004049,HIST_FL_004049,HISTORICAL,FLOOD,2021,11,2021-11-01 00:00:00,month,,,missing,Tamil Nadu,,16.0,,,,,,,,,,,,,,,
HIST_FL_004050,HIST_FL_004050,HISTORICAL,FLOOD,2021,11,2021-11-01 00:00:00,month,,,missing,Tamil Nadu,,1.0,,1.0,,,,,,,,,,,,,
HIST_FL_004051,HIST_FL_004051,HISTORICAL,FLOOD,2021,11,2021-11-01 00:00:00,month,,,missing,Tamil Nadu,,1.0,,2.0,,,,,,,,,,,,,
HIST_FL_004052,HIST_FL_004052,HISTORICAL,FLOOD,2021,11,2021-11-01 00:00:00,month,,,missing,Tamil Nadu,,1.0,,9.0,,,,,,,,,,,,,
HIST_FL_004053,HIST_FL_004053,HISTORICAL,FLOOD,2021,11,2021-11-01 00:00:00,month,,,missing,Tamil Nadu,,1.0,,,,,,,,,,,,,,,
HIST_FL_004054,HIST_FL_004054,HISTORICAL,FLOOD,2021,11,2021-11-01 00:00:00,month,,,missing,Tamil Nadu,,1.0,,3.0,,,,,,,,,,,,,
HIST_FL_004055,HIST_FL_004055,HISTORICAL,FLOOD,2021,11,2021-11-01 00:00:00,month,,,missing,Tamil Nadu,,1.0,,3.0,,,,,,,,,,,,,
HIST_FL_004056,HIST_FL_004056,HISTORICAL,FLOOD,2021,11,2021-11-01 00:00:00,month,,,missing,Tamil Nadu,,1.0,,1.0,,,,,,,,,,,,,
HIST_FL_004057,HIST_FL_004057,HISTORICAL,FLOOD,2021,12,2021-12-01 00:00:00,month,,,missing,Maharashtra,,2.0,,,,,,,,,,,,,,,
HIST_FL_004058,HIST_FL_004058,HISTORICAL,FLOOD,2021,12,2021-12-01 00:00:00,month,,,missing,Maharashtra,,1.0,,,,,,,,,,,,,,,
HIST_FL_004059,HIST_FL_004059,HISTORICAL,FLOOD,2021,12,2021-12-01 00:00:00,month,,,missing,Maharashtra,,1.0,,,,,,,,,,,,,,,
HIST_FL_004060,HIST_FL_004060,HISTORICAL,FLOOD,2021,12,2021-12-01 00:00:00,month,,,missing,Tamil Nadu,,1.0,,3.0,,,,,,,,,,,,,
HIST_FL_004061,HIST_FL_004061,HISTORICAL,FLOOD,2022,1,2022-01-01 00:00:00,month,,,missing,Himachal Pradesh,,1.0,,3.0,,,,,,,,,,,,,
HIST_FL_004062,HIST_FL_004062,HISTORICAL,FLOOD,2022,1,2022-01-01 00:00:00,month,,,missing,Jammu and Kashmir,,1.0,,,,,,,,,,,,,,,
HIST_FL_004063,HIST_FL_004063,HISTORICAL,FLOOD,2022,1,2022-01-01 00:00:00,month,,,missing,Jammu and Kashmir,,1.0,,1.0,,,,,,,,,,,,,
HIST_FL_004064,HIST_FL_004064,HISTORICAL,FLOOD,2022,1,2022-01-01 00:00:00,month,,,missing,Jammu and Kashmir,,1.0,,,,,,,,,,,,,,,
HIST_FL_004065,HIST_FL_004065,HISTORICAL,FLOOD,2022,1,2022-01-01 00:00:00,month,,,missing,Jammu and Kashmir,,1.0,,,,,,,,,,,,,,,
HIST_FL_004066,HIST_FL_004066,HISTORICAL,FLOOD,2022,1,2022-01-01 00:00:00,month,,,missing,Jammu and Kashmir,,1.0,,,,,,,,,,,,,,,
HIST_FL_004067,HIST_FL_004067,HISTORICAL,FLOOD,2022,1,2022-01-01 00:00:00,month,,,missing,Jammu and Kashmir,,1.0,,,,,,,,,,,,,,,
HIST_FL_004068,HIST_FL_004068,HISTORICAL,FLOOD,2022,1,2022-01-01 00:00:00,month,,,missing,Jammu and Kashmir,,1.0,,,,,,,,,,,,,,,
HIST_FL_004069,HIST_FL_004069,HISTORICAL,FLOOD,2022,1,2022-01-01 00:00:00,month,,,missing,Jammu and Kashmir,,1.0,,,,,,,,,,,,,,,
HIST_FL_004070,HIST_FL_004070,HISTORICAL,FLOOD,2022,1,2022-01-01 00:00:00,month,,,missing,Jammu and Kashmir,,1.0,,,,,,,,,,,,,,,
HIST_FL_004071,HIST_FL_004071,HISTORICAL,FLOOD,2022,1,2022-01-01 00:00:00,month,,,missing,Madhya Pradesh,,1.0,,,,,,,,,,,,,,,
HIST_FL_004072,HIST_FL_004072,HISTORICAL,FLOOD,2022,1,2022-01-01 00:00:00,month,,,missing,Madhya Pradesh,,1.0,,,,,,,,,,,,,,,
HIST_FL_004073,HIST_FL_004073,HISTORICAL,FLOOD,2022,1,2022-01-01 00:00:00,month,,,missing,Maharashtra,,4.0,,,,,,,,,,,,,,,
HIST_FL_004074,HIST_FL_004074,HISTORICAL,FLOOD,2022,1,2022-01-01 00:00:00,month,,,missing,Maharashtra,,4.0,,,,,,,,,,,,,,,
HIST_FL_004075,HIST_FL_004075,HISTORICAL,FLOOD,2022,1,2022-01-01 00:00:00,month,,,missing,Maharashtra,,4.0,,,,,,,,,,,,,,,
HIST_FL_004076,HIST_FL_004076,HISTORICAL,FLOOD,2022,1,2022-01-01 00:00:00,month,,,missing,Maharashtra,,4.0,,,,,,,,,,,,,,,
HIST_FL_004077,HIST_FL_004077,HISTORICAL,FLOOD,2022,1,2022-01-01 00:00:00,month,,,missing,Maharashtra,,4.0,,,,,,,,,,,,,,,
HIST_FL_004078,HIST_FL_004078,HISTORICAL,FLOOD,2022,1,2022-01-01 00:00:00,month,,,missing,Maharashtra,,4.0,,,,,,,,,,,,,,,
HIST_FL_004079,HIST_FL_004079,HISTORICAL,FLOOD,2022,1,2022-01-01 00:00:00,month,,,missing,Maharashtra,,4.0,,,,,,,,,,,,,,,
HIST_FL_004080,HIST_FL_004080,HISTORICAL,FLOOD,2022,1,2022-01-01 00:00:00,month,,,missing,Maharashtra,,4.0,,,,,,,,,,,,,,,
HIST_FL_004081,HIST_FL_004081,HISTORICAL,FLOOD,2022,1,2022-01-01 00:00:00,month,,,missing,Maharashtra,,1.0,,,,,,,,,,,,,,,
HIST_FL_004082,HIST_FL_004082,HISTORICAL,FLOOD,2022,1,2022-01-01 00:00:00,month,,,missing,Maharashtra,,1.0,,,,,,,,,,,,,,,
HIST_FL_004083,HIST_FL_004083,HISTORICAL,FLOOD,2022,1,2022-01-01 00:00:00,month,,,missing,Maharashtra,,1.0,,,,,,,,,,,,,,,
HIST_FL_004084,HIST_FL_004084,HISTORICAL,FLOOD,2022,1,2022-01-01 00:00:00,month,,,missing,Rajasthan,,365.0,,,,,,,,,,,,,,,
HIST_FL_004085,HIST_FL_004085,HISTORICAL,FLOOD,2022,3,2022-03-01 00:00:00,month,,,missing,Kerala,,1.0,,,,,,,,,,,,,,,
HIST_FL_004086,HIST_FL_004086,HISTORICAL,FLOOD,2022,3,2022-03-01 00:00:00,month,,,missing,Kerala,,1.0,,,,,,,,,,,,,,,
HIST_FL_004087,HIST_FL_004087,HISTORICAL,FLOOD,2022,3,2022-03-01 00:00:00,month,,,missing,Kerala,,1.0,,,,,,,,,,,,,,,
HIST_FL_004088,HIST_FL_004088,HISTORICAL,FLOOD,2022,3,2022-03-01 00:00:00,month,,,missing,Kerala,,1.0,,,,,,,,,,,,,,,
HIST_FL_004089,HIST_FL_004089,HISTORICAL,FLOOD,2022,3,2022-03-01 00:00:00,month,,,missing,Maharashtra,,1.0,,,,,,,,,,,,,,,
HIST_FL_004090,HIST_FL_004090,HISTORICAL,FLOOD,2022,3,2022-03-01 00:00:00,month,,,missing,Maharashtra,,2.0,,,,,,,,,,,,,,,
HIST_FL_004091,HIST_FL_004091,HISTORICAL,FLOOD,2022,3,2022-03-01 00:00:00,month,,,missing,Maharashtra,,2.0,,,,,,,,,,,,,,,
HIST_FL_004092,HIST_FL_004092,HISTORICAL,FLOOD,2022,3,2022-03-01 00:00:00,month,,,missing,Maharashtra,,2.0,,,,,,,,,,,,,,,
HIST_FL_004093,HIST_FL_004093,HISTORICAL,FLOOD,2022,3,2022-03-01 00:00:00,month,,,missing,Maharashtra,,2.0,,,,,,,,,,,,,,,
HIST_FL_004094,HIST_FL_004094,HISTORICAL,FLOOD,2022,4,2022-04-01 00:00:00,month,,,missing,Arunachal Pradesh,,1.0,,,,,,,,,,,,,,,
HIST_FL_004095,HIST_FL_004095,HISTORICAL,FLOOD,2022,4,2022-04-01 00:00:00,month,,,missing,Arunachal Pradesh,,1.0,,3.0,,,,,,,,,,,,,
HIST_FL_004096,HIST_FL_004096,HISTORICAL,FLOOD,2022,4,2022-04-01 00:00:00,month,,,missing,Goa,,1.0,,,,,,,,,,,,,,,
HIST_FL_004097,HIST_FL_004097,HISTORICAL,FLOOD,2022,4,2022-04-01 00:00:00,month,,,missing,Goa,,3.0,,,,,,,,,,,,,,,
HIST_FL_004098,HIST_FL_004098,HISTORICAL,FLOOD,2022,4,2022-04-01 00:00:00,month,,,missing,Goa,,2.0,,,,,,,,,,,,,,,
HIST_FL_004099,HIST_FL_004099,HISTORICAL,FLOOD,2022,4,2022-04-01 00:00:00,month,,,missing,Goa,,1.0,,,,,,,,,,,,,,,
HIST_FL_004100,HIST_FL_004100,HISTORICAL,FLOOD,2022,4,2022-04-01 00:00:00,month,,,missing,Goa,,214.0,,,,,,,,,,,,,,,
HIST_FL_004101,HIST_FL_004101,HISTORICAL,FLOOD,2022,4,2022-04-01 00:00:00,month,,,missing,Karnataka,,1.0,,1.0,,,,,,,,,,,,,
HIST_FL_004102,HIST_FL_004102,HISTORICAL,FLOOD,2022,4,2022-04-01 00:00:00,month,,,missing,Maharashtra,,2.0,,,,,,,,,,,,,,,
HIST_FL_004103,HIST_FL_004103,HISTORICAL,FLOOD,2022,4,2022-04-01 00:00:00,month,,,missing,Maharashtra,,2.0,,,,,,,,,,,,,,,
HIST_FL_004104,HIST_FL_004104,HISTORICAL,FLOOD,2022,4,2022-04-01 00:00:00,month,,,missing,Meghalaya,,1.0,,2.0,,,,,,,,,,,,,
HIST_FL_004105,HIST_FL_004105,HISTORICAL,FLOOD,2022,4,2022-04-01 00:00:00,month,,,missing,West Bengal,,2.0,,,,,,,,,,,,,,,
HIST_FL_004106,HIST_FL_004106,HISTORICAL,FLOOD,2022,4,2022-04-01 00:00:00,month,,,missing,West Bengal,,2.0,,,,,,,,,,,,,,,
HIST_FL_004107,HIST_FL_004107,HISTORICAL,FLOOD,2022,5,2022-05-01 00:00:00,month,,,missing,Andhra Pradesh,,1.0,,,,,,,,,,,,,,,
HIST_FL_004108,HIST_FL_004108,HISTORICAL,FLOOD,2022,5,2022-05-01 00:00:00,month,,,missing,Andhra Pradesh,,1.0,,,,,,,,,,,,,,,
HIST_FL_004109,HIST_FL_004109,HISTORICAL,FLOOD,2022,5,2022-05-01 00:00:00,month,,,missing,Arunachal Pradesh,,1.0,,,,,,,,,,,,,,,
HIST_FL_004110,HIST_FL_004110,HISTORICAL,FLOOD,2022,5,2022-05-01 00:00:00,month,,,missing,Arunachal Pradesh,,7.0,,,,,,,,,,,,,,,
HIST_FL_004111,HIST_FL_004111,HISTORICAL,FLOOD,2022,5,2022-05-01 00:00:00,month,,,missing,Arunachal Pradesh,,7.0,,,,,,,,,,,,,,,
HIST_FL_004112,HIST_FL_004112,HISTORICAL,FLOOD,2022,5,2022-05-01 00:00:00,month,,,missing,Arunachal Pradesh,,7.0,,,,,,,,,,,,,,,
HIST_FL_004113,HIST_FL_004113,HISTORICAL,FLOOD,2022,5,2022-05-01 00:00:00,month,,,missing,Arunachal Pradesh,,7.0,,,,,,,,,,,,,,,
HIST_FL_004114,HIST_FL_004114,HISTORICAL,FLOOD,2022,5,2022-05-01 00:00:00,month,,,missing,Arunachal Pradesh,,7.0,,,,,,,,,,,,,,,
HIST_FL_004115,HIST_FL_004115,HISTORICAL,FLOOD,2022,5,2022-05-01 00:00:00,month,,,missing,Arunachal Pradesh,,7.0,,,,,,,,,,,,,,,
HIST_FL_004116,HIST_FL_004116,HISTORICAL,FLOOD,2022,5,2022-05-01 00:00:00,month,,,missing,Arunachal Pradesh,,7.0,,,,,,,,,,,,,,,
HIST_FL_004117,HIST_FL_004117,HISTORICAL,FLOOD,2022,5,2022-05-01 00:00:00,month,,,missing,Arunachal Pradesh,,1.0,,3.0,,,,,,,,,,,,,
HIST_FL_004118,HIST_FL_004118,HISTORICAL,FLOOD,2022,5,2022-05-01 00:00:00,month,,,missing,Arunachal Pradesh,,1.0,,5.0,,,,,,,,,,,,,
HIST_FL_004119,HIST_FL_004119,HISTORICAL,FLOOD,2022,5,2022-05-01 00:00:00,month,,,missing,Arunachal Pradesh,,1.0,,3.0,,,,,,,,,,,,,
HIST_FL_004120,HIST_FL_004120,HISTORICAL,FLOOD,2022,5,2022-05-01 00:00:00,month,,,missing,Arunachal Pradesh,,2.0,,,,,,,,,,,,,,,
HIST_FL_004121,HIST_FL_004121,HISTORICAL,FLOOD,2022,5,2022-05-01 00:00:00,month,,,missing,Arunachal Pradesh,,2.0,,,,,,,,,,,,,,,
HIST_FL_004122,HIST_FL_004122,HISTORICAL,FLOOD,2022,5,2022-05-01 00:00:00,month,,,missing,Arunachal Pradesh,,1.0,,,,,,,,,,,,,,,
HIST_FL_004123,HIST_FL_004123,HISTORICAL,FLOOD,2022,5,2022-05-01 00:00:00,month,,,missing,Arunachal Pradesh,,1.0,,,,,,,,,,,,,,,
HIST_FL_004124,HIST_FL_004124,HISTORICAL,FLOOD,2022,5,2022-05-01 00:00:00,month,,,missing,Arunachal Pradesh,,1.0,,,,,,,,,,,,,,,
HIST_FL_004125,HIST_FL_004125,HISTORICAL,FLOOD,2022,5,2022-05-01 00:00:00,month,,,missing,Arunachal Pradesh,,1.0,,,,,,,,,,,,,,,
HIST_FL_004126,HIST_FL_004126,HISTORICAL,FLOOD,2022,5,2022-05-01 00:00:00,month,,,missing,Assam,,2.0,,,,,,,,,,,,,,,
HIST_FL_004127,HIST_FL_004127,HISTORICAL,FLOOD,2022,5,2022-05-01 00:00:00,month,,,missing,Assam,,2.0,,,,,,,,,,,,,,,
HIST_FL_004128,HIST_FL_004128,HISTORICAL,FLOOD,2022,5,2022-05-01 00:00:00,month,,,missing,Assam,,2.0,,,,,,,,,,,,,,,
HIST_FL_004129,HIST_FL_004129,HISTORICAL,FLOOD,2022,5,2022-05-01 00:00:00,month,,,missing,Assam,,2.0,,,,,,,,,,,,,,,
HIST_FL_004130,HIST_FL_004130,HISTORICAL,FLOOD,2022,5,2022-05-01 00:00:00,month,,,missing,Assam,,2.0,,,,,,,,,,,,,,,
HIST_FL_004131,HIST_FL_004131,HISTORICAL,FLOOD,2022,5,2022-05-01 00:00:00,month,,,missing,Assam,,2.0,,,,,,,,,,,,,,,
HIST_FL_004132,HIST_FL_004132,HISTORICAL,FLOOD,2022,5,2022-05-01 00:00:00,month,,,missing,Assam,,2.0,,,,,,,,,,,,,,,
HIST_FL_004133,HIST_FL_004133,HISTORICAL,FLOOD,2022,5,2022-05-01 00:00:00,month,,,missing,Assam,,1.0,,3.0,,,,,,,,,,,,,
HIST_FL_004134,HIST_FL_004134,HISTORICAL,FLOOD,2022,5,2022-05-01 00:00:00,month,,,missing,Assam,,1.0,,,,,,,,,,,,,,,
HIST_FL_004135,HIST_FL_004135,HISTORICAL,FLOOD,2022,5,2022-05-01 00:00:00,month,,,missing,Assam,,1.0,,,,,,,,,,,,,,,
HIST_FL_004136,HIST_FL_004136,HISTORICAL,FLOOD,2022,5,2022-05-01 00:00:00,month,,,missing,Assam,,1.0,,,,,,,,,,,,,,,
HIST_FL_004137,HIST_FL_004137,HISTORICAL,FLOOD,2022,5,2022-05-01 00:00:00,month,,,missing,Assam,,1.0,,,,,,,,,,,,,,,
HIST_FL_004138,HIST_FL_004138,HISTORICAL,FLOOD,2022,5,2022-05-01 00:00:00,month,,,missing,Assam,,1.0,,,,,,,,,,,,,,,
HIST_FL_004139,HIST_FL_004139,HISTORICAL,FLOOD,2022,5,2022-05-01 00:00:00,month,,,missing,Assam,,1.0,,,,,,,,,,,,,,,
HIST_FL_004140,HIST_FL_004140,HISTORICAL,FLOOD,2022,5,2022-05-01 00:00:00,month,,,missing,Assam,,1.0,,,,,,,,,,,,,,,
HIST_FL_004141,HIST_FL_004141,HISTORICAL,FLOOD,2022,5,2022-05-01 00:00:00,month,,,missing,Assam,,1.0,,,,,,,,,,,,,,,
HIST_FL_004142,HIST_FL_004142,HISTORICAL,FLOOD,2022,5,2022-05-01 00:00:00,month,,,missing,Assam,,1.0,,,,,,,,,,,,,,,
HIST_FL_004143,HIST_FL_004143,HISTORICAL,FLOOD,2022,5,2022-05-01 00:00:00,month,,,missing,Assam,,1.0,,2.0,,,,,,,,,,,,,
HIST_FL_004144,HIST_FL_004144,HISTORICAL,FLOOD,2022,5,2022-05-01 00:00:00,month,,,missing,Assam,,1.0,,,,,,,,,,,,,,,
HIST_FL_004145,HIST_FL_004145,HISTORICAL,FLOOD,2022,5,2022-05-01 00:00:00,month,,,missing,Assam,,1.0,,,,,,,,,,,,,,,
HIST_FL_004146,HIST_FL_004146,HISTORICAL,FLOOD,2022,5,2022-05-01 00:00:00,month,,,missing,Assam,,1.0,,,,,,,,,,,,,,,
HIST_FL_004147,HIST_FL_004147,HISTORICAL,FLOOD,2022,5,2022-05-01 00:00:00,month,,,missing,Assam,,1.0,,,,,,,,,,,,,,,
HIST_FL_004148,HIST_FL_004148,HISTORICAL,FLOOD,2022,5,2022-05-01 00:00:00,month,,,missing,Assam,,1.0,,,,,,,,,,,,,,,
HIST_FL_004149,HIST_FL_004149,HISTORICAL,FLOOD,2022,5,2022-05-01 00:00:00,month,,,missing,Assam,,1.0,,,,,,,,,,,,,,,
HIST_FL_004150,HIST_FL_004150,HISTORICAL,FLOOD,2022,5,2022-05-01 00:00:00,month,,,missing,Assam,,1.0,,,,,,,,,,,,,,,
HIST_FL_004151,HIST_FL_004151,HISTORICAL,FLOOD,2022,5,2022-05-01 00:00:00,month,,,missing,Assam,,1.0,,,,,,,,,,,,,,,
HIST_FL_004152,HIST_FL_004152,HISTORICAL,FLOOD,2022,5,2022-05-01 00:00:00,month,,,missing,Assam,,1.0,,,,,,,,,,,,,,,
HIST_FL_004153,HIST_FL_004153,HISTORICAL,FLOOD,2022,5,2022-05-01 00:00:00,month,,,missing,Assam,,1.0,,,,,,,,,,,,,,,
HIST_FL_004154,HIST_FL_004154,HISTORICAL,FLOOD,2022,5,2022-05-01 00:00:00,month,,,missing,Assam,,1.0,,,,,,,,,,,,,,,
HIST_FL_004155,HIST_FL_004155,HISTORICAL,FLOOD,2022,5,2022-05-01 00:00:00,month,,,missing,Assam,,1.0,,,,,,,,,,,,,,,
HIST_FL_004156,HIST_FL_004156,HISTORICAL,FLOOD,2022,5,2022-05-01 00:00:00,month,,,missing,Assam,,1.0,,,,,,,,,,,,,,,
HIST_FL_004157,HIST_FL_004157,HISTORICAL,FLOOD,2022,5,2022-05-01 00:00:00,month,,,missing,Assam,,1.0,,,,,,,,,,,,,,,
HIST_FL_004158,HIST_FL_004158,HISTORICAL,FLOOD,2022,5,2022-05-01 00:00:00,month,,,missing,Assam,,1.0,,,,,,,,,,,,,,,
HIST_FL_004159,HIST_FL_004159,HISTORICAL,FLOOD,2022,5,2022-05-01 00:00:00,month,,,missing,Assam,,1.0,,,,,,,,,,,,,,,
HIST_FL_004160,HIST_FL_004160,HISTORICAL,FLOOD,2022,5,2022-05-01 00:00:00,month,,,missing,Assam,,1.0,,,,,,,,,,,,,,,
HIST_FL_004161,HIST_FL_004161,HISTORICAL,FLOOD,2022,5,2022-05-01 00:00:00,month,,,missing,Assam,,1.0,,,,,,,,,,,,,,,
HIST_FL_004162,HIST_FL_004162,HISTORICAL,FLOOD,2022,5,2022-05-01 00:00:00,month,,,missing,Assam,,1.0,,,,,,,,,,,,,,,
HIST_FL_004163,HIST_FL_004163,HISTORICAL,FLOOD,2022,5,2022-05-01 00:00:00,month,,,missing,Assam,,1.0,,,,,,,,,,,,,,,
HIST_FL_004164,HIST_FL_004164,HISTORICAL,FLOOD,2022,5,2022-05-01 00:00:00,month,,,missing,Assam,,1.0,,,,,,,,,,,,,,,
HIST_FL_004165,HIST_FL_004165,HISTORICAL,FLOOD,2022,5,2022-05-01 00:00:00,month,,,missing,Assam,,1.0,,,,,,,,,,,,,,,
HIST_FL_004166,HIST_FL_004166,HISTORICAL,FLOOD,2022,5,2022-05-01 00:00:00,month,,,missing,Assam,,1.0,,,,,,,,,,,,,,,
HIST_FL_004167,HIST_FL_004167,HISTORICAL,FLOOD,2022,5,2022-05-01 00:00:00,month,,,missing,Assam,,1.0,,,,,,,,,,,,,,,
HIST_FL_004168,HIST_FL_004168,HISTORICAL,FLOOD,2022,5,2022-05-01 00:00:00,month,,,missing,Assam,,1.0,,,,,,,,,,,,,,,
HIST_FL_004169,HIST_FL_004169,HISTORICAL,FLOOD,2022,5,2022-05-01 00:00:00,month,,,missing,Assam,,1.0,,,,,,,,,,,,,,,
HIST_FL_004170,HIST_FL_004170,HISTORICAL,FLOOD,2022,5,2022-05-01 00:00:00,month,,,missing,Assam,,1.0,,,,,,,,,,,,,,,
HIST_FL_004171,HIST_FL_004171,HISTORICAL,FLOOD,2022,5,2022-05-01 00:00:00,month,,,missing,Assam,,1.0,,,,,,,,,,,,,,,
HIST_FL_004172,HIST_FL_004172,HISTORICAL,FLOOD,2022,5,2022-05-01 00:00:00,month,,,missing,Assam,,1.0,,,,,,,,,,,,,,,
HIST_FL_004173,HIST_FL_004173,HISTORICAL,FLOOD,2022,5,2022-05-01 00:00:00,month,,,missing,Assam,,1.0,,,,,,,,,,,,,,,
HIST_FL_004174,HIST_FL_004174,HISTORICAL,FLOOD,2022,5,2022-05-01 00:00:00,month,,,missing,Assam,,1.0,,,,,,,,,,,,,,,
HIST_FL_004175,HIST_FL_004175,HISTORICAL,FLOOD,2022,5,2022-05-01 00:00:00,month,,,missing,Assam,,1.0,,,,,,,,,,,,,,,
HIST_FL_004176,HIST_FL_004176,HISTORICAL,FLOOD,2022,5,2022-05-01 00:00:00,month,,,missing,Assam,,1.0,,,,,,,,,,,,,,,
HIST_FL_004177,HIST_FL_004177,HISTORICAL,FLOOD,2022,5,2022-05-01 00:00:00,month,,,missing,Assam,,1.0,,,,,,,,,,,,,,,
HIST_FL_004178,HIST_FL_004178,HISTORICAL,FLOOD,2022,5,2022-05-01 00:00:00,month,,,missing,Assam,,1.0,,,,,,,,,,,,,,,
HIST_FL_004179,HIST_FL_004179,HISTORICAL,FLOOD,2022,5,2022-05-01 00:00:00,month,,,missing,Assam,,1.0,,,,,,,,,,,,,,,
HIST_FL_004180,HIST_FL_004180,HISTORICAL,FLOOD,2022,5,2022-05-01 00:00:00,month,,,missing,Assam,,1.0,,,,,,,,,,,,,,,
HIST_FL_004181,HIST_FL_004181,HISTORICAL,FLOOD,2022,5,2022-05-01 00:00:00,month,,,missing,Assam,,1.0,,,,,,,,,,,,,,,
HIST_FL_004182,HIST_FL_004182,HISTORICAL,FLOOD,2022,5,2022-05-01 00:00:00,month,,,missing,Assam,,1.0,,,,,,,,,,,,,,,
HIST_FL_004183,HIST_FL_004183,HISTORICAL,FLOOD,2022,5,2022-05-01 00:00:00,month,,,missing,Assam,,1.0,,,,,,,,,,,,,,,
HIST_FL_004184,HIST_FL_004184,HISTORICAL,FLOOD,2022,5,2022-05-01 00:00:00,month,,,missing,Assam,,1.0,,,,,,,,,,,,,,,
HIST_FL_004185,HIST_FL_004185,HISTORICAL,FLOOD,2022,5,2022-05-01 00:00:00,month,,,missing,Assam,,1.0,,,,,,,,,,,,,,,
HIST_FL_004186,HIST_FL_004186,HISTORICAL,FLOOD,2022,5,2022-05-01 00:00:00,month,,,missing,Assam,,1.0,,1.0,,,,,,,,,,,,,
HIST_FL_004187,HIST_FL_004187,HISTORICAL,FLOOD,2022,5,2022-05-01 00:00:00,month,,,missing,Assam,,1.0,,,,,,,,,,,,,,,
HIST_FL_004188,HIST_FL_004188,HISTORICAL,FLOOD,2022,5,2022-05-01 00:00:00,month,,,missing,Assam,,1.0,,,,,,,,,,,,,,,
HIST_FL_004189,HIST_FL_004189,HISTORICAL,FLOOD,2022,5,2022-05-01 00:00:00,month,,,missing,Assam,,1.0,,,,,,,,,,,,,,,
HIST_FL_004190,HIST_FL_004190,HISTORICAL,FLOOD,2022,5,2022-05-01 00:00:00,month,,,missing,Assam,,1.0,,,,,,,,,,,,,,,
HIST_FL_004191,HIST_FL_004191,HISTORICAL,FLOOD,2022,5,2022-05-01 00:00:00,month,,,missing,Assam,,1.0,,,,,,,,,,,,,,,
HIST_FL_004192,HIST_FL_004192,HISTORICAL,FLOOD,2022,5,2022-05-01 00:00:00,month,,,missing,Assam,,1.0,,,,,,,,,,,,,,,
HIST_FL_004193,HIST_FL_004193,HISTORICAL,FLOOD,2022,5,2022-05-01 00:00:00,month,,,missing,Assam,,1.0,,,,,,,,,,,,,,,
HIST_FL_004194,HIST_FL_004194,HISTORICAL,FLOOD,2022,5,2022-05-01 00:00:00,month,,,missing,Assam,,1.0,,1.0,,,,,,,,,,,,,
HIST_FL_004195,HIST_FL_004195,HISTORICAL,FLOOD,2022,5,2022-05-01 00:00:00,month,,,missing,Assam,,1.0,,,,,,,,,,,,,,,
HIST_FL_004196,HIST_FL_004196,HISTORICAL,FLOOD,2022,5,2022-05-01 00:00:00,month,,,missing,Assam,,1.0,,,,,,,,,,,,,,,
HIST_FL_004197,HIST_FL_004197,HISTORICAL,FLOOD,2022,5,2022-05-01 00:00:00,month,,,missing,Assam,,1.0,,,,,,,,,,,,,,,
HIST_FL_004198,HIST_FL_004198,HISTORICAL,FLOOD,2022,5,2022-05-01 00:00:00,month,,,missing,Assam,,1.0,,,,,,,,,,,,,,,
HIST_FL_004199,HIST_FL_004199,HISTORICAL,FLOOD,2022,5,2022-05-01 00:00:00,month,,,missing,Assam,,1.0,,,,,,,,,,,,,,,
HIST_FL_004200,HIST_FL_004200,HISTORICAL,FLOOD,2022,5,2022-05-01 00:00:00,month,,,missing,Assam,,1.0,,,,,,,,,,,,,,,
HIST_FL_004201,HIST_FL_004201,HISTORICAL,FLOOD,2022,5,2022-05-01 00:00:00,month,,,missing,Assam,,1.0,,,,,,,,,,,,,,,
HIST_FL_004202,HIST_FL_004202,HISTORICAL,FLOOD,2022,5,2022-05-01 00:00:00,month,,,missing,Assam,,1.0,,,,,,,,,,,,,,,
HIST_FL_004203,HIST_FL_004203,HISTORICAL,FLOOD,2022,5,2022-05-01 00:00:00,month,,,missing,Assam,,1.0,,,,,,,,,,,,,,,
HIST_FL_004204,HIST_FL_004204,HISTORICAL,FLOOD,2022,5,2022-05-01 00:00:00,month,,,missing,Assam,,1.0,,,,,,,,,,,,,,,
HIST_FL_004205,HIST_FL_004205,HISTORICAL,FLOOD,2022,5,2022-05-01 00:00:00,month,,,missing,Assam,,1.0,,,,,,,,,,,,,,,
HIST_FL_004206,HIST_FL_004206,HISTORICAL,FLOOD,2022,5,2022-05-01 00:00:00,month,,,missing,Assam,,1.0,,,,,,,,,,,,,,,
HIST_FL_004207,HIST_FL_004207,HISTORICAL,FLOOD,2022,5,2022-05-01 00:00:00,month,,,missing,Assam,,1.0,,,,,,,,,,,,,,,
HIST_FL_004208,HIST_FL_004208,HISTORICAL,FLOOD,2022,5,2022-05-01 00:00:00,month,,,missing,Assam,,1.0,,,,,,,,,,,,,,,
HIST_FL_004209,HIST_FL_004209,HISTORICAL,FLOOD,2022,5,2022-05-01 00:00:00,month,,,missing,Assam,,1.0,,,,,,,,,,,,,,,
HIST_FL_004210,HIST_FL_004210,HISTORICAL,FLOOD,2022,5,2022-05-01 00:00:00,month,,,missing,Assam,,1.0,,,,,,,,,,,,,,,
HIST_FL_004211,HIST_FL_004211,HISTORICAL,FLOOD,2022,5,2022-05-01 00:00:00,month,,,missing,Assam,,1.0,,,,,,,,,,,,,,,
HIST_FL_004212,HIST_FL_004212,HISTORICAL,FLOOD,2022,5,2022-05-01 00:00:00,month,,,missing,Assam,,1.0,,,,,,,,,,,,,,,
HIST_FL_004213,HIST_FL_004213,HISTORICAL,FLOOD,2022,5,2022-05-01 00:00:00,month,,,missing,Assam,,1.0,,,,,,,,,,,,,,,
HIST_FL_004214,HIST_FL_004214,HISTORICAL,FLOOD,2022,5,2022-05-01 00:00:00,month,,,missing,Assam,,1.0,,,,,,,,,,,,,,,
HIST_FL_004215,HIST_FL_004215,HISTORICAL,FLOOD,2022,5,2022-05-01 00:00:00,month,,,missing,Assam,,1.0,,1.0,,,,,,,,,,,,,
HIST_FL_004216,HIST_FL_004216,HISTORICAL,FLOOD,2022,5,2022-05-01 00:00:00,month,,,missing,Assam,,1.0,,,,,,,,,,,,,,,
HIST_FL_004217,HIST_FL_004217,HISTORICAL,FLOOD,2022,5,2022-05-01 00:00:00,month,,,missing,Assam,,1.0,,2.0,,,,,,,,,,,,,
HIST_FL_004218,HIST_FL_004218,HISTORICAL,FLOOD,2022,5,2022-05-01 00:00:00,month,,,missing,Assam,,1.0,,1.0,,,,,,,,,,,,,
HIST_FL_004219,HIST_FL_004219,HISTORICAL,FLOOD,2022,5,2022-05-01 00:00:00,month,,,missing,Assam,,1.0,,1.0,,,,,,,,,,,,,
HIST_FL_004220,HIST_FL_004220,HISTORICAL,FLOOD,2022,5,2022-05-01 00:00:00,month,,,missing,Assam,,1.0,,,,,,,,,,,,,,,
HIST_FL_004221,HIST_FL_004221,HISTORICAL,FLOOD,2022,5,2022-05-01 00:00:00,month,,,missing,Assam,,1.0,,2.0,,,,,,,,,,,,,
HIST_FL_004222,HIST_FL_004222,HISTORICAL,FLOOD,2022,5,2022-05-01 00:00:00,month,,,missing,Assam,,1.0,,1.0,,,,,,,,,,,,,
HIST_FL_004223,HIST_FL_004223,HISTORICAL,FLOOD,2022,5,2022-05-01 00:00:00,month,,,missing,Assam,,1.0,,1.0,,,,,,,,,,,,,
HIST_FL_004224,HIST_FL_004224,HISTORICAL,FLOOD,2022,5,2022-05-01 00:00:00,month,,,missing,Assam,,1.0,,,,,,,,,,,,,,,
HIST_FL_004225,HIST_FL_004225,HISTORICAL,FLOOD,2022,5,2022-05-01 00:00:00,month,,,missing,Assam,,1.0,,1.0,,,,,,,,,,,,,
HIST_FL_004226,HIST_FL_004226,HISTORICAL,FLOOD,2022,5,2022-05-01 00:00:00,month,,,missing,Assam,,1.0,,1.0,,,,,,,,,,,,,
HIST_FL_004227,HIST_FL_004227,HISTORICAL,FLOOD,2022,5,2022-05-01 00:00:00,month,,,missing,Assam,,1.0,,4.0,,,,,,,,,,,,,
HIST_FL_004228,HIST_FL_004228,HISTORICAL,FLOOD,2022,5,2022-05-01 00:00:00,month,,,missing,Assam,,1.0,,,,,,,,,,,,,,,
HIST_FL_004229,HIST_FL_004229,HISTORICAL,FLOOD,2022,5,2022-05-01 00:00:00,month,,,missing,Assam,,1.0,,1.0,,,,,,,,,,,,,
HIST_FL_004230,HIST_FL_004230,HISTORICAL,FLOOD,2022,5,2022-05-01 00:00:00,month,,,missing,Assam,,1.0,,,,,,,,,,,,,,,
HIST_FL_004231,HIST_FL_004231,HISTORICAL,FLOOD,2022,5,2022-05-01 00:00:00,month,,,missing,Assam,,1.0,,,,,,,,,,,,,,,
HIST_FL_004232,HIST_FL_004232,HISTORICAL,FLOOD,2022,5,2022-05-01 00:00:00,month,,,missing,Assam,,1.0,,,,,,,,,,,,,,,
HIST_FL_004233,HIST_FL_004233,HISTORICAL,FLOOD,2022,5,2022-05-01 00:00:00,month,,,missing,Assam,,1.0,,1.0,,,,,,,,,,,,,
HIST_FL_004234,HIST_FL_004234,HISTORICAL,FLOOD,2022,5,2022-05-01 00:00:00,month,,,missing,Assam,,1.0,,1.0,,,,,,,,,,,,,
HIST_FL_004235,HIST_FL_004235,HISTORICAL,FLOOD,2022,5,2022-05-01 00:00:00,month,,,missing,Assam,,1.0,,,,,,,,,,,,,,,
HIST_FL_004236,HIST_FL_004236,HISTORICAL,FLOOD,2022,5,2022-05-01 00:00:00,month,,,missing,Assam,,1.0,,1.0,,,,,,,,,,,,,
HIST_FL_004237,HIST_FL_004237,HISTORICAL,FLOOD,2022,5,2022-05-01 00:00:00,month,,,missing,Assam,,1.0,,1.0,,,,,,,,,,,,,
HIST_FL_004238,HIST_FL_004238,HISTORICAL,FLOOD,2022,5,2022-05-01 00:00:00,month,,,missing,Assam,,1.0,,,,,,,,,,,,,,,
HIST_FL_004239,HIST_FL_004239,HISTORICAL,FLOOD,2022,5,2022-05-01 00:00:00,month,,,missing,Assam,,1.0,,,,,,,,,,,,,,,
HIST_FL_004240,HIST_FL_004240,HISTORICAL,FLOOD,2022,5,2022-05-01 00:00:00,month,,,missing,Assam,,1.0,,2.0,,,,,,,,,,,,,
HIST_FL_004241,HIST_FL_004241,HISTORICAL,FLOOD,2022,5,2022-05-01 00:00:00,month,,,missing,Assam,,1.0,,,,,,,,,,,,,,,
HIST_FL_004242,HIST_FL_004242,HISTORICAL,FLOOD,2022,5,2022-05-01 00:00:00,month,,,missing,Assam,,1.0,,,,,,,,,,,,,,,
HIST_FL_004243,HIST_FL_004243,HISTORICAL,FLOOD,2022,5,2022-05-01 00:00:00,month,,,missing,Assam,,1.0,,,,,,,,,,,,,,,
HIST_FL_004244,HIST_FL_004244,HISTORICAL,FLOOD,2022,5,2022-05-01 00:00:00,month,,,missing,Assam,,1.0,,2.0,,,,,,,,,,,,,
HIST_FL_004245,HIST_FL_004245,HISTORICAL,FLOOD,2022,5,2022-05-01 00:00:00,month,,,missing,Assam,,1.0,,,,,,,,,,,,,,,
HIST_FL_004246,HIST_FL_004246,HISTORICAL,FLOOD,2022,5,2022-05-01 00:00:00,month,,,missing,Assam,,1.0,,,,,,,,,,,,,,,
HIST_FL_004247,HIST_FL_004247,HISTORICAL,FLOOD,2022,5,2022-05-01 00:00:00,month,,,missing,Assam,,1.0,,,,,,,,,,,,,,,
HIST_FL_004248,HIST_FL_004248,HISTORICAL,FLOOD,2022,5,2022-05-01 00:00:00,month,,,missing,Assam,,1.0,,2.0,,,,,,,,,,,,,
HIST_FL_004249,HIST_FL_004249,HISTORICAL,FLOOD,2022,5,2022-05-01 00:00:00,month,,,missing,Assam,,1.0,,2.0,,,,,,,,,,,,,
HIST_FL_004250,HIST_FL_004250,HISTORICAL,FLOOD,2022,5,2022-05-01 00:00:00,month,,,missing,Assam,,1.0,,,,,,,,,,,,,,,
HIST_FL_004251,HIST_FL_004251,HISTORICAL,FLOOD,2022,5,2022-05-01 00:00:00,month,,,missing,Assam,,1.0,,,,,,,,,,,,,,,
HIST_FL_004252,HIST_FL_004252,HISTORICAL,FLOOD,2022,5,2022-05-01 00:00:00,month,,,missing,Assam,,1.0,,2.0,,,,,,,,,,,,,
HIST_FL_004253,HIST_FL_004253,HISTORICAL,FLOOD,2022,5,2022-05-01 00:00:00,month,,,missing,Bihar,,3.0,,1.0,,,,,,,,,,,,,
HIST_FL_004254,HIST_FL_004254,HISTORICAL,FLOOD,2022,5,2022-05-01 00:00:00,month,,,missing,Bihar,,3.0,,1.0,,,,,,,,,,,,,
HIST_FL_004255,HIST_FL_004255,HISTORICAL,FLOOD,2022,5,2022-05-01 00:00:00,month,,,missing,Bihar,,3.0,,1.0,,,,,,,,,,,,,
HIST_FL_004256,HIST_FL_004256,HISTORICAL,FLOOD,2022,5,2022-05-01 00:00:00,month,,,missing,Goa,,1.0,,,,,,,,,,,,,,,
HIST_FL_004257,HIST_FL_004257,HISTORICAL,FLOOD,2022,5,2022-05-01 00:00:00,month,,,missing,Himachal Pradesh,,1.0,,1.0,,,,,,,,,,,,,
HIST_FL_004258,HIST_FL_004258,HISTORICAL,FLOOD,2022,5,2022-05-01 00:00:00,month,,,missing,Himachal Pradesh,,1.0,,1.0,,,,,,,,,,,,,
HIST_FL_004259,HIST_FL_004259,HISTORICAL,FLOOD,2022,5,2022-05-01 00:00:00,month,,,missing,Himachal Pradesh,,1.0,,1.0,,,,,,,,,,,,,
HIST_FL_004260,HIST_FL_004260,HISTORICAL,FLOOD,2022,5,2022-05-01 00:00:00,month,,,missing,Himachal Pradesh,,1.0,,1.0,,,,,,,,,,,,,
HIST_FL_004261,HIST_FL_004261,HISTORICAL,FLOOD,2022,5,2022-05-01 00:00:00,month,,,missing,Jammu and Kashmir,,1.0,,3.0,,,,,,,,,,,,,
HIST_FL_004262,HIST_FL_004262,HISTORICAL,FLOOD,2022,5,2022-05-01 00:00:00,month,,,missing,Karnataka,,1.0,,,,,,,,,,,,,,,
HIST_FL_004263,HIST_FL_004263,HISTORICAL,FLOOD,2022,5,2022-05-01 00:00:00,month,,,missing,Karnataka,,1.0,,1.0,,,,,,,,,,,,,
HIST_FL_004264,HIST_FL_004264,HISTORICAL,FLOOD,2022,5,2022-05-01 00:00:00,month,,,missing,Karnataka,,1.0,,1.0,,,,,,,,,,,,,
HIST_FL_004265,HIST_FL_004265,HISTORICAL,FLOOD,2022,5,2022-05-01 00:00:00,month,,,missing,Karnataka,,1.0,,1.0,,,,,,,,,,,,,
HIST_FL_004266,HIST_FL_004266,HISTORICAL,FLOOD,2022,5,2022-05-01 00:00:00,month,,,missing,Karnataka,,1.0,,1.0,,,,,,,,,,,,,
HIST_FL_004267,HIST_FL_004267,HISTORICAL,FLOOD,2022,5,2022-05-01 00:00:00,month,,,missing,Karnataka,,1.0,,,,,,,,,,,,,,,
HIST_FL_004268,HIST_FL_004268,HISTORICAL,FLOOD,2022,5,2022-05-01 00:00:00,month,,,missing,Karnataka,,4.0,,,,,,,,,,,,,,,
HIST_FL_004269,HIST_FL_004269,HISTORICAL,FLOOD,2022,5,2022-05-01 00:00:00,month,,,missing,Karnataka,,4.0,,,,,,,,,,,,,,,
HIST_FL_004270,HIST_FL_004270,HISTORICAL,FLOOD,2022,5,2022-05-01 00:00:00,month,,,missing,Karnataka,,4.0,,,,,,,,,,,,,,,
HIST_FL_004271,HIST_FL_004271,HISTORICAL,FLOOD,2022,5,2022-05-01 00:00:00,month,,,missing,Karnataka,,4.0,,,,,,,,,,,,,,,
HIST_FL_004272,HIST_FL_004272,HISTORICAL,FLOOD,2022,5,2022-05-01 00:00:00,month,,,missing,Karnataka,,4.0,,,,,,,,,,,,,,,
HIST_FL_004273,HIST_FL_004273,HISTORICAL,FLOOD,2022,5,2022-05-01 00:00:00,month,,,missing,Karnataka,,4.0,,,,,,,,,,,,,,,
HIST_FL_004274,HIST_FL_004274,HISTORICAL,FLOOD,2022,5,2022-05-01 00:00:00,month,,,missing,Karnataka,,4.0,,,,,,,,,,,,,,,
HIST_FL_004275,HIST_FL_004275,HISTORICAL,FLOOD,2022,5,2022-05-01 00:00:00,month,,,missing,Karnataka,,4.0,,,,,,,,,,,,,,,
HIST_FL_004276,HIST_FL_004276,HISTORICAL,FLOOD,2022,5,2022-05-01 00:00:00,month,,,missing,Karnataka,,4.0,,,,,,,,,,,,,,,
HIST_FL_004277,HIST_FL_004277,HISTORICAL,FLOOD,2022,5,2022-05-01 00:00:00,month,,,missing,Karnataka,,4.0,,,,,,,,,,,,,,,
HIST_FL_004278,HIST_FL_004278,HISTORICAL,FLOOD,2022,5,2022-05-01 00:00:00,month,,,missing,Karnataka,,4.0,,,,,,,,,,,,,,,
HIST_FL_004279,HIST_FL_004279,HISTORICAL,FLOOD,2022,5,2022-05-01 00:00:00,month,,,missing,Karnataka,,4.0,,,,,,,,,,,,,,,
HIST_FL_004280,HIST_FL_004280,HISTORICAL,FLOOD,2022,5,2022-05-01 00:00:00,month,,,missing,Kerala,,1.0,,1.0,,,,,,,,,,,,,
HIST_FL_004281,HIST_FL_004281,HISTORICAL,FLOOD,2022,5,2022-05-01 00:00:00,month,,,missing,Kerala,,1.0,,1.0,,,,,,,,,,,,,
HIST_FL_004282,HIST_FL_004282,HISTORICAL,FLOOD,2022,5,2022-05-01 00:00:00,month,,,missing,Kerala,,1.0,,1.0,,,,,,,,,,,,,
HIST_FL_004283,HIST_FL_004283,HISTORICAL,FLOOD,2022,5,2022-05-01 00:00:00,month,,,missing,Kerala,,1.0,,1.0,,,,,,,,,,,,,
HIST_FL_004284,HIST_FL_004284,HISTORICAL,FLOOD,2022,5,2022-05-01 00:00:00,month,,,missing,Kerala,,1.0,,,,,,,,,,,,,,,
HIST_FL_004285,HIST_FL_004285,HISTORICAL,FLOOD,2022,5,2022-05-01 00:00:00,month,,,missing,Maharashtra,,1.0,,,,,,,,,,,,,,,
HIST_FL_004286,HIST_FL_004286,HISTORICAL,FLOOD,2022,5,2022-05-01 00:00:00,month,,,missing,Maharashtra,,1.0,,,,,,,,,,,,,,,
HIST_FL_004287,HIST_FL_004287,HISTORICAL,FLOOD,2022,5,2022-05-01 00:00:00,month,,,missing,Maharashtra,,1.0,,,,,,,,,,,,,,,
HIST_FL_004288,HIST_FL_004288,HISTORICAL,FLOOD,2022,5,2022-05-01 00:00:00,month,,,missing,Maharashtra,,1.0,,,,,,,,,,,,,,,
HIST_FL_004289,HIST_FL_004289,HISTORICAL,FLOOD,2022,5,2022-05-01 00:00:00,month,,,missing,Maharashtra,,1.0,,,,,,,,,,,,,,,
HIST_FL_004290,HIST_FL_004290,HISTORICAL,FLOOD,2022,5,2022-05-01 00:00:00,month,,,missing,Maharashtra,,1.0,,,,,,,,,,,,,,,
HIST_FL_004291,HIST_FL_004291,HISTORICAL,FLOOD,2022,5,2022-05-01 00:00:00,month,,,missing,Maharashtra,,1.0,,,,,,,,,,,,,,,
HIST_FL_004292,HIST_FL_004292,HISTORICAL,FLOOD,2022,5,2022-05-01 00:00:00,month,,,missing,Maharashtra,,1.0,,,,,,,,,,,,,,,
HIST_FL_004293,HIST_FL_004293,HISTORICAL,FLOOD,2022,5,2022-05-01 00:00:00,month,,,missing,Maharashtra,,1.0,,,,,,,,,,,,,,,
HIST_FL_004294,HIST_FL_004294,HISTORICAL,FLOOD,2022,5,2022-05-01 00:00:00,month,,,missing,Maharashtra,,1.0,,,,,,,,,,,,,,,
HIST_FL_004295,HIST_FL_004295,HISTORICAL,FLOOD,2022,5,2022-05-01 00:00:00,month,,,missing,Manipur,,5.0,,,,,,,,,,,,,,,
HIST_FL_004296,HIST_FL_004296,HISTORICAL,FLOOD,2022,5,2022-05-01 00:00:00,month,,,missing,Meghalaya,,1.0,,1.0,,,,,,,,,,,,,
HIST_FL_004297,HIST_FL_004297,HISTORICAL,FLOOD,2022,5,2022-05-01 00:00:00,month,,,missing,Meghalaya,,1.0,,1.0,,,,,,,,,,,,,
HIST_FL_004298,HIST_FL_004298,HISTORICAL,FLOOD,2022,5,2022-05-01 00:00:00,month,,,missing,Meghalaya,,1.0,,1.0,,,,,,,,,,,,,
HIST_FL_004299,HIST_FL_004299,HISTORICAL,FLOOD,2022,5,2022-05-01 00:00:00,month,,,missing,Meghalaya,,1.0,,1.0,,,,,,,,,,,,,
HIST_FL_004300,HIST_FL_004300,HISTORICAL,FLOOD,2022,5,2022-05-01 00:00:00,month,,,missing,Nagaland,,3.0,,,,,,,,,,,,,,,
HIST_FL_004301,HIST_FL_004301,HISTORICAL,FLOOD,2022,5,2022-05-01 00:00:00,month,,,missing,Nagaland,,3.0,,,,,,,,,,,,,,,
HIST_FL_004302,HIST_FL_004302,HISTORICAL,FLOOD,2022,5,2022-05-01 00:00:00,month,,,missing,Nagaland,,3.0,,,,,,,,,,,,,,,
HIST_FL_004303,HIST_FL_004303,HISTORICAL,FLOOD,2022,5,2022-05-01 00:00:00,month,,,missing,Nagaland,,3.0,,,,,,,,,,,,,,,
HIST_FL_004304,HIST_FL_004304,HISTORICAL,FLOOD,2022,5,2022-05-01 00:00:00,month,,,missing,Nagaland,,1.0,,1.0,,,,,,,,,,,,,
HIST_FL_004305,HIST_FL_004305,HISTORICAL,FLOOD,2022,5,2022-05-01 00:00:00,month,,,missing,Nagaland,,1.0,,1.0,,,,,,,,,,,,,
HIST_FL_004306,HIST_FL_004306,HISTORICAL,FLOOD,2022,5,2022-05-01 00:00:00,month,,,missing,Nagaland,,1.0,,1.0,,,,,,,,,,,,,
HIST_FL_004307,HIST_FL_004307,HISTORICAL,FLOOD,2022,5,2022-05-01 00:00:00,month,,,missing,Sikkim,,1.0,,1.0,,,,,,,,,,,,,
HIST_FL_004308,HIST_FL_004308,HISTORICAL,FLOOD,2022,5,2022-05-01 00:00:00,month,,,missing,Sikkim,,2.0,,,,,,,,,,,,,,,
HIST_FL_004309,HIST_FL_004309,HISTORICAL,FLOOD,2022,5,2022-05-01 00:00:00,month,,,missing,Sikkim,,2.0,,,,,,,,,,,,,,,
HIST_FL_004310,HIST_FL_004310,HISTORICAL,FLOOD,2022,5,2022-05-01 00:00:00,month,,,missing,Sikkim,,1.0,,,,,,,,,,,,,,,
HIST_FL_004311,HIST_FL_004311,HISTORICAL,FLOOD,2022,5,2022-05-01 00:00:00,month,,,missing,Sikkim,,1.0,,1.0,,,,,,,,,,,,,
HIST_FL_004312,HIST_FL_004312,HISTORICAL,FLOOD,2022,5,2022-05-01 00:00:00,month,,,missing,Uttar Pradesh,,1.0,,4.0,,,,,,,,,,,,,
HIST_FL_004313,HIST_FL_004313,HISTORICAL,FLOOD,2022,5,2022-05-01 00:00:00,month,,,missing,Uttar Pradesh,,1.0,,1.0,,,,,,,,,,,,,
HIST_FL_004314,HIST_FL_004314,HISTORICAL,FLOOD,2022,5,2022-05-01 00:00:00,month,,,missing,Uttar Pradesh,,1.0,,1.0,,,,,,,,,,,,,
HIST_FL_004315,HIST_FL_004315,HISTORICAL,FLOOD,2022,5,2022-05-01 00:00:00,month,,,missing,Uttar Pradesh,,1.0,,2.0,,,,,,,,,,,,,
HIST_FL_004316,HIST_FL_004316,HISTORICAL,FLOOD,2022,5,2022-05-01 00:00:00,month,,,missing,Uttar Pradesh,,1.0,,4.0,,,,,,,,,,,,,
HIST_FL_004317,HIST_FL_004317,HISTORICAL,FLOOD,2022,5,2022-05-01 00:00:00,month,,,missing,Uttar Pradesh,,1.0,,,,,,,,,,,,,,,
HIST_FL_004318,HIST_FL_004318,HISTORICAL,FLOOD,2022,5,2022-05-01 00:00:00,month,,,missing,West Bengal,,1.0,,,,,,,,,,,,,,,
HIST_FL_004319,HIST_FL_004319,HISTORICAL,FLOOD,2022,6,2022-06-01 00:00:00,month,,,missing,Arunachal Pradesh,,2.0,,,,,,,,,,,,,,,
HIST_FL_004320,HIST_FL_004320,HISTORICAL,FLOOD,2022,6,2022-06-01 00:00:00,month,,,missing,Arunachal Pradesh,,2.0,,,,,,,,,,,,,,,
HIST_FL_004321,HIST_FL_004321,HISTORICAL,FLOOD,2022,6,2022-06-01 00:00:00,month,,,missing,Arunachal Pradesh,,1.0,,3.0,,,,,,,,,,,,,
HIST_FL_004322,HIST_FL_004322,HISTORICAL,FLOOD,2022,6,2022-06-01 00:00:00,month,,,missing,Arunachal Pradesh,,1.0,,1.0,,,,,,,,,,,,,
HIST_FL_004323,HIST_FL_004323,HISTORICAL,FLOOD,2022,6,2022-06-01 00:00:00,month,,,missing,Arunachal Pradesh,,1.0,,1.0,,,,,,,,,,,,,
HIST_FL_004324,HIST_FL_004324,HISTORICAL,FLOOD,2022,6,2022-06-01 00:00:00,month,,,missing,Arunachal Pradesh,,1.0,,,,,,,,,,,,,,,
HIST_FL_004325,HIST_FL_004325,HISTORICAL,FLOOD,2022,6,2022-06-01 00:00:00,month,,,missing,Arunachal Pradesh,,1.0,,,,,,,,,,,,,,,
HIST_FL_004326,HIST_FL_004326,HISTORICAL,FLOOD,2022,6,2022-06-01 00:00:00,month,,,missing,Arunachal Pradesh,,1.0,,3.0,,,,,,,,,,,,,
HIST_FL_004327,HIST_FL_004327,HISTORICAL,FLOOD,2022,6,2022-06-01 00:00:00,month,,,missing,Arunachal Pradesh,,1.0,,1.0,,,,,,,,,,,,,
HIST_FL_004328,HIST_FL_004328,HISTORICAL,FLOOD,2022,6,2022-06-01 00:00:00,month,,,missing,Arunachal Pradesh,,1.0,,,,,,,,,,,,,,,
HIST_FL_004329,HIST_FL_004329,HISTORICAL,FLOOD,2022,6,2022-06-01 00:00:00,month,,,missing,Arunachal Pradesh,,1.0,,,,,,,,,,,,,,,
HIST_FL_004330,HIST_FL_004330,HISTORICAL,FLOOD,2022,6,2022-06-01 00:00:00,month,,,missing,Arunachal Pradesh,,1.0,,1.0,,,,,,,,,,,,,
HIST_FL_004331,HIST_FL_004331,HISTORICAL,FLOOD,2022,6,2022-06-01 00:00:00,month,,,missing,Arunachal Pradesh,,1.0,,2.0,,,,,,,,,,,,,
HIST_FL_004332,HIST_FL_004332,HISTORICAL,FLOOD,2022,6,2022-06-01 00:00:00,month,,,missing,Arunachal Pradesh,,1.0,,,,,,,,,,,,,,,
HIST_FL_004333,HIST_FL_004333,HISTORICAL,FLOOD,2022,6,2022-06-01 00:00:00,month,,,missing,Arunachal Pradesh,,1.0,,,,,,,,,,,,,,,
HIST_FL_004334,HIST_FL_004334,HISTORICAL,FLOOD,2022,6,2022-06-01 00:00:00,month,,,missing,Arunachal Pradesh,,1.0,,,,,,,,,,,,,,,
HIST_FL_004335,HIST_FL_004335,HISTORICAL,FLOOD,2022,6,2022-06-01 00:00:00,month,,,missing,Arunachal Pradesh,,1.0,,,,,,,,,,,,,,,
HIST_FL_004336,HIST_FL_004336,HISTORICAL,FLOOD,2022,6,2022-06-01 00:00:00,month,,,missing,Arunachal Pradesh,,1.0,,,,,,,,,,,,,,,
HIST_FL_004337,HIST_FL_004337,HISTORICAL,FLOOD,2022,6,2022-06-01 00:00:00,month,,,missing,Arunachal Pradesh,,1.0,,,,,,,,,,,,,,,
HIST_FL_004338,HIST_FL_004338,HISTORICAL,FLOOD,2022,6,2022-06-01 00:00:00,month,,,missing,Arunachal Pradesh,,1.0,,,,,,,,,,,,,,,
HIST_FL_004339,HIST_FL_004339,HISTORICAL,FLOOD,2022,6,2022-06-01 00:00:00,month,,,missing,Arunachal Pradesh,,1.0,,,,,,,,,,,,,,,
HIST_FL_004340,HIST_FL_004340,HISTORICAL,FLOOD,2022,6,2022-06-01 00:00:00,month,,,missing,Assam,,1.0,,,,,,,,,,,,,,,
HIST_FL_004341,HIST_FL_004341,HISTORICAL,FLOOD,2022,6,2022-06-01 00:00:00,month,,,missing,Assam,,1.0,,4.0,,,,,,,,,,,,,
HIST_FL_004342,HIST_FL_004342,HISTORICAL,FLOOD,2022,6,2022-06-01 00:00:00,month,,,missing,Assam,,1.0,,,,,,,,,,,,,,,
HIST_FL_004343,HIST_FL_004343,HISTORICAL,FLOOD,2022,6,2022-06-01 00:00:00,month,,,missing,Assam,,1.0,,1.0,,,,,,,,,,,,,
HIST_FL_004344,HIST_FL_004344,HISTORICAL,FLOOD,2022,6,2022-06-01 00:00:00,month,,,missing,Assam,,1.0,,,,,,,,,,,,,,,
HIST_FL_004345,HIST_FL_004345,HISTORICAL,FLOOD,2022,6,2022-06-01 00:00:00,month,,,missing,Assam,,1.0,,1.0,,,,,,,,,,,,,
HIST_FL_004346,HIST_FL_004346,HISTORICAL,FLOOD,2022,6,2022-06-01 00:00:00,month,,,missing,Assam,,1.0,,1.0,,,,,,,,,,,,,
HIST_FL_004347,HIST_FL_004347,HISTORICAL,FLOOD,2022,6,2022-06-01 00:00:00,month,,,missing,Assam,,1.0,,2.0,,,,,,,,,,,,,
HIST_FL_004348,HIST_FL_004348,HISTORICAL,FLOOD,2022,6,2022-06-01 00:00:00,month,,,missing,Assam,,1.0,,,,,,,,,,,,,,,
HIST_FL_004349,HIST_FL_004349,HISTORICAL,FLOOD,2022,6,2022-06-01 00:00:00,month,,,missing,Assam,,1.0,,1.0,,,,,,,,,,,,,
HIST_FL_004350,HIST_FL_004350,HISTORICAL,FLOOD,2022,6,2022-06-01 00:00:00,month,,,missing,Assam,,1.0,,1.0,,,,,,,,,,,,,
HIST_FL_004351,HIST_FL_004351,HISTORICAL,FLOOD,2022,6,2022-06-01 00:00:00,month,,,missing,Assam,,1.0,,2.0,,,,,,,,,,,,,
HIST_FL_004352,HIST_FL_004352,HISTORICAL,FLOOD,2022,6,2022-06-01 00:00:00,month,,,missing,Assam,,1.0,,1.0,,,,,,,,,,,,,
HIST_FL_004353,HIST_FL_004353,HISTORICAL,FLOOD,2022,6,2022-06-01 00:00:00,month,,,missing,Assam,,1.0,,1.0,,,,,,,,,,,,,
HIST_FL_004354,HIST_FL_004354,HISTORICAL,FLOOD,2022,6,2022-06-01 00:00:00,month,,,missing,Assam,,1.0,,2.0,,,,,,,,,,,,,
HIST_FL_004355,HIST_FL_004355,HISTORICAL,FLOOD,2022,6,2022-06-01 00:00:00,month,,,missing,Assam,,1.0,,1.0,,,,,,,,,,,,,
HIST_FL_004356,HIST_FL_004356,HISTORICAL,FLOOD,2022,6,2022-06-01 00:00:00,month,,,missing,Assam,,1.0,,,,,,,,,,,,,,,
HIST_FL_004357,HIST_FL_004357,HISTORICAL,FLOOD,2022,6,2022-06-01 00:00:00,month,,,missing,Assam,,1.0,,2.0,,,,,,,,,,,,,
HIST_FL_004358,HIST_FL_004358,HISTORICAL,FLOOD,2022,6,2022-06-01 00:00:00,month,,,missing,Assam,,1.0,,1.0,,,,,,,,,,,,,
HIST_FL_004359,HIST_FL_004359,HISTORICAL,FLOOD,2022,6,2022-06-01 00:00:00,month,,,missing,Assam,,1.0,,1.0,,,,,,,,,,,,,
HIST_FL_004360,HIST_FL_004360,HISTORICAL,FLOOD,2022,6,2022-06-01 00:00:00,month,,,missing,Assam,,1.0,,1.0,,,,,,,,,,,,,
HIST_FL_004361,HIST_FL_004361,HISTORICAL,FLOOD,2022,6,2022-06-01 00:00:00,month,,,missing,Assam,,1.0,,,,,,,,,,,,,,,
HIST_FL_004362,HIST_FL_004362,HISTORICAL,FLOOD,2022,6,2022-06-01 00:00:00,month,,,missing,Assam,,1.0,,,,,,,,,,,,,,,
HIST_FL_004363,HIST_FL_004363,HISTORICAL,FLOOD,2022,6,2022-06-01 00:00:00,month,,,missing,Assam,,1.0,,,,,,,,,,,,,,,
HIST_FL_004364,HIST_FL_004364,HISTORICAL,FLOOD,2022,6,2022-06-01 00:00:00,month,,,missing,Assam,,1.0,,,,,,,,,,,,,,,
HIST_FL_004365,HIST_FL_004365,HISTORICAL,FLOOD,2022,6,2022-06-01 00:00:00,month,,,missing,Assam,,1.0,,,,,,,,,,,,,,,
HIST_FL_004366,HIST_FL_004366,HISTORICAL,FLOOD,2022,6,2022-06-01 00:00:00,month,,,missing,Assam,,1.0,,1.0,,,,,,,,,,,,,
HIST_FL_004367,HIST_FL_004367,HISTORICAL,FLOOD,2022,6,2022-06-01 00:00:00,month,,,missing,Assam,,1.0,,2.0,,,,,,,,,,,,,
HIST_FL_004368,HIST_FL_004368,HISTORICAL,FLOOD,2022,6,2022-06-01 00:00:00,month,,,missing,Assam,,1.0,,,,,,,,,,,,,,,
HIST_FL_004369,HIST_FL_004369,HISTORICAL,FLOOD,2022,6,2022-06-01 00:00:00,month,,,missing,Assam,,1.0,,1.0,,,,,,,,,,,,,
HIST_FL_004370,HIST_FL_004370,HISTORICAL,FLOOD,2022,6,2022-06-01 00:00:00,month,,,missing,Assam,,1.0,,2.0,,,,,,,,,,,,,
HIST_FL_004371,HIST_FL_004371,HISTORICAL,FLOOD,2022,6,2022-06-01 00:00:00,month,,,missing,Assam,,1.0,,1.0,,,,,,,,,,,,,
HIST_FL_004372,HIST_FL_004372,HISTORICAL,FLOOD,2022,6,2022-06-01 00:00:00,month,,,missing,Assam,,1.0,,1.0,,,,,,,,,,,,,
HIST_FL_004373,HIST_FL_004373,HISTORICAL,FLOOD,2022,6,2022-06-01 00:00:00,month,,,missing,Assam,,1.0,,1.0,,,,,,,,,,,,,
HIST_FL_004374,HIST_FL_004374,HISTORICAL,FLOOD,2022,6,2022-06-01 00:00:00,month,,,missing,Assam,,1.0,,,,,,,,,,,,,,,
HIST_FL_004375,HIST_FL_004375,HISTORICAL,FLOOD,2022,6,2022-06-01 00:00:00,month,,,missing,Assam,,1.0,,,,,,,,,,,,,,,
HIST_FL_004376,HIST_FL_004376,HISTORICAL,FLOOD,2022,6,2022-06-01 00:00:00,month,,,missing,Assam,,1.0,,,,,,,,,,,,,,,
HIST_FL_004377,HIST_FL_004377,HISTORICAL,FLOOD,2022,6,2022-06-01 00:00:00,month,,,missing,Assam,,1.0,,,,,,,,,,,,,,,
HIST_FL_004378,HIST_FL_004378,HISTORICAL,FLOOD,2022,6,2022-06-01 00:00:00,month,,,missing,Assam,,1.0,,,,,,,,,,,,,,,
HIST_FL_004379,HIST_FL_004379,HISTORICAL,FLOOD,2022,6,2022-06-01 00:00:00,month,,,missing,Assam,,1.0,,3.0,,,,,,,,,,,,,
HIST_FL_004380,HIST_FL_004380,HISTORICAL,FLOOD,2022,6,2022-06-01 00:00:00,month,,,missing,Assam,,1.0,,,,,,,,,,,,,,,
HIST_FL_004381,HIST_FL_004381,HISTORICAL,FLOOD,2022,6,2022-06-01 00:00:00,month,,,missing,Assam,,1.0,,1.0,,,,,,,,,,,,,
HIST_FL_004382,HIST_FL_004382,HISTORICAL,FLOOD,2022,6,2022-06-01 00:00:00,month,,,missing,Assam,,1.0,,3.0,,,,,,,,,,,,,
HIST_FL_004383,HIST_FL_004383,HISTORICAL,FLOOD,2022,6,2022-06-01 00:00:00,month,,,missing,Assam,,1.0,,1.0,,,,,,,,,,,,,
HIST_FL_004384,HIST_FL_004384,HISTORICAL,FLOOD,2022,6,2022-06-01 00:00:00,month,,,missing,Assam,,1.0,,1.0,,,,,,,,,,,,,
HIST_FL_004385,HIST_FL_004385,HISTORICAL,FLOOD,2022,6,2022-06-01 00:00:00,month,,,missing,Assam,,1.0,,1.0,,,,,,,,,,,,,
HIST_FL_004386,HIST_FL_004386,HISTORICAL,FLOOD,2022,6,2022-06-01 00:00:00,month,,,missing,Assam,,1.0,,1.0,,,,,,,,,,,,,
HIST_FL_004387,HIST_FL_004387,HISTORICAL,FLOOD,2022,6,2022-06-01 00:00:00,month,,,missing,Assam,,1.0,,1.0,,,,,,,,,,,,,
HIST_FL_004388,HIST_FL_004388,HISTORICAL,FLOOD,2022,6,2022-06-01 00:00:00,month,,,missing,Assam,,1.0,,2.0,,,,,,,,,,,,,
HIST_FL_004389,HIST_FL_004389,HISTORICAL,FLOOD,2022,6,2022-06-01 00:00:00,month,,,missing,Assam,,1.0,,,,,,,,,,,,,,,
HIST_FL_004390,HIST_FL_004390,HISTORICAL,FLOOD,2022,6,2022-06-01 00:00:00,month,,,missing,Assam,,1.0,,,,,,,,,,,,,,,
HIST_FL_004391,HIST_FL_004391,HISTORICAL,FLOOD,2022,6,2022-06-01 00:00:00,month,,,missing,Assam,,1.0,,,,,,,,,,,,,,,
HIST_FL_004392,HIST_FL_004392,HISTORICAL,FLOOD,2022,6,2022-06-01 00:00:00,month,,,missing,Assam,,1.0,,,,,,,,,,,,,,,
HIST_FL_004393,HIST_FL_004393,HISTORICAL,FLOOD,2022,6,2022-06-01 00:00:00,month,,,missing,Assam,,1.0,,,,,,,,,,,,,,,
HIST_FL_004394,HIST_FL_004394,HISTORICAL,FLOOD,2022,6,2022-06-01 00:00:00,month,,,missing,Assam,,1.0,,1.0,,,,,,,,,,,,,
HIST_FL_004395,HIST_FL_004395,HISTORICAL,FLOOD,2022,6,2022-06-01 00:00:00,month,,,missing,Assam,,1.0,,3.0,,,,,,,,,,,,,
HIST_FL_004396,HIST_FL_004396,HISTORICAL,FLOOD,2022,6,2022-06-01 00:00:00,month,,,missing,Assam,,1.0,,1.0,,,,,,,,,,,,,
HIST_FL_004397,HIST_FL_004397,HISTORICAL,FLOOD,2022,6,2022-06-01 00:00:00,month,,,missing,Assam,,1.0,,1.0,,,,,,,,,,,,,
HIST_FL_004398,HIST_FL_004398,HISTORICAL,FLOOD,2022,6,2022-06-01 00:00:00,month,,,missing,Assam,,1.0,,1.0,,,,,,,,,,,,,
HIST_FL_004399,HIST_FL_004399,HISTORICAL,FLOOD,2022,6,2022-06-01 00:00:00,month,,,missing,Assam,,1.0,,,,,,,,,,,,,,,
HIST_FL_004400,HIST_FL_004400,HISTORICAL,FLOOD,2022,6,2022-06-01 00:00:00,month,,,missing,Assam,,1.0,,,,,,,,,,,,,,,
HIST_FL_004401,HIST_FL_004401,HISTORICAL,FLOOD,2022,6,2022-06-01 00:00:00,month,,,missing,Assam,,1.0,,,,,,,,,,,,,,,
HIST_FL_004402,HIST_FL_004402,HISTORICAL,FLOOD,2022,6,2022-06-01 00:00:00,month,,,missing,Assam,,1.0,,3.0,,,,,,,,,,,,,
HIST_FL_004403,HIST_FL_004403,HISTORICAL,FLOOD,2022,6,2022-06-01 00:00:00,month,,,missing,Assam,,1.0,,4.0,,,,,,,,,,,,,
HIST_FL_004404,HIST_FL_004404,HISTORICAL,FLOOD,2022,6,2022-06-01 00:00:00,month,,,missing,Assam,,1.0,,2.0,,,,,,,,,,,,,
HIST_FL_004405,HIST_FL_004405,HISTORICAL,FLOOD,2022,6,2022-06-01 00:00:00,month,,,missing,Assam,,1.0,,3.0,,,,,,,,,,,,,
HIST_FL_004406,HIST_FL_004406,HISTORICAL,FLOOD,2022,6,2022-06-01 00:00:00,month,,,missing,Assam,,1.0,,,,,,,,,,,,,,,
HIST_FL_004407,HIST_FL_004407,HISTORICAL,FLOOD,2022,6,2022-06-01 00:00:00,month,,,missing,Assam,,1.0,,1.0,,,,,,,,,,,,,
HIST_FL_004408,HIST_FL_004408,HISTORICAL,FLOOD,2022,6,2022-06-01 00:00:00,month,,,missing,Assam,,1.0,,2.0,,,,,,,,,,,,,
HIST_FL_004409,HIST_FL_004409,HISTORICAL,FLOOD,2022,6,2022-06-01 00:00:00,month,,,missing,Assam,,1.0,,2.0,,,,,,,,,,,,,
HIST_FL_004410,HIST_FL_004410,HISTORICAL,FLOOD,2022,6,2022-06-01 00:00:00,month,,,missing,Assam,,1.0,,1.0,,,,,,,,,,,,,
HIST_FL_004411,HIST_FL_004411,HISTORICAL,FLOOD,2022,6,2022-06-01 00:00:00,month,,,missing,Assam,,1.0,,1.0,,,,,,,,,,,,,
HIST_FL_004412,HIST_FL_004412,HISTORICAL,FLOOD,2022,6,2022-06-01 00:00:00,month,,,missing,Assam,,1.0,,,,,,,,,,,,,,,
HIST_FL_004413,HIST_FL_004413,HISTORICAL,FLOOD,2022,6,2022-06-01 00:00:00,month,,,missing,Assam,,1.0,,2.0,,,,,,,,,,,,,
HIST_FL_004414,HIST_FL_004414,HISTORICAL,FLOOD,2022,6,2022-06-01 00:00:00,month,,,missing,Assam,,1.0,,1.0,,,,,,,,,,,,,
HIST_FL_004415,HIST_FL_004415,HISTORICAL,FLOOD,2022,6,2022-06-01 00:00:00,month,,,missing,Assam,,1.0,,2.0,,,,,,,,,,,,,
HIST_FL_004416,HIST_FL_004416,HISTORICAL,FLOOD,2022,6,2022-06-01 00:00:00,month,,,missing,Assam,,1.0,,2.0,,,,,,,,,,,,,
HIST_FL_004417,HIST_FL_004417,HISTORICAL,FLOOD,2022,6,2022-06-01 00:00:00,month,,,missing,Assam,,1.0,,1.0,,,,,,,,,,,,,
HIST_FL_004418,HIST_FL_004418,HISTORICAL,FLOOD,2022,6,2022-06-01 00:00:00,month,,,missing,Assam,,1.0,,2.0,,,,,,,,,,,,,
HIST_FL_004419,HIST_FL_004419,HISTORICAL,FLOOD,2022,6,2022-06-01 00:00:00,month,,,missing,Assam,,1.0,,,,,,,,,,,,,,,
HIST_FL_004420,HIST_FL_004420,HISTORICAL,FLOOD,2022,6,2022-06-01 00:00:00,month,,,missing,Assam,,1.0,,1.0,,,,,,,,,,,,,
HIST_FL_004421,HIST_FL_004421,HISTORICAL,FLOOD,2022,6,2022-06-01 00:00:00,month,,,missing,Assam,,1.0,,1.0,,,,,,,,,,,,,
HIST_FL_004422,HIST_FL_004422,HISTORICAL,FLOOD,2022,6,2022-06-01 00:00:00,month,,,missing,Assam,,1.0,,1.0,,,,,,,,,,,,,
HIST_FL_004423,HIST_FL_004423,HISTORICAL,FLOOD,2022,6,2022-06-01 00:00:00,month,,,missing,Assam,,1.0,,1.0,,,,,,,,,,,,,
HIST_FL_004424,HIST_FL_004424,HISTORICAL,FLOOD,2022,6,2022-06-01 00:00:00,month,,,missing,Assam,,1.0,,,,,,,,,,,,,,,
HIST_FL_004425,HIST_FL_004425,HISTORICAL,FLOOD,2022,6,2022-06-01 00:00:00,month,,,missing,Assam,,1.0,,1.0,,,,,,,,,,,,,
HIST_FL_004426,HIST_FL_004426,HISTORICAL,FLOOD,2022,6,2022-06-01 00:00:00,month,,,missing,Assam,,1.0,,1.0,,,,,,,,,,,,,
HIST_FL_004427,HIST_FL_004427,HISTORICAL,FLOOD,2022,6,2022-06-01 00:00:00,month,,,missing,Assam,,1.0,,1.0,,,,,,,,,,,,,
HIST_FL_004428,HIST_FL_004428,HISTORICAL,FLOOD,2022,6,2022-06-01 00:00:00,month,,,missing,Assam,,1.0,,,,,,,,,,,,,,,
HIST_FL_004429,HIST_FL_004429,HISTORICAL,FLOOD,2022,6,2022-06-01 00:00:00,month,,,missing,Assam,,1.0,,1.0,,,,,,,,,,,,,
HIST_FL_004430,HIST_FL_004430,HISTORICAL,FLOOD,2022,6,2022-06-01 00:00:00,month,,,missing,Assam,,1.0,,1.0,,,,,,,,,,,,,
HIST_FL_004431,HIST_FL_004431,HISTORICAL,FLOOD,2022,6,2022-06-01 00:00:00,month,,,missing,Assam,,1.0,,,,,,,,,,,,,,,
HIST_FL_004432,HIST_FL_004432,HISTORICAL,FLOOD,2022,6,2022-06-01 00:00:00,month,,,missing,Assam,,1.0,,5.0,,,,,,,,,,,,,
HIST_FL_004433,HIST_FL_004433,HISTORICAL,FLOOD,2022,6,2022-06-01 00:00:00,month,,,missing,Assam,,1.0,,1.0,,,,,,,,,,,,,
HIST_FL_004434,HIST_FL_004434,HISTORICAL,FLOOD,2022,6,2022-06-01 00:00:00,month,,,missing,Assam,,1.0,,1.0,,,,,,,,,,,,,
HIST_FL_004435,HIST_FL_004435,HISTORICAL,FLOOD,2022,6,2022-06-01 00:00:00,month,,,missing,Assam,,1.0,,1.0,,,,,,,,,,,,,
HIST_FL_004436,HIST_FL_004436,HISTORICAL,FLOOD,2022,6,2022-06-01 00:00:00,month,,,missing,Assam,,1.0,,,,,,,,,,,,,,,
HIST_FL_004437,HIST_FL_004437,HISTORICAL,FLOOD,2022,6,2022-06-01 00:00:00,month,,,missing,Assam,,1.0,,3.0,,,,,,,,,,,,,
HIST_FL_004438,HIST_FL_004438,HISTORICAL,FLOOD,2022,6,2022-06-01 00:00:00,month,,,missing,Assam,,1.0,,,,,,,,,,,,,,,
HIST_FL_004439,HIST_FL_004439,HISTORICAL,FLOOD,2022,6,2022-06-01 00:00:00,month,,,missing,Assam,,1.0,,1.0,,,,,,,,,,,,,
HIST_FL_004440,HIST_FL_004440,HISTORICAL,FLOOD,2022,6,2022-06-01 00:00:00,month,,,missing,Assam,,1.0,,1.0,,,,,,,,,,,,,
HIST_FL_004441,HIST_FL_004441,HISTORICAL,FLOOD,2022,6,2022-06-01 00:00:00,month,,,missing,Assam,,1.0,,,,,,,,,,,,,,,
HIST_FL_004442,HIST_FL_004442,HISTORICAL,FLOOD,2022,6,2022-06-01 00:00:00,month,,,missing,Assam,,1.0,,1.0,,,,,,,,,,,,,
HIST_FL_004443,HIST_FL_004443,HISTORICAL,FLOOD,2022,6,2022-06-01 00:00:00,month,,,missing,Assam,,1.0,,1.0,,,,,,,,,,,,,
HIST_FL_004444,HIST_FL_004444,HISTORICAL,FLOOD,2022,6,2022-06-01 00:00:00,month,,,missing,Assam,,1.0,,2.0,,,,,,,,,,,,,
HIST_FL_004445,HIST_FL_004445,HISTORICAL,FLOOD,2022,6,2022-06-01 00:00:00,month,,,missing,Assam,,1.0,,2.0,,,,,,,,,,,,,
HIST_FL_004446,HIST_FL_004446,HISTORICAL,FLOOD,2022,6,2022-06-01 00:00:00,month,,,missing,Assam,,1.0,,1.0,,,,,,,,,,,,,
HIST_FL_004447,HIST_FL_004447,HISTORICAL,FLOOD,2022,6,2022-06-01 00:00:00,month,,,missing,Assam,,1.0,,1.0,,,,,,,,,,,,,
HIST_FL_004448,HIST_FL_004448,HISTORICAL,FLOOD,2022,6,2022-06-01 00:00:00,month,,,missing,Assam,,1.0,,1.0,,,,,,,,,,,,,
HIST_FL_004449,HIST_FL_004449,HISTORICAL,FLOOD,2022,6,2022-06-01 00:00:00,month,,,missing,Assam,,1.0,,1.0,,,,,,,,,,,,,
HIST_FL_004450,HIST_FL_004450,HISTORICAL,FLOOD,2022,6,2022-06-01 00:00:00,month,,,missing,Assam,,1.0,,1.0,,,,,,,,,,,,,
HIST_FL_004451,HIST_FL_004451,HISTORICAL,FLOOD,2022,6,2022-06-01 00:00:00,month,,,missing,Assam,,1.0,,1.0,,,,,,,,,,,,,
HIST_FL_004452,HIST_FL_004452,HISTORICAL,FLOOD,2022,6,2022-06-01 00:00:00,month,,,missing,Assam,,1.0,,,,,,,,,,,,,,,
HIST_FL_004453,HIST_FL_004453,HISTORICAL,FLOOD,2022,6,2022-06-01 00:00:00,month,,,missing,Assam,,1.0,,1.0,,,,,,,,,,,,,
HIST_FL_004454,HIST_FL_004454,HISTORICAL,FLOOD,2022,6,2022-06-01 00:00:00,month,,,missing,Assam,,1.0,,1.0,,,,,,,,,,,,,
HIST_FL_004455,HIST_FL_004455,HISTORICAL,FLOOD,2022,6,2022-06-01 00:00:00,month,,,missing,Assam,,1.0,,1.0,,,,,,,,,,,,,
HIST_FL_004456,HIST_FL_004456,HISTORICAL,FLOOD,2022,6,2022-06-01 00:00:00,month,,,missing,Assam,,1.0,,2.0,,,,,,,,,,,,,
HIST_FL_004457,HIST_FL_004457,HISTORICAL,FLOOD,2022,6,2022-06-01 00:00:00,month,,,missing,Assam,,1.0,,1.0,,,,,,,,,,,,,
HIST_FL_004458,HIST_FL_004458,HISTORICAL,FLOOD,2022,6,2022-06-01 00:00:00,month,,,missing,Assam,,1.0,,2.0,,,,,,,,,,,,,
HIST_FL_004459,HIST_FL_004459,HISTORICAL,FLOOD,2022,6,2022-06-01 00:00:00,month,,,missing,Assam,,1.0,,,,,,,,,,,,,,,
HIST_FL_004460,HIST_FL_004460,HISTORICAL,FLOOD,2022,6,2022-06-01 00:00:00,month,,,missing,Assam,,1.0,,,,,,,,,,,,,,,
HIST_FL_004461,HIST_FL_004461,HISTORICAL,FLOOD,2022,6,2022-06-01 00:00:00,month,,,missing,Assam,,1.0,,2.0,,,,,,,,,,,,,
HIST_FL_004462,HIST_FL_004462,HISTORICAL,FLOOD,2022,6,2022-06-01 00:00:00,month,,,missing,Assam,,1.0,,6.0,,,,,,,,,,,,,
HIST_FL_004463,HIST_FL_004463,HISTORICAL,FLOOD,2022,6,2022-06-01 00:00:00,month,,,missing,Assam,,1.0,,1.0,,,,,,,,,,,,,
HIST_FL_004464,HIST_FL_004464,HISTORICAL,FLOOD,2022,6,2022-06-01 00:00:00,month,,,missing,Assam,,1.0,,1.0,,,,,,,,,,,,,
HIST_FL_004465,HIST_FL_004465,HISTORICAL,FLOOD,2022,6,2022-06-01 00:00:00,month,,,missing,Assam,,1.0,,1.0,,,,,,,,,,,,,
HIST_FL_004466,HIST_FL_004466,HISTORICAL,FLOOD,2022,6,2022-06-01 00:00:00,month,,,missing,Assam,,1.0,,3.0,,,,,,,,,,,,,
HIST_FL_004467,HIST_FL_004467,HISTORICAL,FLOOD,2022,6,2022-06-01 00:00:00,month,,,missing,Goa,,1.0,,,,,,,,,,,,,,,
HIST_FL_004468,HIST_FL_004468,HISTORICAL,FLOOD,2022,6,2022-06-01 00:00:00,month,,,missing,Goa,,1.0,,,,,,,,,,,,,,,
HIST_FL_004469,HIST_FL_004469,HISTORICAL,FLOOD,2022,6,2022-06-01 00:00:00,month,,,missing,Goa,,1.0,,,,,,,,,,,,,,,
HIST_FL_004470,HIST_FL_004470,HISTORICAL,FLOOD,2022,6,2022-06-01 00:00:00,month,,,missing,Goa,,1.0,,,,,,,,,,,,,,,
HIST_FL_004471,HIST_FL_004471,HISTORICAL,FLOOD,2022,6,2022-06-01 00:00:00,month,,,missing,Goa,,1.0,,,,,,,,,,,,,,,
HIST_FL_004472,HIST_FL_004472,HISTORICAL,FLOOD,2022,6,2022-06-01 00:00:00,month,,,missing,Goa,,4.0,,,,,,,,,,,,,,,
HIST_FL_004473,HIST_FL_004473,HISTORICAL,FLOOD,2022,6,2022-06-01 00:00:00,month,,,missing,Goa,,4.0,,,,,,,,,,,,,,,
HIST_FL_004474,HIST_FL_004474,HISTORICAL,FLOOD,2022,6,2022-06-01 00:00:00,month,,,missing,Goa,,1.0,,,,,,,,,,,,,,,
HIST_FL_004475,HIST_FL_004475,HISTORICAL,FLOOD,2022,6,2022-06-01 00:00:00,month,,,missing,Gujarat,,1.0,,3.0,,,,,,,,,,,,,
HIST_FL_004476,HIST_FL_004476,HISTORICAL,FLOOD,2022,6,2022-06-01 00:00:00,month,,,missing,Himachal Pradesh,,2.0,,13.0,,,,,,,,,,,,,
HIST_FL_004477,HIST_FL_004477,HISTORICAL,FLOOD,2022,6,2022-06-01 00:00:00,month,,,missing,Himachal Pradesh,,2.0,,,,,,,,,,,,,,,
HIST_FL_004478,HIST_FL_004478,HISTORICAL,FLOOD,2022,6,2022-06-01 00:00:00,month,,,missing,Himachal Pradesh,,2.0,,,,,,,,,,,,,,,
HIST_FL_004479,HIST_FL_004479,HISTORICAL,FLOOD,2022,6,2022-06-01 00:00:00,month,,,missing,Himachal Pradesh,,2.0,,,,,,,,,,,,,,,
HIST_FL_004480,HIST_FL_004480,HISTORICAL,FLOOD,2022,6,2022-06-01 00:00:00,month,,,missing,Himachal Pradesh,,2.0,,,,,,,,,,,,,,,
HIST_FL_004481,HIST_FL_004481,HISTORICAL,FLOOD,2022,6,2022-06-01 00:00:00,month,,,missing,Himachal Pradesh,,2.0,,,,,,,,,,,,,,,
HIST_FL_004482,HIST_FL_004482,HISTORICAL,FLOOD,2022,6,2022-06-01 00:00:00,month,,,missing,Himachal Pradesh,,2.0,,,,,,,,,,,,,,,
HIST_FL_004483,HIST_FL_004483,HISTORICAL,FLOOD,2022,6,2022-06-01 00:00:00,month,,,missing,Himachal Pradesh,,2.0,,,,,,,,,,,,,,,
HIST_FL_004484,HIST_FL_004484,HISTORICAL,FLOOD,2022,6,2022-06-01 00:00:00,month,,,missing,Himachal Pradesh,,2.0,,,,,,,,,,,,,,,
HIST_FL_004485,HIST_FL_004485,HISTORICAL,FLOOD,2022,6,2022-06-01 00:00:00,month,,,missing,Jammu and Kashmir,,1.0,,1.0,,,,,,,,,,,,,
HIST_FL_004486,HIST_FL_004486,HISTORICAL,FLOOD,2022,6,2022-06-01 00:00:00,month,,,missing,Kerala,,1.0,,1.0,,,,,,,,,,,,,
HIST_FL_004487,HIST_FL_004487,HISTORICAL,FLOOD,2022,6,2022-06-01 00:00:00,month,,,missing,Madhya Pradesh,,1.0,,1.0,,,,,,,,,,,,,
HIST_FL_004488,HIST_FL_004488,HISTORICAL,FLOOD,2022,6,2022-06-01 00:00:00,month,,,missing,Maharashtra,,1.0,,,,,,,,,,,,,,,
HIST_FL_004489,HIST_FL_004489,HISTORICAL,FLOOD,2022,6,2022-06-01 00:00:00,month,,,missing,Maharashtra,,2.0,,,,,,,,,,,,,,,
HIST_FL_004490,HIST_FL_004490,HISTORICAL,FLOOD,2022,6,2022-06-01 00:00:00,month,,,missing,Maharashtra,,1.0,,,,,,,,,,,,,,,
HIST_FL_004491,HIST_FL_004491,HISTORICAL,FLOOD,2022,6,2022-06-01 00:00:00,month,,,missing,Maharashtra,,1.0,,3.0,,,,,,,,,,,,,
HIST_FL_004492,HIST_FL_004492,HISTORICAL,FLOOD,2022,6,2022-06-01 00:00:00,month,,,missing,Manipur,,1.0,,56.0,,,,,,,,,,,,,
HIST_FL_004493,HIST_FL_004493,HISTORICAL,FLOOD,2022,6,2022-06-01 00:00:00,month,,,missing,Meghalaya,,1.0,,,,,,,,,,,,,,,
HIST_FL_004494,HIST_FL_004494,HISTORICAL,FLOOD,2022,6,2022-06-01 00:00:00,month,,,missing,Meghalaya,,1.0,,,,,,,,,,,,,,,
HIST_FL_004495,HIST_FL_004495,HISTORICAL,FLOOD,2022,6,2022-06-01 00:00:00,month,,,missing,Meghalaya,,1.0,,4.0,,,,,,,,,,,,,
HIST_FL_004496,HIST_FL_004496,HISTORICAL,FLOOD,2022,6,2022-06-01 00:00:00,month,,,missing,Meghalaya,,1.0,,,,,,,,,,,,,,,
HIST_FL_004497,HIST_FL_004497,HISTORICAL,FLOOD,2022,6,2022-06-01 00:00:00,month,,,missing,Meghalaya,,1.0,,,,,,,,,,,,,,,
HIST_FL_004498,HIST_FL_004498,HISTORICAL,FLOOD,2022,6,2022-06-01 00:00:00,month,,,missing,Meghalaya,,1.0,,4.0,,,,,,,,,,,,,
HIST_FL_004499,HIST_FL_004499,HISTORICAL,FLOOD,2022,6,2022-06-01 00:00:00,month,,,missing,Meghalaya,,1.0,,1.0,,,,,,,,,,,,,
HIST_FL_004500,HIST_FL_004500,HISTORICAL,FLOOD,2022,6,2022-06-01 00:00:00,month,,,missing,Punjab,,1.0,,3.0,,,,,,,,,,,,,
HIST_FL_004501,HIST_FL_004501,HISTORICAL,FLOOD,2022,6,2022-06-01 00:00:00,month,,,missing,Punjab,,1.0,,,,,,,,,,,,,,,
HIST_FL_004502,HIST_FL_004502,HISTORICAL,FLOOD,2022,6,2022-06-01 00:00:00,month,,,missing,Punjab,,1.0,,,,,,,,,,,,,,,
HIST_FL_004503,HIST_FL_004503,HISTORICAL,FLOOD,2022,6,2022-06-01 00:00:00,month,,,missing,Sikkim,,1.0,,1.0,,,,,,,,,,,,,
HIST_FL_004504,HIST_FL_004504,HISTORICAL,FLOOD,2022,6,2022-06-01 00:00:00,month,,,missing,Sikkim,,3.0,,,,,,,,,,,,,,,
HIST_FL_004505,HIST_FL_004505,HISTORICAL,FLOOD,2022,6,2022-06-01 00:00:00,month,,,missing,Sikkim,,1.0,,1.0,,,,,,,,,,,,,
HIST_FL_004506,HIST_FL_004506,HISTORICAL,FLOOD,2022,6,2022-06-01 00:00:00,month,,,missing,Sikkim,,1.0,,3.0,,,,,,,,,,,,,
HIST_FL_004507,HIST_FL_004507,HISTORICAL,FLOOD,2022,6,2022-06-01 00:00:00,month,,,missing,Telangana,,2.0,,,,,,,,,,,,,,,
HIST_FL_004508,HIST_FL_004508,HISTORICAL,FLOOD,2022,6,2022-06-01 00:00:00,month,,,missing,Telangana,,2.0,,,,,,,,,,,,,,,
HIST_FL_004509,HIST_FL_004509,HISTORICAL,FLOOD,2022,6,2022-06-01 00:00:00,month,,,missing,Telangana,,2.0,,,,,,,,,,,,,,,
HIST_FL_004510,HIST_FL_004510,HISTORICAL,FLOOD,2022,6,2022-06-01 00:00:00,month,,,missing,Telangana,,2.0,,,,,,,,,,,,,,,
HIST_FL_004511,HIST_FL_004511,HISTORICAL,FLOOD,2022,6,2022-06-01 00:00:00,month,,,missing,Telangana,,2.0,,,,,,,,,,,,,,,
HIST_FL_004512,HIST_FL_004512,HISTORICAL,FLOOD,2022,6,2022-06-01 00:00:00,month,,,missing,Telangana,,2.0,,,,,,,,,,,,,,,
HIST_FL_004513,HIST_FL_004513,HISTORICAL,FLOOD,2022,6,2022-06-01 00:00:00,month,,,missing,Telangana,,2.0,,,,,,,,,,,,,,,
HIST_FL_004514,HIST_FL_004514,HISTORICAL,FLOOD,2022,6,2022-06-01 00:00:00,month,,,missing,Telangana,,2.0,,1.0,,,,,,,,,,,,,
HIST_FL_004515,HIST_FL_004515,HISTORICAL,FLOOD,2022,6,2022-06-01 00:00:00,month,,,missing,Telangana,,2.0,,,,,,,,,,,,,,,
HIST_FL_004516,HIST_FL_004516,HISTORICAL,FLOOD,2022,6,2022-06-01 00:00:00,month,,,missing,Telangana,,2.0,,,,,,,,,,,,,,,
HIST_FL_004517,HIST_FL_004517,HISTORICAL,FLOOD,2022,6,2022-06-01 00:00:00,month,,,missing,Telangana,,2.0,,,,,,,,,,,,,,,
HIST_FL_004518,HIST_FL_004518,HISTORICAL,FLOOD,2022,6,2022-06-01 00:00:00,month,,,missing,Telangana,,2.0,,1.0,,,,,,,,,,,,,
HIST_FL_004519,HIST_FL_004519,HISTORICAL,FLOOD,2022,6,2022-06-01 00:00:00,month,,,missing,Telangana,,2.0,,,,,,,,,,,,,,,
HIST_FL_004520,HIST_FL_004520,HISTORICAL,FLOOD,2022,6,2022-06-01 00:00:00,month,,,missing,Telangana,,2.0,,,,,,,,,,,,,,,
HIST_FL_004521,HIST_FL_004521,HISTORICAL,FLOOD,2022,6,2022-06-01 00:00:00,month,,,missing,Telangana,,1.0,,,,,,,,,,,,,,,
HIST_FL_004522,HIST_FL_004522,HISTORICAL,FLOOD,2022,6,2022-06-01 00:00:00,month,,,missing,Telangana,,1.0,,,,,,,,,,,,,,,
HIST_FL_004523,HIST_FL_004523,HISTORICAL,FLOOD,2022,6,2022-06-01 00:00:00,month,,,missing,Telangana,,1.0,,,,,,,,,,,,,,,
HIST_FL_004524,HIST_FL_004524,HISTORICAL,FLOOD,2022,6,2022-06-01 00:00:00,month,,,missing,Telangana,,1.0,,,,,,,,,,,,,,,
HIST_FL_004525,HIST_FL_004525,HISTORICAL,FLOOD,2022,6,2022-06-01 00:00:00,month,,,missing,Telangana,,1.0,,,,,,,,,,,,,,,
HIST_FL_004526,HIST_FL_004526,HISTORICAL,FLOOD,2022,6,2022-06-01 00:00:00,month,,,missing,Uttar Pradesh,,1.0,,1.0,,,,,,,,,,,,,
HIST_FL_004527,HIST_FL_004527,HISTORICAL,FLOOD,2022,6,2022-06-01 00:00:00,month,,,missing,Uttar Pradesh,,1.0,,,,,,,,,,,,,,,
HIST_FL_004528,HIST_FL_004528,HISTORICAL,FLOOD,2022,6,2022-06-01 00:00:00,month,,,missing,Uttar Pradesh,,1.0,,1.0,,,,,,,,,,,,,
HIST_FL_004529,HIST_FL_004529,HISTORICAL,FLOOD,2022,6,2022-06-01 00:00:00,month,,,missing,Uttar Pradesh,,1.0,,1.0,,,,,,,,,,,,,
HIST_FL_004530,HIST_FL_004530,HISTORICAL,FLOOD,2022,6,2022-06-01 00:00:00,month,,,missing,Uttar Pradesh,,2.0,,2.0,,,,,,,,,,,,,
HIST_FL_004531,HIST_FL_004531,HISTORICAL,FLOOD,2022,6,2022-06-01 00:00:00,month,,,missing,Uttar Pradesh,,2.0,,,,,,,,,,,,,,,
HIST_FL_004532,HIST_FL_004532,HISTORICAL,FLOOD,2022,6,2022-06-01 00:00:00,month,,,missing,Uttar Pradesh,,2.0,,1.0,,,,,,,,,,,,,
HIST_FL_004533,HIST_FL_004533,HISTORICAL,FLOOD,2022,6,2022-06-01 00:00:00,month,,,missing,Uttar Pradesh,,2.0,,,,,,,,,,,,,,,
HIST_FL_004534,HIST_FL_004534,HISTORICAL,FLOOD,2022,7,2022-07-01 00:00:00,month,,,missing,Andhra Pradesh,,8.0,,1.0,,,,,,,,,,,,,
HIST_FL_004535,HIST_FL_004535,HISTORICAL,FLOOD,2022,7,2022-07-01 00:00:00,month,,,missing,Andhra Pradesh,,8.0,,5.0,,,,,,,,,,,,,
HIST_FL_004536,HIST_FL_004536,HISTORICAL,FLOOD,2022,7,2022-07-01 00:00:00,month,,,missing,Andhra Pradesh,,8.0,,1.0,,,,,,,,,,,,,
HIST_FL_004537,HIST_FL_004537,HISTORICAL,FLOOD,2022,7,2022-07-01 00:00:00,month,,,missing,Andhra Pradesh,,62.0,,,,,,,,,,,,,,,
HIST_FL_004538,HIST_FL_004538,HISTORICAL,FLOOD,2022,7,2022-07-01 00:00:00,month,,,missing,Andhra Pradesh,,62.0,,,,,,,,,,,,,,,
HIST_FL_004539,HIST_FL_004539,HISTORICAL,FLOOD,2022,7,2022-07-01 00:00:00,month,,,missing,Andhra Pradesh,,62.0,,,,,,,,,,,,,,,
HIST_FL_004540,HIST_FL_004540,HISTORICAL,FLOOD,2022,7,2022-07-01 00:00:00,month,,,missing,Arunachal Pradesh,,8.0,,,,,,,,,,,,,,,
HIST_FL_004541,HIST_FL_004541,HISTORICAL,FLOOD,2022,7,2022-07-01 00:00:00,month,,,missing,Arunachal Pradesh,,8.0,,,,,,,,,,,,,,,
HIST_FL_004542,HIST_FL_004542,HISTORICAL,FLOOD,2022,7,2022-07-01 00:00:00,month,,,missing,Arunachal Pradesh,,8.0,,,,,,,,,,,,,,,
HIST_FL_004543,HIST_FL_004543,HISTORICAL,FLOOD,2022,7,2022-07-01 00:00:00,month,,,missing,Arunachal Pradesh,,8.0,,,,,,,,,,,,,,,
HIST_FL_004544,HIST_FL_004544,HISTORICAL,FLOOD,2022,7,2022-07-01 00:00:00,month,,,missing,Arunachal Pradesh,,8.0,,,,,,,,,,,,,,,
HIST_FL_004545,HIST_FL_004545,HISTORICAL,FLOOD,2022,7,2022-07-01 00:00:00,month,,,missing,Arunachal Pradesh,,8.0,,,,,,,,,,,,,,,
HIST_FL_004546,HIST_FL_004546,HISTORICAL,FLOOD,2022,7,2022-07-01 00:00:00,month,,,missing,Arunachal Pradesh,,8.0,,,,,,,,,,,,,,,
HIST_FL_004547,HIST_FL_004547,HISTORICAL,FLOOD,2022,7,2022-07-01 00:00:00,month,,,missing,Arunachal Pradesh,,8.0,,,,,,,,,,,,,,,
HIST_FL_004548,HIST_FL_004548,HISTORICAL,FLOOD,2022,7,2022-07-01 00:00:00,month,,,missing,Arunachal Pradesh,,1.0,,,,,,,,,,,,,,,
HIST_FL_004549,HIST_FL_004549,HISTORICAL,FLOOD,2022,7,2022-07-01 00:00:00,month,,,missing,Arunachal Pradesh,,2.0,,,,,,,,,,,,,,,
HIST_FL_004550,HIST_FL_004550,HISTORICAL,FLOOD,2022,7,2022-07-01 00:00:00,month,,,missing,Arunachal Pradesh,,2.0,,,,,,,,,,,,,,,
HIST_FL_004551,HIST_FL_004551,HISTORICAL,FLOOD,2022,7,2022-07-01 00:00:00,month,,,missing,Arunachal Pradesh,,2.0,,,,,,,,,,,,,,,
HIST_FL_004552,HIST_FL_004552,HISTORICAL,FLOOD,2022,7,2022-07-01 00:00:00,month,,,missing,Assam,,1.0,,,,,,,,,,,,,,,
HIST_FL_004553,HIST_FL_004553,HISTORICAL,FLOOD,2022,7,2022-07-01 00:00:00,month,,,missing,Assam,,1.0,,1.0,,,,,,,,,,,,,
HIST_FL_004554,HIST_FL_004554,HISTORICAL,FLOOD,2022,7,2022-07-01 00:00:00,month,,,missing,Assam,,1.0,,,,,,,,,,,,,,,
HIST_FL_004555,HIST_FL_004555,HISTORICAL,FLOOD,2022,7,2022-07-01 00:00:00,month,,,missing,Assam,,1.0,,1.0,,,,,,,,,,,,,
HIST_FL_004556,HIST_FL_004556,HISTORICAL,FLOOD,2022,7,2022-07-01 00:00:00,month,,,missing,Assam,,1.0,,1.0,,,,,,,,,,,,,
HIST_FL_004557,HIST_FL_004557,HISTORICAL,FLOOD,2022,7,2022-07-01 00:00:00,month,,,missing,Assam,,1.0,,2.0,,,,,,,,,,,,,
HIST_FL_004558,HIST_FL_004558,HISTORICAL,FLOOD,2022,7,2022-07-01 00:00:00,month,,,missing,Assam,,1.0,,1.0,,,,,,,,,,,,,
HIST_FL_004559,HIST_FL_004559,HISTORICAL,FLOOD,2022,7,2022-07-01 00:00:00,month,,,missing,Assam,,1.0,,,,,,,,,,,,,,,
HIST_FL_004560,HIST_FL_004560,HISTORICAL,FLOOD,2022,7,2022-07-01 00:00:00,month,,,missing,Assam,,1.0,,1.0,,,,,,,,,,,,,
HIST_FL_004561,HIST_FL_004561,HISTORICAL,FLOOD,2022,7,2022-07-01 00:00:00,month,,,missing,Assam,,1.0,,,,,,,,,,,,,,,
HIST_FL_004562,HIST_FL_004562,HISTORICAL,FLOOD,2022,7,2022-07-01 00:00:00,month,,,missing,Assam,,1.0,,2.0,,,,,,,,,,,,,
HIST_FL_004563,HIST_FL_004563,HISTORICAL,FLOOD,2022,7,2022-07-01 00:00:00,month,,,missing,Assam,,1.0,,1.0,,,,,,,,,,,,,
HIST_FL_004564,HIST_FL_004564,HISTORICAL,FLOOD,2022,7,2022-07-01 00:00:00,month,,,missing,Assam,,1.0,,1.0,,,,,,,,,,,,,
HIST_FL_004565,HIST_FL_004565,HISTORICAL,FLOOD,2022,7,2022-07-01 00:00:00,month,,,missing,Assam,,1.0,,,,,,,,,,,,,,,
HIST_FL_004566,HIST_FL_004566,HISTORICAL,FLOOD,2022,7,2022-07-01 00:00:00,month,,,missing,Assam,,1.0,,1.0,,,,,,,,,,,,,
HIST_FL_004567,HIST_FL_004567,HISTORICAL,FLOOD,2022,7,2022-07-01 00:00:00,month,,,missing,Assam,,1.0,,1.0,,,,,,,,,,,,,
HIST_FL_004568,HIST_FL_004568,HISTORICAL,FLOOD,2022,7,2022-07-01 00:00:00,month,,,missing,Assam,,1.0,,,,,,,,,,,,,,,
HIST_FL_004569,HIST_FL_004569,HISTORICAL,FLOOD,2022,7,2022-07-01 00:00:00,month,,,missing,Assam,,1.0,,1.0,,,,,,,,,,,,,
HIST_FL_004570,HIST_FL_004570,HISTORICAL,FLOOD,2022,7,2022-07-01 00:00:00,month,,,missing,Assam,,1.0,,,,,,,,,,,,,,,
HIST_FL_004571,HIST_FL_004571,HISTORICAL,FLOOD,2022,7,2022-07-01 00:00:00,month,,,missing,Assam,,1.0,,1.0,,,,,,,,,,,,,
HIST_FL_004572,HIST_FL_004572,HISTORICAL,FLOOD,2022,7,2022-07-01 00:00:00,month,,,missing,Assam,,1.0,,1.0,,,,,,,,,,,,,
HIST_FL_004573,HIST_FL_004573,HISTORICAL,FLOOD,2022,7,2022-07-01 00:00:00,month,,,missing,Assam,,1.0,,,,,,,,,,,,,,,
HIST_FL_004574,HIST_FL_004574,HISTORICAL,FLOOD,2022,7,2022-07-01 00:00:00,month,,,missing,Assam,,1.0,,1.0,,,,,,,,,,,,,
HIST_FL_004575,HIST_FL_004575,HISTORICAL,FLOOD,2022,7,2022-07-01 00:00:00,month,,,missing,Assam,,1.0,,,,,,,,,,,,,,,
HIST_FL_004576,HIST_FL_004576,HISTORICAL,FLOOD,2022,7,2022-07-01 00:00:00,month,,,missing,Assam,,1.0,,,,,,,,,,,,,,,
HIST_FL_004577,HIST_FL_004577,HISTORICAL,FLOOD,2022,7,2022-07-01 00:00:00,month,,,missing,Assam,,1.0,,,,,,,,,,,,,,,
HIST_FL_004578,HIST_FL_004578,HISTORICAL,FLOOD,2022,7,2022-07-01 00:00:00,month,,,missing,Assam,,1.0,,2.0,,,,,,,,,,,,,
HIST_FL_004579,HIST_FL_004579,HISTORICAL,FLOOD,2022,7,2022-07-01 00:00:00,month,,,missing,Assam,,1.0,,,,,,,,,,,,,,,
HIST_FL_004580,HIST_FL_004580,HISTORICAL,FLOOD,2022,7,2022-07-01 00:00:00,month,,,missing,Assam,,1.0,,,,,,,,,,,,,,,
HIST_FL_004581,HIST_FL_004581,HISTORICAL,FLOOD,2022,7,2022-07-01 00:00:00,month,,,missing,Assam,,1.0,,1.0,,,,,,,,,,,,,
HIST_FL_004582,HIST_FL_004582,HISTORICAL,FLOOD,2022,7,2022-07-01 00:00:00,month,,,missing,Assam,,1.0,,,,,,,,,,,,,,,
HIST_FL_004583,HIST_FL_004583,HISTORICAL,FLOOD,2022,7,2022-07-01 00:00:00,month,,,missing,Assam,,1.0,,,,,,,,,,,,,,,
HIST_FL_004584,HIST_FL_004584,HISTORICAL,FLOOD,2022,7,2022-07-01 00:00:00,month,,,missing,Assam,,1.0,,,,,,,,,,,,,,,
HIST_FL_004585,HIST_FL_004585,HISTORICAL,FLOOD,2022,7,2022-07-01 00:00:00,month,,,missing,Assam,,1.0,,1.0,,,,,,,,,,,,,
HIST_FL_004586,HIST_FL_004586,HISTORICAL,FLOOD,2022,7,2022-07-01 00:00:00,month,,,missing,Assam,,1.0,,,,,,,,,,,,,,,
HIST_FL_004587,HIST_FL_004587,HISTORICAL,FLOOD,2022,7,2022-07-01 00:00:00,month,,,missing,Assam,,1.0,,1.0,,,,,,,,,,,,,
HIST_FL_004588,HIST_FL_004588,HISTORICAL,FLOOD,2022,7,2022-07-01 00:00:00,month,,,missing,Assam,,1.0,,,,,,,,,,,,,,,
HIST_FL_004589,HIST_FL_004589,HISTORICAL,FLOOD,2022,7,2022-07-01 00:00:00,month,,,missing,Assam,,1.0,,1.0,,,,,,,,,,,,,
HIST_FL_004590,HIST_FL_004590,HISTORICAL,FLOOD,2022,7,2022-07-01 00:00:00,month,,,missing,Chhattisgarh,,1.0,,,,,,,,,,,,,,,
HIST_FL_004591,HIST_FL_004591,HISTORICAL,FLOOD,2022,7,2022-07-01 00:00:00,month,,,missing,Chhattisgarh,,1.0,,1.0,,,,,,,,,,,,,
HIST_FL_004592,HIST_FL_004592,HISTORICAL,FLOOD,2022,7,2022-07-01 00:00:00,month,,,missing,Chhattisgarh,,1.0,,,,,,,,,,,,,,,
HIST_FL_004593,HIST_FL_004593,HISTORICAL,FLOOD,2022,7,2022-07-01 00:00:00,month,,,missing,Chhattisgarh,,1.0,,3.0,,,,,,,,,,,,,
HIST_FL_004594,HIST_FL_004594,HISTORICAL,FLOOD,2022,7,2022-07-01 00:00:00,month,,,missing,Chhattisgarh,,1.0,,1.0,,,,,,,,,,,,,
HIST_FL_004595,HIST_FL_004595,HISTORICAL,FLOOD,2022,7,2022-07-01 00:00:00,month,,,missing,Chhattisgarh,,3.0,,,,,,,,,,,,,,,
HIST_FL_004596,HIST_FL_004596,HISTORICAL,FLOOD,2022,7,2022-07-01 00:00:00,month,,,missing,Chhattisgarh,,3.0,,,,,,,,,,,,,,,
HIST_FL_004597,HIST_FL_004597,HISTORICAL,FLOOD,2022,7,2022-07-01 00:00:00,month,,,missing,Chhattisgarh,,3.0,,,,,,,,,,,,,,,
HIST_FL_004598,HIST_FL_004598,HISTORICAL,FLOOD,2022,7,2022-07-01 00:00:00,month,,,missing,Goa,,31.0,,,,,,,,,,,,,,,
HIST_FL_004599,HIST_FL_004599,HISTORICAL,FLOOD,2022,7,2022-07-01 00:00:00,month,,,missing,Goa,,31.0,,,,,,,,,,,,,,,
HIST_FL_004600,HIST_FL_004600,HISTORICAL,FLOOD,2022,7,2022-07-01 00:00:00,month,,,missing,Goa,,1.0,,1.0,,,,,,,,,,,,,
HIST_FL_004601,HIST_FL_004601,HISTORICAL,FLOOD,2022,7,2022-07-01 00:00:00,month,,,missing,Gujarat,,1.0,,7.0,,,,,,,,,,,,,
HIST_FL_004602,HIST_FL_004602,HISTORICAL,FLOOD,2022,7,2022-07-01 00:00:00,month,,,missing,Gujarat,,1.0,,,,,,,,,,,,,,,
HIST_FL_004603,HIST_FL_004603,HISTORICAL,FLOOD,2022,7,2022-07-01 00:00:00,month,,,missing,Gujarat,,1.0,,,,,,,,,,,,,,,
HIST_FL_004604,HIST_FL_004604,HISTORICAL,FLOOD,2022,7,2022-07-01 00:00:00,month,,,missing,Gujarat,,1.0,,,,,,,,,,,,,,,
HIST_FL_004605,HIST_FL_004605,HISTORICAL,FLOOD,2022,7,2022-07-01 00:00:00,month,,,missing,Gujarat,,1.0,,,,,,,,,,,,,,,
HIST_FL_004606,HIST_FL_004606,HISTORICAL,FLOOD,2022,7,2022-07-01 00:00:00,month,,,missing,Gujarat,,1.0,,,,,,,,,,,,,,,
HIST_FL_004607,HIST_FL_004607,HISTORICAL,FLOOD,2022,7,2022-07-01 00:00:00,month,,,missing,Gujarat,,1.0,,,,,,,,,,,,,,,
HIST_FL_004608,HIST_FL_004608,HISTORICAL,FLOOD,2022,7,2022-07-01 00:00:00,month,,,missing,Gujarat,,1.0,,,,,,,,,,,,,,,
HIST_FL_004609,HIST_FL_004609,HISTORICAL,FLOOD,2022,7,2022-07-01 00:00:00,month,,,missing,Gujarat,,1.0,,,,,,,,,,,,,,,
HIST_FL_004610,HIST_FL_004610,HISTORICAL,FLOOD,2022,7,2022-07-01 00:00:00,month,,,missing,Gujarat,,1.0,,,,,,,,,,,,,,,
HIST_FL_004611,HIST_FL_004611,HISTORICAL,FLOOD,2022,7,2022-07-01 00:00:00,month,,,missing,Gujarat,,1.0,,,,,,,,,,,,,,,
HIST_FL_004612,HIST_FL_004612,HISTORICAL,FLOOD,2022,7,2022-07-01 00:00:00,month,,,missing,Gujarat,,2.0,,14.0,,,,,,,,,,,,,
HIST_FL_004613,HIST_FL_004613,HISTORICAL,FLOOD,2022,7,2022-07-01 00:00:00,month,,,missing,Gujarat,,2.0,,,,,,,,,,,,,,,
HIST_FL_004614,HIST_FL_004614,HISTORICAL,FLOOD,2022,7,2022-07-01 00:00:00,month,,,missing,Gujarat,,2.0,,,,,,,,,,,,,,,
HIST_FL_004615,HIST_FL_004615,HISTORICAL,FLOOD,2022,7,2022-07-01 00:00:00,month,,,missing,Gujarat,,2.0,,,,,,,,,,,,,,,
HIST_FL_004616,HIST_FL_004616,HISTORICAL,FLOOD,2022,7,2022-07-01 00:00:00,month,,,missing,Gujarat,,2.0,,,,,,,,,,,,,,,
HIST_FL_004617,HIST_FL_004617,HISTORICAL,FLOOD,2022,7,2022-07-01 00:00:00,month,,,missing,Gujarat,,2.0,,,,,,,,,,,,,,,
HIST_FL_004618,HIST_FL_004618,HISTORICAL,FLOOD,2022,7,2022-07-01 00:00:00,month,,,missing,Gujarat,,2.0,,,,,,,,,,,,,,,
HIST_FL_004619,HIST_FL_004619,HISTORICAL,FLOOD,2022,7,2022-07-01 00:00:00,month,,,missing,Gujarat,,2.0,,,,,,,,,,,,,,,
HIST_FL_004620,HIST_FL_004620,HISTORICAL,FLOOD,2022,7,2022-07-01 00:00:00,month,,,missing,Gujarat,,2.0,,,,,,,,,,,,,,,
HIST_FL_004621,HIST_FL_004621,HISTORICAL,FLOOD,2022,7,2022-07-01 00:00:00,month,,,missing,Himachal Pradesh,,1.0,,1.0,,,,,,,,,,,,,
HIST_FL_004622,HIST_FL_004622,HISTORICAL,FLOOD,2022,7,2022-07-01 00:00:00,month,,,missing,Himachal Pradesh,,1.0,,8.0,,,,,,,,,,,,,
HIST_FL_004623,HIST_FL_004623,HISTORICAL,FLOOD,2022,7,2022-07-01 00:00:00,month,,,missing,Himachal Pradesh,,1.0,,,,,,,,,,,,,,,
HIST_FL_004624,HIST_FL_004624,HISTORICAL,FLOOD,2022,7,2022-07-01 00:00:00,month,,,missing,Himachal Pradesh,,1.0,,,,,,,,,,,,,,,
HIST_FL_004625,HIST_FL_004625,HISTORICAL,FLOOD,2022,7,2022-07-01 00:00:00,month,,,missing,Himachal Pradesh,,1.0,,1.0,,,,,,,,,,,,,
HIST_FL_004626,HIST_FL_004626,HISTORICAL,FLOOD,2022,7,2022-07-01 00:00:00,month,,,missing,Himachal Pradesh,,1.0,,,,,,,,,,,,,,,
HIST_FL_004627,HIST_FL_004627,HISTORICAL,FLOOD,2022,7,2022-07-01 00:00:00,month,,,missing,Himachal Pradesh,,2.0,,,,,,,,,,,,,,,
HIST_FL_004628,HIST_FL_004628,HISTORICAL,FLOOD,2022,7,2022-07-01 00:00:00,month,,,missing,Himachal Pradesh,,1.0,,,,,,,,,,,,,,,
HIST_FL_004629,HIST_FL_004629,HISTORICAL,FLOOD,2022,7,2022-07-01 00:00:00,month,,,missing,Jammu and Kashmir,,1.0,,,,,,,,,,,,,,,
HIST_FL_004630,HIST_FL_004630,HISTORICAL,FLOOD,2022,7,2022-07-01 00:00:00,month,,,missing,Jammu and Kashmir,,1.0,,1.0,,,,,,,,,,,,,
HIST_FL_004631,HIST_FL_004631,HISTORICAL,FLOOD,2022,7,2022-07-01 00:00:00,month,,,missing,Jammu and Kashmir,,1.0,,16.0,,,,,,,,,,,,,
HIST_FL_004632,HIST_FL_004632,HISTORICAL,FLOOD,2022,7,2022-07-01 00:00:00,month,,,missing,Jammu and Kashmir,,1.0,,2.0,,,,,,,,,,,,,
HIST_FL_004633,HIST_FL_004633,HISTORICAL,FLOOD,2022,7,2022-07-01 00:00:00,month,,,missing,Jammu and Kashmir,,1.0,,,,,,,,,,,,,,,
HIST_FL_004634,HIST_FL_004634,HISTORICAL,FLOOD,2022,7,2022-07-01 00:00:00,month,,,missing,Jammu and Kashmir,,1.0,,,,,,,,,,,,,,,
HIST_FL_004635,HIST_FL_004635,HISTORICAL,FLOOD,2022,7,2022-07-01 00:00:00,month,,,missing,Jammu and Kashmir,,1.0,,1.0,,,,,,,,,,,,,
HIST_FL_004636,HIST_FL_004636,HISTORICAL,FLOOD,2022,7,2022-07-01 00:00:00,month,,,missing,Jammu and Kashmir,,1.0,,1.0,,,,,,,,,,,,,
HIST_FL_004637,HIST_FL_004637,HISTORICAL,FLOOD,2022,7,2022-07-01 00:00:00,month,,,missing,Jammu and Kashmir,,1.0,,2.0,,,,,,,,,,,,,
HIST_FL_004638,HIST_FL_004638,HISTORICAL,FLOOD,2022,7,2022-07-01 00:00:00,month,,,missing,Jammu and Kashmir,,2.0,,2.0,,,,,,,,,,,,,
HIST_FL_004639,HIST_FL_004639,HISTORICAL,FLOOD,2022,7,2022-07-01 00:00:00,month,,,missing,Jammu and Kashmir,,2.0,,,,,,,,,,,,,,,
HIST_FL_004640,HIST_FL_004640,HISTORICAL,FLOOD,2022,7,2022-07-01 00:00:00,month,,,missing,Jammu and Kashmir,,2.0,,,,,,,,,,,,,,,
HIST_FL_004641,HIST_FL_004641,HISTORICAL,FLOOD,2022,7,2022-07-01 00:00:00,month,,,missing,Jammu and Kashmir,,1.0,,3.0,,,,,,,,,,,,,
HIST_FL_004642,HIST_FL_004642,HISTORICAL,FLOOD,2022,7,2022-07-01 00:00:00,month,,,missing,Karnataka,,1.0,,1.0,,,,,,,,,,,,,
HIST_FL_004643,HIST_FL_004643,HISTORICAL,FLOOD,2022,7,2022-07-01 00:00:00,month,,,missing,Karnataka,,1.0,,,,,,,,,,,,,,,
HIST_FL_004644,HIST_FL_004644,HISTORICAL,FLOOD,2022,7,2022-07-01 00:00:00,month,,,missing,Karnataka,,1.0,,,,,,,,,,,,,,,
HIST_FL_004645,HIST_FL_004645,HISTORICAL,FLOOD,2022,7,2022-07-01 00:00:00,month,,,missing,Karnataka,,1.0,,3.0,,,,,,,,,,,,,
HIST_FL_004646,HIST_FL_004646,HISTORICAL,FLOOD,2022,7,2022-07-01 00:00:00,month,,,missing,Karnataka,,2.0,,,,,,,,,,,,,,,
HIST_FL_004647,HIST_FL_004647,HISTORICAL,FLOOD,2022,7,2022-07-01 00:00:00,month,,,missing,Karnataka,,2.0,,,,,,,,,,,,,,,
HIST_FL_004648,HIST_FL_004648,HISTORICAL,FLOOD,2022,7,2022-07-01 00:00:00,month,,,missing,Karnataka,,1.0,,1.0,,,,,,,,,,,,,
HIST_FL_004649,HIST_FL_004649,HISTORICAL,FLOOD,2022,7,2022-07-01 00:00:00,month,,,missing,Kerala,,1.0,,1.0,,,,,,,,,,,,,
HIST_FL_004650,HIST_FL_004650,HISTORICAL,FLOOD,2022,7,2022-07-01 00:00:00,month,,,missing,Kerala,,1.0,,1.0,,,,,,,,,,,,,
HIST_FL_004651,HIST_FL_004651,HISTORICAL,FLOOD,2022,7,2022-07-01 00:00:00,month,,,missing,Kerala,,1.0,,1.0,,,,,,,,,,,,,
HIST_FL_004652,HIST_FL_004652,HISTORICAL,FLOOD,2022,7,2022-07-01 00:00:00,month,,,missing,Kerala,,1.0,,1.0,,,,,,,,,,,,,
HIST_FL_004653,HIST_FL_004653,HISTORICAL,FLOOD,2022,7,2022-07-01 00:00:00,month,,,missing,Kerala,,1.0,,1.0,,,,,,,,,,,,,
HIST_FL_004654,HIST_FL_004654,HISTORICAL,FLOOD,2022,7,2022-07-01 00:00:00,month,,,missing,Kerala,,1.0,,1.0,,,,,,,,,,,,,
HIST_FL_004655,HIST_FL_004655,HISTORICAL,FLOOD,2022,7,2022-07-01 00:00:00,month,,,missing,Kerala,,1.0,,1.0,,,,,,,,,,,,,
HIST_FL_004656,HIST_FL_004656,HISTORICAL,FLOOD,2022,7,2022-07-01 00:00:00,month,,,missing,Kerala,,1.0,,4.0,,,,,,,,,,,,,
HIST_FL_004657,HIST_FL_004657,HISTORICAL,FLOOD,2022,7,2022-07-01 00:00:00,month,,,missing,Kerala,,1.0,,,,,,,,,,,,,,,
HIST_FL_004658,HIST_FL_004658,HISTORICAL,FLOOD,2022,7,2022-07-01 00:00:00,month,,,missing,Kerala,,1.0,,,,,,,,,,,,,,,
HIST_FL_004659,HIST_FL_004659,HISTORICAL,FLOOD,2022,7,2022-07-01 00:00:00,month,,,missing,Kerala,,1.0,,1.0,,,,,,,,,,,,,
HIST_FL_004660,HIST_FL_004660,HISTORICAL,FLOOD,2022,7,2022-07-01 00:00:00,month,,,missing,Kerala,,1.0,,1.0,,,,,,,,,,,,,
HIST_FL_004661,HIST_FL_004661,HISTORICAL,FLOOD,2022,7,2022-07-01 00:00:00,month,,,missing,Kerala,,1.0,,1.0,,,,,,,,,,,,,
HIST_FL_004662,HIST_FL_004662,HISTORICAL,FLOOD,2022,7,2022-07-01 00:00:00,month,,,missing,Maharashtra,,1.0,,1.0,,,,,,,,,,,,,
HIST_FL_004663,HIST_FL_004663,HISTORICAL,FLOOD,2022,7,2022-07-01 00:00:00,month,,,missing,Maharashtra,,1.0,,1.0,,,,,,,,,,,,,
HIST_FL_004664,HIST_FL_004664,HISTORICAL,FLOOD,2022,7,2022-07-01 00:00:00,month,,,missing,Maharashtra,,1.0,,,,,,,,,,,,,,,
HIST_FL_004665,HIST_FL_004665,HISTORICAL,FLOOD,2022,7,2022-07-01 00:00:00,month,,,missing,Maharashtra,,1.0,,,,,,,,,,,,,,,
HIST_FL_004666,HIST_FL_004666,HISTORICAL,FLOOD,2022,7,2022-07-01 00:00:00,month,,,missing,Maharashtra,,1.0,,,,,,,,,,,,,,,
HIST_FL_004667,HIST_FL_004667,HISTORICAL,FLOOD,2022,7,2022-07-01 00:00:00,month,,,missing,Maharashtra,,1.0,,,,,,,,,,,,,,,
HIST_FL_004668,HIST_FL_004668,HISTORICAL,FLOOD,2022,7,2022-07-01 00:00:00,month,,,missing,Maharashtra,,1.0,,1.0,,,,,,,,,,,,,
HIST_FL_004669,HIST_FL_004669,HISTORICAL,FLOOD,2022,7,2022-07-01 00:00:00,month,,,missing,Maharashtra,,1.0,,1.0,,,,,,,,,,,,,
HIST_FL_004670,HIST_FL_004670,HISTORICAL,FLOOD,2022,7,2022-07-01 00:00:00,month,,,missing,Maharashtra,,1.0,,4.0,,,,,,,,,,,,,
HIST_FL_004671,HIST_FL_004671,HISTORICAL,FLOOD,2022,7,2022-07-01 00:00:00,month,,,missing,Maharashtra,,1.0,,,,,,,,,,,,,,,
HIST_FL_004672,HIST_FL_004672,HISTORICAL,FLOOD,2022,7,2022-07-01 00:00:00,month,,,missing,Maharashtra,,1.0,,,,,,,,,,,,,,,
HIST_FL_004673,HIST_FL_004673,HISTORICAL,FLOOD,2022,7,2022-07-01 00:00:00,month,,,missing,Maharashtra,,1.0,,,,,,,,,,,,,,,
HIST_FL_004674,HIST_FL_004674,HISTORICAL,FLOOD,2022,7,2022-07-01 00:00:00,month,,,missing,Maharashtra,,1.0,,1.0,,,,,,,,,,,,,
HIST_FL_004675,HIST_FL_004675,HISTORICAL,FLOOD,2022,7,2022-07-01 00:00:00,month,,,missing,Maharashtra,,1.0,,4.0,,,,,,,,,,,,,
HIST_FL_004676,HIST_FL_004676,HISTORICAL,FLOOD,2022,7,2022-07-01 00:00:00,month,,,missing,Maharashtra,,1.0,,2.0,,,,,,,,,,,,,
HIST_FL_004677,HIST_FL_004677,HISTORICAL,FLOOD,2022,7,2022-07-01 00:00:00,month,,,missing,Maharashtra,,1.0,,1.0,,,,,,,,,,,,,
HIST_FL_004678,HIST_FL_004678,HISTORICAL,FLOOD,2022,7,2022-07-01 00:00:00,month,,,missing,Maharashtra,,1.0,,2.0,,,,,,,,,,,,,
HIST_FL_004679,HIST_FL_004679,HISTORICAL,FLOOD,2022,7,2022-07-01 00:00:00,month,,,missing,Maharashtra,,1.0,,,,,,,,,,,,,,,
HIST_FL_004680,HIST_FL_004680,HISTORICAL,FLOOD,2022,7,2022-07-01 00:00:00,month,,,missing,Maharashtra,,1.0,,1.0,,,,,,,,,,,,,
HIST_FL_004681,HIST_FL_004681,HISTORICAL,FLOOD,2022,7,2022-07-01 00:00:00,month,,,missing,Maharashtra,,1.0,,,,,,,,,,,,,,,
HIST_FL_004682,HIST_FL_004682,HISTORICAL,FLOOD,2022,7,2022-07-01 00:00:00,month,,,missing,Maharashtra,,1.0,,,,,,,,,,,,,,,
HIST_FL_004683,HIST_FL_004683,HISTORICAL,FLOOD,2022,7,2022-07-01 00:00:00,month,,,missing,Maharashtra,,1.0,,3.0,,,,,,,,,,,,,
HIST_FL_004684,HIST_FL_004684,HISTORICAL,FLOOD,2022,7,2022-07-01 00:00:00,month,,,missing,Maharashtra,,1.0,,6.0,,,,,,,,,,,,,
HIST_FL_004685,HIST_FL_004685,HISTORICAL,FLOOD,2022,7,2022-07-01 00:00:00,month,,,missing,Maharashtra,,1.0,,2.0,,,,,,,,,,,,,
HIST_FL_004686,HIST_FL_004686,HISTORICAL,FLOOD,2022,7,2022-07-01 00:00:00,month,,,missing,Maharashtra,,1.0,,4.0,,,,,,,,,,,,,
HIST_FL_004687,HIST_FL_004687,HISTORICAL,FLOOD,2022,7,2022-07-01 00:00:00,month,,,missing,Maharashtra,,1.0,,,,,,,,,,,,,,,
HIST_FL_004688,HIST_FL_004688,HISTORICAL,FLOOD,2022,7,2022-07-01 00:00:00,month,,,missing,Maharashtra,,1.0,,1.0,,,,,,,,,,,,,
HIST_FL_004689,HIST_FL_004689,HISTORICAL,FLOOD,2022,7,2022-07-01 00:00:00,month,,,missing,Maharashtra,,1.0,,1.0,,,,,,,,,,,,,
HIST_FL_004690,HIST_FL_004690,HISTORICAL,FLOOD,2022,7,2022-07-01 00:00:00,month,,,missing,Maharashtra,,1.0,,2.0,,,,,,,,,,,,,
HIST_FL_004691,HIST_FL_004691,HISTORICAL,FLOOD,2022,7,2022-07-01 00:00:00,month,,,missing,Maharashtra,,1.0,,3.0,,,,,,,,,,,,,
HIST_FL_004692,HIST_FL_004692,HISTORICAL,FLOOD,2022,7,2022-07-01 00:00:00,month,,,missing,Maharashtra,,1.0,,4.0,,,,,,,,,,,,,
HIST_FL_004693,HIST_FL_004693,HISTORICAL,FLOOD,2022,7,2022-07-01 00:00:00,month,,,missing,Maharashtra,,1.0,,1.0,,,,,,,,,,,,,
HIST_FL_004694,HIST_FL_004694,HISTORICAL,FLOOD,2022,7,2022-07-01 00:00:00,month,,,missing,Maharashtra,,1.0,,1.0,,,,,,,,,,,,,
HIST_FL_004695,HIST_FL_004695,HISTORICAL,FLOOD,2022,7,2022-07-01 00:00:00,month,,,missing,Maharashtra,,1.0,,1.0,,,,,,,,,,,,,
HIST_FL_004696,HIST_FL_004696,HISTORICAL,FLOOD,2022,7,2022-07-01 00:00:00,month,,,missing,Maharashtra,,1.0,,1.0,,,,,,,,,,,,,
HIST_FL_004697,HIST_FL_004697,HISTORICAL,FLOOD,2022,7,2022-07-01 00:00:00,month,,,missing,Maharashtra,,1.0,,,,,,,,,,,,,,,
HIST_FL_004698,HIST_FL_004698,HISTORICAL,FLOOD,2022,7,2022-07-01 00:00:00,month,,,missing,Maharashtra,,1.0,,1.0,,,,,,,,,,,,,
HIST_FL_004699,HIST_FL_004699,HISTORICAL,FLOOD,2022,7,2022-07-01 00:00:00,month,,,missing,Maharashtra,,1.0,,2.0,,,,,,,,,,,,,
HIST_FL_004700,HIST_FL_004700,HISTORICAL,FLOOD,2022,7,2022-07-01 00:00:00,month,,,missing,Maharashtra,,1.0,,,,,,,,,,,,,,,
HIST_FL_004701,HIST_FL_004701,HISTORICAL,FLOOD,2022,7,2022-07-01 00:00:00,month,,,missing,Maharashtra,,1.0,,,,,,,,,,,,,,,
HIST_FL_004702,HIST_FL_004702,HISTORICAL,FLOOD,2022,7,2022-07-01 00:00:00,month,,,missing,Maharashtra,,1.0,,,,,,,,,,,,,,,
HIST_FL_004703,HIST_FL_004703,HISTORICAL,FLOOD,2022,7,2022-07-01 00:00:00,month,,,missing,Maharashtra,,1.0,,,,,,,,,,,,,,,
HIST_FL_004704,HIST_FL_004704,HISTORICAL,FLOOD,2022,7,2022-07-01 00:00:00,month,,,missing,Maharashtra,,1.0,,,,,,,,,,,,,,,
HIST_FL_004705,HIST_FL_004705,HISTORICAL,FLOOD,2022,7,2022-07-01 00:00:00,month,,,missing,Maharashtra,,1.0,,,,,,,,,,,,,,,
HIST_FL_004706,HIST_FL_004706,HISTORICAL,FLOOD,2022,7,2022-07-01 00:00:00,month,,,missing,Maharashtra,,1.0,,,,,,,,,,,,,,,
HIST_FL_004707,HIST_FL_004707,HISTORICAL,FLOOD,2022,7,2022-07-01 00:00:00,month,,,missing,Maharashtra,,1.0,,2.0,,,,,,,,,,,,,
HIST_FL_004708,HIST_FL_004708,HISTORICAL,FLOOD,2022,7,2022-07-01 00:00:00,month,,,missing,Maharashtra,,1.0,,,,,,,,,,,,,,,
HIST_FL_004709,HIST_FL_004709,HISTORICAL,FLOOD,2022,7,2022-07-01 00:00:00,month,,,missing,Maharashtra,,1.0,,2.0,,,,,,,,,,,,,
HIST_FL_004710,HIST_FL_004710,HISTORICAL,FLOOD,2022,7,2022-07-01 00:00:00,month,,,missing,Maharashtra,,1.0,,13.0,,,,,,,,,,,,,
HIST_FL_004711,HIST_FL_004711,HISTORICAL,FLOOD,2022,7,2022-07-01 00:00:00,month,,,missing,Maharashtra,,1.0,,,,,,,,,,,,,,,
HIST_FL_004712,HIST_FL_004712,HISTORICAL,FLOOD,2022,7,2022-07-01 00:00:00,month,,,missing,Maharashtra,,1.0,,2.0,,,,,,,,,,,,,
HIST_FL_004713,HIST_FL_004713,HISTORICAL,FLOOD,2022,7,2022-07-01 00:00:00,month,,,missing,Maharashtra,,1.0,,,,,,,,,,,,,,,
HIST_FL_004714,HIST_FL_004714,HISTORICAL,FLOOD,2022,7,2022-07-01 00:00:00,month,,,missing,Maharashtra,,3.0,,,,,,,,,,,,,,,
HIST_FL_004715,HIST_FL_004715,HISTORICAL,FLOOD,2022,7,2022-07-01 00:00:00,month,,,missing,Maharashtra,,3.0,,,,,,,,,,,,,,,
HIST_FL_004716,HIST_FL_004716,HISTORICAL,FLOOD,2022,7,2022-07-01 00:00:00,month,,,missing,Maharashtra,,3.0,,,,,,,,,,,,,,,
HIST_FL_004717,HIST_FL_004717,HISTORICAL,FLOOD,2022,7,2022-07-01 00:00:00,month,,,missing,Maharashtra,,1.0,,2.0,,,,,,,,,,,,,
HIST_FL_004718,HIST_FL_004718,HISTORICAL,FLOOD,2022,7,2022-07-01 00:00:00,month,,,missing,Odisha,,1.0,,,,,,,,,,,,,,,
HIST_FL_004719,HIST_FL_004719,HISTORICAL,FLOOD,2022,7,2022-07-01 00:00:00,month,,,missing,Rajasthan,,1.0,,2.0,,,,,,,,,,,,,
HIST_FL_004720,HIST_FL_004720,HISTORICAL,FLOOD,2022,7,2022-07-01 00:00:00,month,,,missing,Rajasthan,,1.0,,2.0,,,,,,,,,,,,,
HIST_FL_004721,HIST_FL_004721,HISTORICAL,FLOOD,2022,7,2022-07-01 00:00:00,month,,,missing,Rajasthan,,1.0,,2.0,,,,,,,,,,,,,
HIST_FL_004722,HIST_FL_004722,HISTORICAL,FLOOD,2022,7,2022-07-01 00:00:00,month,,,missing,Rajasthan,,1.0,,1.0,,,,,,,,,,,,,
HIST_FL_004723,HIST_FL_004723,HISTORICAL,FLOOD,2022,7,2022-07-01 00:00:00,month,,,missing,Rajasthan,,4.0,,5.0,,,,,,,,,,,,,
HIST_FL_004724,HIST_FL_004724,HISTORICAL,FLOOD,2022,7,2022-07-01 00:00:00,month,,,missing,Rajasthan,,1.0,,1.0,,,,,,,,,,,,,
HIST_FL_004725,HIST_FL_004725,HISTORICAL,FLOOD,2022,7,2022-07-01 00:00:00,month,,,missing,Rajasthan,,1.0,,2.0,,,,,,,,,,,,,
HIST_FL_004726,HIST_FL_004726,HISTORICAL,FLOOD,2022,7,2022-07-01 00:00:00,month,,,missing,Rajasthan,,1.0,,1.0,,,,,,,,,,,,,
HIST_FL_004727,HIST_FL_004727,HISTORICAL,FLOOD,2022,7,2022-07-01 00:00:00,month,,,missing,Rajasthan,,1.0,,1.0,,,,,,,,,,,,,
HIST_FL_004728,HIST_FL_004728,HISTORICAL,FLOOD,2022,7,2022-07-01 00:00:00,month,,,missing,Rajasthan,,1.0,,1.0,,,,,,,,,,,,,
HIST_FL_004729,HIST_FL_004729,HISTORICAL,FLOOD,2022,7,2022-07-01 00:00:00,month,,,missing,Rajasthan,,1.0,,2.0,,,,,,,,,,,,,
HIST_FL_004730,HIST_FL_004730,HISTORICAL,FLOOD,2022,7,2022-07-01 00:00:00,month,,,missing,Rajasthan,,1.0,,5.0,,,,,,,,,,,,,
HIST_FL_004731,HIST_FL_004731,HISTORICAL,FLOOD,2022,7,2022-07-01 00:00:00,month,,,missing,Rajasthan,,2.0,,10.0,,,,,,,,,,,,,
HIST_FL_004732,HIST_FL_004732,HISTORICAL,FLOOD,2022,7,2022-07-01 00:00:00,month,,,missing,Rajasthan,,1.0,,3.0,,,,,,,,,,,,,
HIST_FL_004733,HIST_FL_004733,HISTORICAL,FLOOD,2022,7,2022-07-01 00:00:00,month,,,missing,Telangana,,31.0,,6.0,,,,,,,,,,,,,
HIST_FL_004734,HIST_FL_004734,HISTORICAL,FLOOD,2022,7,2022-07-01 00:00:00,month,,,missing,Telangana,,92.0,,,,,,,,,,,,,,,
HIST_FL_004735,HIST_FL_004735,HISTORICAL,FLOOD,2022,7,2022-07-01 00:00:00,month,,,missing,Telangana,,81.0,,1.0,,,,,,,,,,,,,
HIST_FL_004736,HIST_FL_004736,HISTORICAL,FLOOD,2022,7,2022-07-01 00:00:00,month,,,missing,Telangana,,1.0,,,,,,,,,,,,,,,
HIST_FL_004737,HIST_FL_004737,HISTORICAL,FLOOD,2022,7,2022-07-01 00:00:00,month,,,missing,Telangana,,1.0,,,,,,,,,,,,,,,
HIST_FL_004738,HIST_FL_004738,HISTORICAL,FLOOD,2022,7,2022-07-01 00:00:00,month,,,missing,Telangana,,1.0,,2.0,,,,,,,,,,,,,
HIST_FL_004739,HIST_FL_004739,HISTORICAL,FLOOD,2022,7,2022-07-01 00:00:00,month,,,missing,Telangana,,1.0,,,,,,,,,,,,,,,
HIST_FL_004740,HIST_FL_004740,HISTORICAL,FLOOD,2022,7,2022-07-01 00:00:00,month,,,missing,Telangana,,1.0,,,,,,,,,,,,,,,
HIST_FL_004741,HIST_FL_004741,HISTORICAL,FLOOD,2022,7,2022-07-01 00:00:00,month,,,missing,Telangana,,1.0,,,,,,,,,,,,,,,
HIST_FL_004742,HIST_FL_004742,HISTORICAL,FLOOD,2022,7,2022-07-01 00:00:00,month,,,missing,Telangana,,1.0,,,,,,,,,,,,,,,
HIST_FL_004743,HIST_FL_004743,HISTORICAL,FLOOD,2022,7,2022-07-01 00:00:00,month,,,missing,Telangana,,6.0,,,,,,,,,,,,,,,
HIST_FL_004744,HIST_FL_004744,HISTORICAL,FLOOD,2022,7,2022-07-01 00:00:00,month,,,missing,Telangana,,107.0,,4.0,,,,,,,,,,,,,
HIST_FL_004745,HIST_FL_004745,HISTORICAL,FLOOD,2022,7,2022-07-01 00:00:00,month,,,missing,Telangana,,1.0,,,,,,,,,,,,,,,
HIST_FL_004746,HIST_FL_004746,HISTORICAL,FLOOD,2022,7,2022-07-01 00:00:00,month,,,missing,Telangana,,1.0,,,,,,,,,,,,,,,
HIST_FL_004747,HIST_FL_004747,HISTORICAL,FLOOD,2022,7,2022-07-01 00:00:00,month,,,missing,Telangana,,1.0,,,,,,,,,,,,,,,
HIST_FL_004748,HIST_FL_004748,HISTORICAL,FLOOD,2022,7,2022-07-01 00:00:00,month,,,missing,Telangana,,1.0,,,,,,,,,,,,,,,
HIST_FL_004749,HIST_FL_004749,HISTORICAL,FLOOD,2022,7,2022-07-01 00:00:00,month,,,missing,Telangana,,1.0,,,,,,,,,,,,,,,
HIST_FL_004750,HIST_FL_004750,HISTORICAL,FLOOD,2022,7,2022-07-01 00:00:00,month,,,missing,Telangana,,1.0,,,,,,,,,,,,,,,
HIST_FL_004751,HIST_FL_004751,HISTORICAL,FLOOD,2022,7,2022-07-01 00:00:00,month,,,missing,Telangana,,1.0,,,,,,,,,,,,,,,
HIST_FL_004752,HIST_FL_004752,HISTORICAL,FLOOD,2022,7,2022-07-01 00:00:00,month,,,missing,Telangana,,1.0,,,,,,,,,,,,,,,
HIST_FL_004753,HIST_FL_004753,HISTORICAL,FLOOD,2022,7,2022-07-01 00:00:00,month,,,missing,Telangana,,1.0,,,,,,,,,,,,,,,
HIST_FL_004754,HIST_FL_004754,HISTORICAL,FLOOD,2022,7,2022-07-01 00:00:00,month,,,missing,Telangana,,1.0,,,,,,,,,,,,,,,
HIST_FL_004755,HIST_FL_004755,HISTORICAL,FLOOD,2022,7,2022-07-01 00:00:00,month,,,missing,Telangana,,1.0,,,,,,,,,,,,,,,
HIST_FL_004756,HIST_FL_004756,HISTORICAL,FLOOD,2022,7,2022-07-01 00:00:00,month,,,missing,Telangana,,1.0,,1.0,,,,,,,,,,,,,
HIST_FL_004757,HIST_FL_004757,HISTORICAL,FLOOD,2022,7,2022-07-01 00:00:00,month,,,missing,Telangana,,1.0,,,,,,,,,,,,,,,
HIST_FL_004758,HIST_FL_004758,HISTORICAL,FLOOD,2022,7,2022-07-01 00:00:00,month,,,missing,Telangana,,1.0,,,,,,,,,,,,,,,
HIST_FL_004759,HIST_FL_004759,HISTORICAL,FLOOD,2022,7,2022-07-01 00:00:00,month,,,missing,Telangana,,1.0,,,,,,,,,,,,,,,
HIST_FL_004760,HIST_FL_004760,HISTORICAL,FLOOD,2022,7,2022-07-01 00:00:00,month,,,missing,Telangana,,1.0,,,,,,,,,,,,,,,
HIST_FL_004761,HIST_FL_004761,HISTORICAL,FLOOD,2022,7,2022-07-01 00:00:00,month,,,missing,Telangana,,1.0,,,,,,,,,,,,,,,
HIST_FL_004762,HIST_FL_004762,HISTORICAL,FLOOD,2022,7,2022-07-01 00:00:00,month,,,missing,Telangana,,1.0,,,,,,,,,,,,,,,
HIST_FL_004763,HIST_FL_004763,HISTORICAL,FLOOD,2022,7,2022-07-01 00:00:00,month,,,missing,Telangana,,1.0,,,,,,,,,,,,,,,
HIST_FL_004764,HIST_FL_004764,HISTORICAL,FLOOD,2022,7,2022-07-01 00:00:00,month,,,missing,Telangana,,1.0,,,,,,,,,,,,,,,
HIST_FL_004765,HIST_FL_004765,HISTORICAL,FLOOD,2022,7,2022-07-01 00:00:00,month,,,missing,Telangana,,1.0,,,,,,,,,,,,,,,
HIST_FL_004766,HIST_FL_004766,HISTORICAL,FLOOD,2022,7,2022-07-01 00:00:00,month,,,missing,Telangana,,1.0,,,,,,,,,,,,,,,
HIST_FL_004767,HIST_FL_004767,HISTORICAL,FLOOD,2022,7,2022-07-01 00:00:00,month,,,missing,Telangana,,1.0,,,,,,,,,,,,,,,
HIST_FL_004768,HIST_FL_004768,HISTORICAL,FLOOD,2022,7,2022-07-01 00:00:00,month,,,missing,Telangana,,1.0,,,,,,,,,,,,,,,
HIST_FL_004769,HIST_FL_004769,HISTORICAL,FLOOD,2022,7,2022-07-01 00:00:00,month,,,missing,Telangana,,1.0,,2.0,,,,,,,,,,,,,
HIST_FL_004770,HIST_FL_004770,HISTORICAL,FLOOD,2022,7,2022-07-01 00:00:00,month,,,missing,Telangana,,1.0,,,,,,,,,,,,,,,
HIST_FL_004771,HIST_FL_004771,HISTORICAL,FLOOD,2022,7,2022-07-01 00:00:00,month,,,missing,Telangana,,1.0,,,,,,,,,,,,,,,
HIST_FL_004772,HIST_FL_004772,HISTORICAL,FLOOD,2022,7,2022-07-01 00:00:00,month,,,missing,Telangana,,1.0,,,,,,,,,,,,,,,
HIST_FL_004773,HIST_FL_004773,HISTORICAL,FLOOD,2022,7,2022-07-01 00:00:00,month,,,missing,Telangana,,1.0,,,,,,,,,,,,,,,
HIST_FL_004774,HIST_FL_004774,HISTORICAL,FLOOD,2022,7,2022-07-01 00:00:00,month,,,missing,Telangana,,1.0,,,,,,,,,,,,,,,
HIST_FL_004775,HIST_FL_004775,HISTORICAL,FLOOD,2022,7,2022-07-01 00:00:00,month,,,missing,Telangana,,1.0,,,,,,,,,,,,,,,
HIST_FL_004776,HIST_FL_004776,HISTORICAL,FLOOD,2022,7,2022-07-01 00:00:00,month,,,missing,Telangana,,1.0,,2.0,,,,,,,,,,,,,
HIST_FL_004777,HIST_FL_004777,HISTORICAL,FLOOD,2022,7,2022-07-01 00:00:00,month,,,missing,Telangana,,3.0,,,,,,,,,,,,,,,
HIST_FL_004778,HIST_FL_004778,HISTORICAL,FLOOD,2022,7,2022-07-01 00:00:00,month,,,missing,Telangana,,3.0,,,,,,,,,,,,,,,
HIST_FL_004779,HIST_FL_004779,HISTORICAL,FLOOD,2022,7,2022-07-01 00:00:00,month,,,missing,Telangana,,3.0,,,,,,,,,,,,,,,
HIST_FL_004780,HIST_FL_004780,HISTORICAL,FLOOD,2022,7,2022-07-01 00:00:00,month,,,missing,Telangana,,3.0,,,,,,,,,,,,,,,
HIST_FL_004781,HIST_FL_004781,HISTORICAL,FLOOD,2022,7,2022-07-01 00:00:00,month,,,missing,Telangana,,3.0,,,,,,,,,,,,,,,
HIST_FL_004782,HIST_FL_004782,HISTORICAL,FLOOD,2022,7,2022-07-01 00:00:00,month,,,missing,Telangana,,3.0,,,,,,,,,,,,,,,
HIST_FL_004783,HIST_FL_004783,HISTORICAL,FLOOD,2022,7,2022-07-01 00:00:00,month,,,missing,Telangana,,3.0,,,,,,,,,,,,,,,
HIST_FL_004784,HIST_FL_004784,HISTORICAL,FLOOD,2022,7,2022-07-01 00:00:00,month,,,missing,Telangana,,1.0,,2.0,,,,,,,,,,,,,
HIST_FL_004785,HIST_FL_004785,HISTORICAL,FLOOD,2022,7,2022-07-01 00:00:00,month,,,missing,Telangana,,7.0,,,,,,,,,,,,,,,
HIST_FL_004786,HIST_FL_004786,HISTORICAL,FLOOD,2022,7,2022-07-01 00:00:00,month,,,missing,Telangana,,7.0,,,,,,,,,,,,,,,
HIST_FL_004787,HIST_FL_004787,HISTORICAL,FLOOD,2022,7,2022-07-01 00:00:00,month,,,missing,Telangana,,7.0,,,,,,,,,,,,,,,
HIST_FL_004788,HIST_FL_004788,HISTORICAL,FLOOD,2022,7,2022-07-01 00:00:00,month,,,missing,Telangana,,7.0,,,,,,,,,,,,,,,
HIST_FL_004789,HIST_FL_004789,HISTORICAL,FLOOD,2022,7,2022-07-01 00:00:00,month,,,missing,Telangana,,7.0,,,,,,,,,,,,,,,
HIST_FL_004790,HIST_FL_004790,HISTORICAL,FLOOD,2022,7,2022-07-01 00:00:00,month,,,missing,Telangana,,7.0,,,,,,,,,,,,,,,
HIST_FL_004791,HIST_FL_004791,HISTORICAL,FLOOD,2022,7,2022-07-01 00:00:00,month,,,missing,Telangana,,7.0,,,,,,,,,,,,,,,
HIST_FL_004792,HIST_FL_004792,HISTORICAL,FLOOD,2022,7,2022-07-01 00:00:00,month,,,missing,Uttarakhand,,1.0,,2.0,,,,,,,,,,,,,
HIST_FL_004793,HIST_FL_004793,HISTORICAL,FLOOD,2022,7,2022-07-01 00:00:00,month,,,missing,Uttar Pradesh,,1.0,,,,,,,,,,,,,,,
HIST_FL_004794,HIST_FL_004794,HISTORICAL,FLOOD,2022,7,2022-07-01 00:00:00,month,,,missing,Uttar Pradesh,,1.0,,1.0,,,,,,,,,,,,,
HIST_FL_004795,HIST_FL_004795,HISTORICAL,FLOOD,2022,7,2022-07-01 00:00:00,month,,,missing,Uttar Pradesh,,1.0,,1.0,,,,,,,,,,,,,
HIST_FL_004796,HIST_FL_004796,HISTORICAL,FLOOD,2022,7,2022-07-01 00:00:00,month,,,missing,Uttar Pradesh,,1.0,,2.0,,,,,,,,,,,,,
HIST_FL_004797,HIST_FL_004797,HISTORICAL,FLOOD,2022,7,2022-07-01 00:00:00,month,,,missing,Uttar Pradesh,,1.0,,1.0,,,,,,,,,,,,,
HIST_FL_004798,HIST_FL_004798,HISTORICAL,FLOOD,2022,7,2022-07-01 00:00:00,month,,,missing,Uttar Pradesh,,1.0,,1.0,,,,,,,,,,,,,
HIST_FL_004799,HIST_FL_004799,HISTORICAL,FLOOD,2022,7,2022-07-01 00:00:00,month,,,missing,Uttar Pradesh,,1.0,,,,,,,,,,,,,,,
HIST_FL_004800,HIST_FL_004800,HISTORICAL,FLOOD,2022,7,2022-07-01 00:00:00,month,,,missing,Uttar Pradesh,,1.0,,2.0,,,,,,,,,,,,,
HIST_FL_004801,HIST_FL_004801,HISTORICAL,FLOOD,2022,7,2022-07-01 00:00:00,month,,,missing,Uttar Pradesh,,1.0,,1.0,,,,,,,,,,,,,
HIST_FL_004802,HIST_FL_004802,HISTORICAL,FLOOD,2022,7,2022-07-01 00:00:00,month,,,missing,Uttar Pradesh,,1.0,,2.0,,,,,,,,,,,,,
HIST_FL_004803,HIST_FL_004803,HISTORICAL,FLOOD,2022,7,2022-07-01 00:00:00,month,,,missing,Uttar Pradesh,,1.0,,1.0,,,,,,,,,,,,,
HIST_FL_004804,HIST_FL_004804,HISTORICAL,FLOOD,2022,7,2022-07-01 00:00:00,month,,,missing,Uttar Pradesh,,1.0,,1.0,,,,,,,,,,,,,
HIST_FL_004805,HIST_FL_004805,HISTORICAL,FLOOD,2022,7,2022-07-01 00:00:00,month,,,missing,Uttar Pradesh,,1.0,,1.0,,,,,,,,,,,,,
HIST_FL_004806,HIST_FL_004806,HISTORICAL,FLOOD,2022,8,2022-08-01 00:00:00,month,,,missing,Arunachal Pradesh,,3.0,,,,,,,,,,,,,,,
HIST_FL_004807,HIST_FL_004807,HISTORICAL,FLOOD,2022,8,2022-08-01 00:00:00,month,,,missing,Arunachal Pradesh,,3.0,,,,,,,,,,,,,,,
HIST_FL_004808,HIST_FL_004808,HISTORICAL,FLOOD,2022,8,2022-08-01 00:00:00,month,,,missing,Arunachal Pradesh,,3.0,,,,,,,,,,,,,,,
HIST_FL_004809,HIST_FL_004809,HISTORICAL,FLOOD,2022,8,2022-08-01 00:00:00,month,,,missing,Arunachal Pradesh,,3.0,,,,,,,,,,,,,,,
HIST_FL_004810,HIST_FL_004810,HISTORICAL,FLOOD,2022,8,2022-08-01 00:00:00,month,,,missing,Arunachal Pradesh,,1.0,,3.0,,,,,,,,,,,,,
HIST_FL_004811,HIST_FL_004811,HISTORICAL,FLOOD,2022,8,2022-08-01 00:00:00,month,,,missing,Arunachal Pradesh,,1.0,,1.0,,,,,,,,,,,,,
HIST_FL_004812,HIST_FL_004812,HISTORICAL,FLOOD,2022,8,2022-08-01 00:00:00,month,,,missing,Arunachal Pradesh,,3.0,,,,,,,,,,,,,,,
HIST_FL_004813,HIST_FL_004813,HISTORICAL,FLOOD,2022,8,2022-08-01 00:00:00,month,,,missing,Arunachal Pradesh,,3.0,,,,,,,,,,,,,,,
HIST_FL_004814,HIST_FL_004814,HISTORICAL,FLOOD,2022,8,2022-08-01 00:00:00,month,,,missing,Arunachal Pradesh,,3.0,,,,,,,,,,,,,,,
HIST_FL_004815,HIST_FL_004815,HISTORICAL,FLOOD,2022,8,2022-08-01 00:00:00,month,,,missing,Arunachal Pradesh,,2.0,,,,,,,,,,,,,,,
HIST_FL_004816,HIST_FL_004816,HISTORICAL,FLOOD,2022,8,2022-08-01 00:00:00,month,,,missing,Arunachal Pradesh,,2.0,,,,,,,,,,,,,,,
HIST_FL_004817,HIST_FL_004817,HISTORICAL,FLOOD,2022,8,2022-08-01 00:00:00,month,,,missing,Chhattisgarh,,1.0,,1.0,,,,,,,,,,,,,
HIST_FL_004818,HIST_FL_004818,HISTORICAL,FLOOD,2022,8,2022-08-01 00:00:00,month,,,missing,Chhattisgarh,,1.0,,1.0,,,,,,,,,,,,,
HIST_FL_004819,HIST_FL_004819,HISTORICAL,FLOOD,2022,8,2022-08-01 00:00:00,month,,,missing,Goa,,8.0,,,,,,,,,,,,,,,
HIST_FL_004820,HIST_FL_004820,HISTORICAL,FLOOD,2022,8,2022-08-01 00:00:00,month,,,missing,Goa,,1.0,,1.0,,,,,,,,,,,,,
HIST_FL_004821,HIST_FL_004821,HISTORICAL,FLOOD,2022,8,2022-08-01 00:00:00,month,,,missing,Himachal Pradesh,,1.0,,1.0,,,,,,,,,,,,,
HIST_FL_004822,HIST_FL_004822,HISTORICAL,FLOOD,2022,8,2022-08-01 00:00:00,month,,,missing,Himachal Pradesh,,1.0,,2.0,,,,,,,,,,,,,
HIST_FL_004823,HIST_FL_004823,HISTORICAL,FLOOD,2022,8,2022-08-01 00:00:00,month,,,missing,Himachal Pradesh,,1.0,,2.0,,,,,,,,,,,,,
HIST_FL_004824,HIST_FL_004824,HISTORICAL,FLOOD,2022,8,2022-08-01 00:00:00,month,,,missing,Himachal Pradesh,,1.0,,,,,,,,,,,,,,,
HIST_FL_004825,HIST_FL_004825,HISTORICAL,FLOOD,2022,8,2022-08-01 00:00:00,month,,,missing,Himachal Pradesh,,1.0,,,,,,,,,,,,,,,
HIST_FL_004826,HIST_FL_004826,HISTORICAL,FLOOD,2022,8,2022-08-01 00:00:00,month,,,missing,Himachal Pradesh,,1.0,,2.0,,,,,,,,,,,,,
HIST_FL_004827,HIST_FL_004827,HISTORICAL,FLOOD,2022,8,2022-08-01 00:00:00,month,,,missing,Himachal Pradesh,,2.0,,,,,,,,,,,,,,,
HIST_FL_004828,HIST_FL_004828,HISTORICAL,FLOOD,2022,8,2022-08-01 00:00:00,month,,,missing,Himachal Pradesh,,2.0,,,,,,,,,,,,,,,
HIST_FL_004829,HIST_FL_004829,HISTORICAL,FLOOD,2022,8,2022-08-01 00:00:00,month,,,missing,Himachal Pradesh,,2.0,,,,,,,,,,,,,,,
HIST_FL_004830,HIST_FL_004830,HISTORICAL,FLOOD,2022,8,2022-08-01 00:00:00,month,,,missing,Himachal Pradesh,,2.0,,,,,,,,,,,,,,,
HIST_FL_004831,HIST_FL_004831,HISTORICAL,FLOOD,2022,8,2022-08-01 00:00:00,month,,,missing,Himachal Pradesh,,2.0,,,,,,,,,,,,,,,
HIST_FL_004832,HIST_FL_004832,HISTORICAL,FLOOD,2022,8,2022-08-01 00:00:00,month,,,missing,Himachal Pradesh,,2.0,,,,,,,,,,,,,,,
HIST_FL_004833,HIST_FL_004833,HISTORICAL,FLOOD,2022,8,2022-08-01 00:00:00,month,,,missing,Himachal Pradesh,,1.0,,2.0,,,,,,,,,,,,,
HIST_FL_004834,HIST_FL_004834,HISTORICAL,FLOOD,2022,8,2022-08-01 00:00:00,month,,,missing,Himachal Pradesh,,1.0,,8.0,,,,,,,,,,,,,
HIST_FL_004835,HIST_FL_004835,HISTORICAL,FLOOD,2022,8,2022-08-01 00:00:00,month,,,missing,Himachal Pradesh,,1.0,,14.0,,,,,,,,,,,,,
HIST_FL_004836,HIST_FL_004836,HISTORICAL,FLOOD,2022,8,2022-08-01 00:00:00,month,,,missing,Himachal Pradesh,,1.0,,3.0,,,,,,,,,,,,,
HIST_FL_004837,HIST_FL_004837,HISTORICAL,FLOOD,2022,8,2022-08-01 00:00:00,month,,,missing,Jammu and Kashmir,,1.0,,1.0,,,,,,,,,,,,,
HIST_FL_004838,HIST_FL_004838,HISTORICAL,FLOOD,2022,8,2022-08-01 00:00:00,month,,,missing,Jammu and Kashmir,,1.0,,2.0,,,,,,,,,,,,,
HIST_FL_004839,HIST_FL_004839,HISTORICAL,FLOOD,2022,8,2022-08-01 00:00:00,month,,,missing,Jammu and Kashmir,,1.0,,2.0,,,,,,,,,,,,,
HIST_FL_004840,HIST_FL_004840,HISTORICAL,FLOOD,2022,8,2022-08-01 00:00:00,month,,,missing,Jammu and Kashmir,,1.0,,2.0,,,,,,,,,,,,,
HIST_FL_004841,HIST_FL_004841,HISTORICAL,FLOOD,2022,8,2022-08-01 00:00:00,month,,,missing,Jammu and Kashmir,,1.0,,2.0,,,,,,,,,,,,,
HIST_FL_004842,HIST_FL_004842,HISTORICAL,FLOOD,2022,8,2022-08-01 00:00:00,month,,,missing,Jharkhand,,1.0,,2.0,,,,,,,,,,,,,
HIST_FL_004843,HIST_FL_004843,HISTORICAL,FLOOD,2022,8,2022-08-01 00:00:00,month,,,missing,Jharkhand,,1.0,,1.0,,,,,,,,,,,,,
HIST_FL_004844,HIST_FL_004844,HISTORICAL,FLOOD,2022,8,2022-08-01 00:00:00,month,,,missing,Jharkhand,,1.0,,2.0,,,,,,,,,,,,,
HIST_FL_004845,HIST_FL_004845,HISTORICAL,FLOOD,2022,8,2022-08-01 00:00:00,month,,,missing,Karnataka,,1.0,,2.0,,,,,,,,,,,,,
HIST_FL_004846,HIST_FL_004846,HISTORICAL,FLOOD,2022,8,2022-08-01 00:00:00,month,,,missing,Karnataka,,1.0,,4.0,,,,,,,,,,,,,
HIST_FL_004847,HIST_FL_004847,HISTORICAL,FLOOD,2022,8,2022-08-01 00:00:00,month,,,missing,Karnataka,,1.0,,2.0,,,,,,,,,,,,,
HIST_FL_004848,HIST_FL_004848,HISTORICAL,FLOOD,2022,8,2022-08-01 00:00:00,month,,,missing,Karnataka,,1.0,,,,,,,,,,,,,,,
HIST_FL_004849,HIST_FL_004849,HISTORICAL,FLOOD,2022,8,2022-08-01 00:00:00,month,,,missing,Karnataka,,2.0,,2.0,,,,,,,,,,,,,
HIST_FL_004850,HIST_FL_004850,HISTORICAL,FLOOD,2022,8,2022-08-01 00:00:00,month,,,missing,Karnataka,,2.0,,1.0,,,,,,,,,,,,,
HIST_FL_004851,HIST_FL_004851,HISTORICAL,FLOOD,2022,8,2022-08-01 00:00:00,month,,,missing,Karnataka,,2.0,,,,,,,,,,,,,,,
HIST_FL_004852,HIST_FL_004852,HISTORICAL,FLOOD,2022,8,2022-08-01 00:00:00,month,,,missing,Karnataka,,1.0,,1.0,,,,,,,,,,,,,
HIST_FL_004853,HIST_FL_004853,HISTORICAL,FLOOD,2022,8,2022-08-01 00:00:00,month,,,missing,Kerala,,1.0,,1.0,,,,,,,,,,,,,
HIST_FL_004854,HIST_FL_004854,HISTORICAL,FLOOD,2022,8,2022-08-01 00:00:00,month,,,missing,Kerala,,1.0,,1.0,,,,,,,,,,,,,
HIST_FL_004855,HIST_FL_004855,HISTORICAL,FLOOD,2022,8,2022-08-01 00:00:00,month,,,missing,Kerala,,1.0,,1.0,,,,,,,,,,,,,
HIST_FL_004856,HIST_FL_004856,HISTORICAL,FLOOD,2022,8,2022-08-01 00:00:00,month,,,missing,Kerala,,1.0,,4.0,,,,,,,,,,,,,
HIST_FL_004857,HIST_FL_004857,HISTORICAL,FLOOD,2022,8,2022-08-01 00:00:00,month,,,missing,Kerala,,1.0,,1.0,,,,,,,,,,,,,
HIST_FL_004858,HIST_FL_004858,HISTORICAL,FLOOD,2022,8,2022-08-01 00:00:00,month,,,missing,Kerala,,1.0,,,,,,,,,,,,,,,
HIST_FL_004859,HIST_FL_004859,HISTORICAL,FLOOD,2022,8,2022-08-01 00:00:00,month,,,missing,Kerala,,1.0,,3.0,,,,,,,,,,,,,
HIST_FL_004860,HIST_FL_004860,HISTORICAL,FLOOD,2022,8,2022-08-01 00:00:00,month,,,missing,Kerala,,1.0,,,,,,,,,,,,,,,
HIST_FL_004861,HIST_FL_004861,HISTORICAL,FLOOD,2022,8,2022-08-01 00:00:00,month,,,missing,Kerala,,1.0,,1.0,,,,,,,,,,,,,
HIST_FL_004862,HIST_FL_004862,HISTORICAL,FLOOD,2022,8,2022-08-01 00:00:00,month,,,missing,Kerala,,1.0,,,,,,,,,,,,,,,
HIST_FL_004863,HIST_FL_004863,HISTORICAL,FLOOD,2022,8,2022-08-01 00:00:00,month,,,missing,Kerala,,1.0,,3.0,,,,,,,,,,,,,
HIST_FL_004864,HIST_FL_004864,HISTORICAL,FLOOD,2022,8,2022-08-01 00:00:00,month,,,missing,Kerala,,1.0,,,,,,,,,,,,,,,
HIST_FL_004865,HIST_FL_004865,HISTORICAL,FLOOD,2022,8,2022-08-01 00:00:00,month,,,missing,Kerala,,1.0,,1.0,,,,,,,,,,,,,
HIST_FL_004866,HIST_FL_004866,HISTORICAL,FLOOD,2022,8,2022-08-01 00:00:00,month,,,missing,Kerala,,1.0,,,,,,,,,,,,,,,
HIST_FL_004867,HIST_FL_004867,HISTORICAL,FLOOD,2022,8,2022-08-01 00:00:00,month,,,missing,Kerala,,1.0,,,,,,,,,,,,,,,
HIST_FL_004868,HIST_FL_004868,HISTORICAL,FLOOD,2022,8,2022-08-01 00:00:00,month,,,missing,Kerala,,1.0,,1.0,,,,,,,,,,,,,
HIST_FL_004869,HIST_FL_004869,HISTORICAL,FLOOD,2022,8,2022-08-01 00:00:00,month,,,missing,Kerala,,1.0,,,,,,,,,,,,,,,
HIST_FL_004870,HIST_FL_004870,HISTORICAL,FLOOD,2022,8,2022-08-01 00:00:00,month,,,missing,Kerala,,1.0,,,,,,,,,,,,,,,
HIST_FL_004871,HIST_FL_004871,HISTORICAL,FLOOD,2022,8,2022-08-01 00:00:00,month,,,missing,Kerala,,1.0,,5.0,,,,,,,,,,,,,
HIST_FL_004872,HIST_FL_004872,HISTORICAL,FLOOD,2022,8,2022-08-01 00:00:00,month,,,missing,Madhya Pradesh,,1.0,,,,,,,,,,,,,,,
HIST_FL_004873,HIST_FL_004873,HISTORICAL,FLOOD,2022,8,2022-08-01 00:00:00,month,,,missing,Madhya Pradesh,,1.0,,,,,,,,,,,,,,,
HIST_FL_004874,HIST_FL_004874,HISTORICAL,FLOOD,2022,8,2022-08-01 00:00:00,month,,,missing,Madhya Pradesh,,1.0,,,,,,,,,,,,,,,
HIST_FL_004875,HIST_FL_004875,HISTORICAL,FLOOD,2022,8,2022-08-01 00:00:00,month,,,missing,Maharashtra,,4.0,,9.0,,,,,,,,,,,,,
HIST_FL_004876,HIST_FL_004876,HISTORICAL,FLOOD,2022,8,2022-08-01 00:00:00,month,,,missing,Maharashtra,,5.0,,,,,,,,,,,,,,,
HIST_FL_004877,HIST_FL_004877,HISTORICAL,FLOOD,2022,8,2022-08-01 00:00:00,month,,,missing,Maharashtra,,1.0,,1.0,,,,,,,,,,,,,
HIST_FL_004878,HIST_FL_004878,HISTORICAL,FLOOD,2022,8,2022-08-01 00:00:00,month,,,missing,Maharashtra,,1.0,,4.0,,,,,,,,,,,,,
HIST_FL_004879,HIST_FL_004879,HISTORICAL,FLOOD,2022,8,2022-08-01 00:00:00,month,,,missing,Maharashtra,,1.0,,4.0,,,,,,,,,,,,,
HIST_FL_004880,HIST_FL_004880,HISTORICAL,FLOOD,2022,8,2022-08-01 00:00:00,month,,,missing,Maharashtra,,1.0,,3.0,,,,,,,,,,,,,
HIST_FL_004881,HIST_FL_004881,HISTORICAL,FLOOD,2022,8,2022-08-01 00:00:00,month,,,missing,Maharashtra,,2.0,,6.0,,,,,,,,,,,,,
HIST_FL_004882,HIST_FL_004882,HISTORICAL,FLOOD,2022,8,2022-08-01 00:00:00,month,,,missing,Maharashtra,,2.0,,,,,,,,,,,,,,,
HIST_FL_004883,HIST_FL_004883,HISTORICAL,FLOOD,2022,8,2022-08-01 00:00:00,month,,,missing,Maharashtra,,2.0,,,,,,,,,,,,,,,
HIST_FL_004884,HIST_FL_004884,HISTORICAL,FLOOD,2022,8,2022-08-01 00:00:00,month,,,missing,Maharashtra,,2.0,,1.0,,,,,,,,,,,,,
HIST_FL_004885,HIST_FL_004885,HISTORICAL,FLOOD,2022,8,2022-08-01 00:00:00,month,,,missing,Maharashtra,,2.0,,,,,,,,,,,,,,,
HIST_FL_004886,HIST_FL_004886,HISTORICAL,FLOOD,2022,8,2022-08-01 00:00:00,month,,,missing,Maharashtra,,2.0,,1.0,,,,,,,,,,,,,
HIST_FL_004887,HIST_FL_004887,HISTORICAL,FLOOD,2022,8,2022-08-01 00:00:00,month,,,missing,Maharashtra,,2.0,,8.0,,,,,,,,,,,,,
HIST_FL_004888,HIST_FL_004888,HISTORICAL,FLOOD,2022,8,2022-08-01 00:00:00,month,,,missing,Maharashtra,,1.0,,1.0,,,,,,,,,,,,,
HIST_FL_004889,HIST_FL_004889,HISTORICAL,FLOOD,2022,8,2022-08-01 00:00:00,month,,,missing,Maharashtra,,1.0,,,,,,,,,,,,,,,
HIST_FL_004890,HIST_FL_004890,HISTORICAL,FLOOD,2022,8,2022-08-01 00:00:00,month,,,missing,Maharashtra,,1.0,,1.0,,,,,,,,,,,,,
HIST_FL_004891,HIST_FL_004891,HISTORICAL,FLOOD,2022,8,2022-08-01 00:00:00,month,,,missing,Maharashtra,,2.0,,2.0,,,,,,,,,,,,,
HIST_FL_004892,HIST_FL_004892,HISTORICAL,FLOOD,2022,8,2022-08-01 00:00:00,month,,,missing,Maharashtra,,1.0,,2.0,,,,,,,,,,,,,
HIST_FL_004893,HIST_FL_004893,HISTORICAL,FLOOD,2022,8,2022-08-01 00:00:00,month,,,missing,Maharashtra,,1.0,,,,,,,,,,,,,,,
HIST_FL_004894,HIST_FL_004894,HISTORICAL,FLOOD,2022,8,2022-08-01 00:00:00,month,,,missing,Odisha,,2.0,,,,,,,,,,,,,,,
HIST_FL_004895,HIST_FL_004895,HISTORICAL,FLOOD,2022,8,2022-08-01 00:00:00,month,,,missing,Odisha,,2.0,,,,,,,,,,,,,,,
HIST_FL_004896,HIST_FL_004896,HISTORICAL,FLOOD,2022,8,2022-08-01 00:00:00,month,,,missing,Odisha,,2.0,,1.0,,,,,,,,,,,,,
HIST_FL_004897,HIST_FL_004897,HISTORICAL,FLOOD,2022,8,2022-08-01 00:00:00,month,,,missing,Odisha,,1.0,,2.0,,,,,,,,,,,,,
HIST_FL_004898,HIST_FL_004898,HISTORICAL,FLOOD,2022,8,2022-08-01 00:00:00,month,,,missing,Odisha,,1.0,,1.0,,,,,,,,,,,,,
HIST_FL_004899,HIST_FL_004899,HISTORICAL,FLOOD,2022,8,2022-08-01 00:00:00,month,,,missing,Odisha,,1.0,,1.0,,,,,,,,,,,,,
HIST_FL_004900,HIST_FL_004900,HISTORICAL,FLOOD,2022,8,2022-08-01 00:00:00,month,,,missing,Odisha,,1.0,,1.0,,,,,,,,,,,,,
HIST_FL_004901,HIST_FL_004901,HISTORICAL,FLOOD,2022,8,2022-08-01 00:00:00,month,,,missing,Odisha,,1.0,,2.0,,,,,,,,,,,,,
HIST_FL_004902,HIST_FL_004902,HISTORICAL,FLOOD,2022,8,2022-08-01 00:00:00,month,,,missing,Odisha,,1.0,,2.0,,,,,,,,,,,,,
HIST_FL_004903,HIST_FL_004903,HISTORICAL,FLOOD,2022,8,2022-08-01 00:00:00,month,,,missing,Odisha,,1.0,,2.0,,,,,,,,,,,,,
HIST_FL_004904,HIST_FL_004904,HISTORICAL,FLOOD,2022,8,2022-08-01 00:00:00,month,,,missing,Rajasthan,,1.0,,1.0,,,,,,,,,,,,,
HIST_FL_004905,HIST_FL_004905,HISTORICAL,FLOOD,2022,8,2022-08-01 00:00:00,month,,,missing,Rajasthan,,1.0,,1.0,,,,,,,,,,,,,
HIST_FL_004906,HIST_FL_004906,HISTORICAL,FLOOD,2022,8,2022-08-01 00:00:00,month,,,missing,Rajasthan,,1.0,,1.0,,,,,,,,,,,,,
HIST_FL_004907,HIST_FL_004907,HISTORICAL,FLOOD,2022,8,2022-08-01 00:00:00,month,,,missing,Rajasthan,,1.0,,1.0,,,,,,,,,,,,,
HIST_FL_004908,HIST_FL_004908,HISTORICAL,FLOOD,2022,8,2022-08-01 00:00:00,month,,,missing,Rajasthan,,1.0,,1.0,,,,,,,,,,,,,
HIST_FL_004909,HIST_FL_004909,HISTORICAL,FLOOD,2022,8,2022-08-01 00:00:00,month,,,missing,Rajasthan,,1.0,,1.0,,,,,,,,,,,,,
HIST_FL_004910,HIST_FL_004910,HISTORICAL,FLOOD,2022,8,2022-08-01 00:00:00,month,,,missing,Rajasthan,,1.0,,1.0,,,,,,,,,,,,,
HIST_FL_004911,HIST_FL_004911,HISTORICAL,FLOOD,2022,8,2022-08-01 00:00:00,month,,,missing,Rajasthan,,1.0,,,,,,,,,,,,,,,
HIST_FL_004912,HIST_FL_004912,HISTORICAL,FLOOD,2022,8,2022-08-01 00:00:00,month,,,missing,Rajasthan,,1.0,,,,,,,,,,,,,,,
HIST_FL_004913,HIST_FL_004913,HISTORICAL,FLOOD,2022,8,2022-08-01 00:00:00,month,,,missing,Rajasthan,,1.0,,,,,,,,,,,,,,,
HIST_FL_004914,HIST_FL_004914,HISTORICAL,FLOOD,2022,8,2022-08-01 00:00:00,month,,,missing,Rajasthan,,1.0,,2.0,,,,,,,,,,,,,
HIST_FL_004915,HIST_FL_004915,HISTORICAL,FLOOD,2022,8,2022-08-01 00:00:00,month,,,missing,Rajasthan,,1.0,,,,,,,,,,,,,,,
HIST_FL_004916,HIST_FL_004916,HISTORICAL,FLOOD,2022,8,2022-08-01 00:00:00,month,,,missing,Telangana,,3.0,,,,,,,,,,,,,,,
HIST_FL_004917,HIST_FL_004917,HISTORICAL,FLOOD,2022,8,2022-08-01 00:00:00,month,,,missing,Telangana,,3.0,,,,,,,,,,,,,,,
HIST_FL_004918,HIST_FL_004918,HISTORICAL,FLOOD,2022,8,2022-08-01 00:00:00,month,,,missing,Telangana,,3.0,,,,,,,,,,,,,,,
HIST_FL_004919,HIST_FL_004919,HISTORICAL,FLOOD,2022,8,2022-08-01 00:00:00,month,,,missing,Telangana,,3.0,,,,,,,,,,,,,,,
HIST_FL_004920,HIST_FL_004920,HISTORICAL,FLOOD,2022,8,2022-08-01 00:00:00,month,,,missing,Telangana,,3.0,,,,,,,,,,,,,,,
HIST_FL_004921,HIST_FL_004921,HISTORICAL,FLOOD,2022,8,2022-08-01 00:00:00,month,,,missing,Telangana,,3.0,,,,,,,,,,,,,,,
HIST_FL_004922,HIST_FL_004922,HISTORICAL,FLOOD,2022,8,2022-08-01 00:00:00,month,,,missing,Telangana,,3.0,,,,,,,,,,,,,,,
HIST_FL_004923,HIST_FL_004923,HISTORICAL,FLOOD,2022,8,2022-08-01 00:00:00,month,,,missing,Telangana,,3.0,,,,,,,,,,,,,,,
HIST_FL_004924,HIST_FL_004924,HISTORICAL,FLOOD,2022,8,2022-08-01 00:00:00,month,,,missing,Telangana,,1.0,,,,,,,,,,,,,,,
HIST_FL_004925,HIST_FL_004925,HISTORICAL,FLOOD,2022,8,2022-08-01 00:00:00,month,,,missing,Uttarakhand,,1.0,,,,,,,,,,,,,,,
HIST_FL_004926,HIST_FL_004926,HISTORICAL,FLOOD,2022,8,2022-08-01 00:00:00,month,,,missing,Uttarakhand,,1.0,,2.0,,,,,,,,,,,,,
HIST_FL_004927,HIST_FL_004927,HISTORICAL,FLOOD,2022,8,2022-08-01 00:00:00,month,,,missing,Uttarakhand,,1.0,,5.0,,,,,,,,,,,,,
HIST_FL_004928,HIST_FL_004928,HISTORICAL,FLOOD,2022,8,2022-08-01 00:00:00,month,,,missing,Uttarakhand,,1.0,,3.0,,,,,,,,,,,,,
HIST_FL_004929,HIST_FL_004929,HISTORICAL,FLOOD,2022,8,2022-08-01 00:00:00,month,,,missing,Uttar Pradesh,,1.0,,1.0,,,,,,,,,,,,,
HIST_FL_004930,HIST_FL_004930,HISTORICAL,FLOOD,2022,8,2022-08-01 00:00:00,month,,,missing,Uttar Pradesh,,1.0,,1.0,,,,,,,,,,,,,
HIST_FL_004931,HIST_FL_004931,HISTORICAL,FLOOD,2022,8,2022-08-01 00:00:00,month,,,missing,Uttar Pradesh,,1.0,,1.0,,,,,,,,,,,,,
HIST_FL_004932,HIST_FL_004932,HISTORICAL,FLOOD,2022,8,2022-08-01 00:00:00,month,,,missing,Uttar Pradesh,,1.0,,1.0,,,,,,,,,,,,,
HIST_FL_004933,HIST_FL_004933,HISTORICAL,FLOOD,2022,8,2022-08-01 00:00:00,month,,,missing,Uttar Pradesh,,1.0,,,,,,,,,,,,,,,
HIST_FL_004934,HIST_FL_004934,HISTORICAL,FLOOD,2022,8,2022-08-01 00:00:00,month,,,missing,Uttar Pradesh,,1.0,,1.0,,,,,,,,,,,,,
HIST_FL_004935,HIST_FL_004935,HISTORICAL,FLOOD,2022,8,2022-08-01 00:00:00,month,,,missing,Uttar Pradesh,,1.0,,2.0,,,,,,,,,,,,,
HIST_FL_004936,HIST_FL_004936,HISTORICAL,FLOOD,2022,8,2022-08-01 00:00:00,month,,,missing,Uttar Pradesh,,1.0,,2.0,,,,,,,,,,,,,
HIST_FL_004937,HIST_FL_004937,HISTORICAL,FLOOD,2022,8,2022-08-01 00:00:00,month,,,missing,Uttar Pradesh,,1.0,,1.0,,,,,,,,,,,,,
HIST_FL_004938,HIST_FL_004938,HISTORICAL,FLOOD,2022,8,2022-08-01 00:00:00,month,,,missing,Uttar Pradesh,,1.0,,2.0,,,,,,,,,,,,,
HIST_FL_004939,HIST_FL_004939,HISTORICAL,FLOOD,2022,8,2022-08-01 00:00:00,month,,,missing,Uttar Pradesh,,1.0,,1.0,,,,,,,,,,,,,
HIST_FL_004940,HIST_FL_004940,HISTORICAL,FLOOD,2022,8,2022-08-01 00:00:00,month,,,missing,Uttar Pradesh,,1.0,,2.0,,,,,,,,,,,,,
HIST_FL_004941,HIST_FL_004941,HISTORICAL,FLOOD,2022,8,2022-08-01 00:00:00,month,,,missing,Uttar Pradesh,,1.0,,1.0,,,,,,,,,,,,,
HIST_FL_004942,HIST_FL_004942,HISTORICAL,FLOOD,2022,8,2022-08-01 00:00:00,month,,,missing,Uttar Pradesh,,1.0,,2.0,,,,,,,,,,,,,
HIST_FL_004943,HIST_FL_004943,HISTORICAL,FLOOD,2022,8,2022-08-01 00:00:00,month,,,missing,Uttar Pradesh,,1.0,,1.0,,,,,,,,,,,,,
HIST_FL_004944,HIST_FL_004944,HISTORICAL,FLOOD,2022,8,2022-08-01 00:00:00,month,,,missing,Uttar Pradesh,,1.0,,,,,,,,,,,,,,,
HIST_FL_004945,HIST_FL_004945,HISTORICAL,FLOOD,2022,8,2022-08-01 00:00:00,month,,,missing,Uttar Pradesh,,1.0,,1.0,,,,,,,,,,,,,
HIST_FL_004946,HIST_FL_004946,HISTORICAL,FLOOD,2022,8,2022-08-01 00:00:00,month,,,missing,Uttar Pradesh,,1.0,,1.0,,,,,,,,,,,,,
HIST_FL_004947,HIST_FL_004947,HISTORICAL,FLOOD,2022,8,2022-08-01 00:00:00,month,,,missing,Uttar Pradesh,,1.0,,2.0,,,,,,,,,,,,,
HIST_FL_004948,HIST_FL_004948,HISTORICAL,FLOOD,2022,8,2022-08-01 00:00:00,month,,,missing,Uttar Pradesh,,1.0,,1.0,,,,,,,,,,,,,
HIST_FL_004949,HIST_FL_004949,HISTORICAL,FLOOD,2022,8,2022-08-01 00:00:00,month,,,missing,Uttar Pradesh,,1.0,,1.0,,,,,,,,,,,,,
HIST_FL_004950,HIST_FL_004950,HISTORICAL,FLOOD,2022,8,2022-08-01 00:00:00,month,,,missing,Uttar Pradesh,,1.0,,1.0,,,,,,,,,,,,,
HIST_FL_004951,HIST_FL_004951,HISTORICAL,FLOOD,2022,8,2022-08-01 00:00:00,month,,,missing,Uttar Pradesh,,1.0,,1.0,,,,,,,,,,,,,
HIST_FL_004952,HIST_FL_004952,HISTORICAL,FLOOD,2022,8,2022-08-01 00:00:00,month,,,missing,Uttar Pradesh,,1.0,,1.0,,,,,,,,,,,,,
HIST_FL_004953,HIST_FL_004953,HISTORICAL,FLOOD,2022,8,2022-08-01 00:00:00,month,,,missing,Uttar Pradesh,,1.0,,,,,,,,,,,,,,,
HIST_FL_004954,HIST_FL_004954,HISTORICAL,FLOOD,2022,9,2022-09-01 00:00:00,month,,,missing,Andhra Pradesh,,1.0,,,,,,,,,,,,,,,
HIST_FL_004955,HIST_FL_004955,HISTORICAL,FLOOD,2022,9,2022-09-01 00:00:00,month,,,missing,Arunachal Pradesh,,1.0,,,,,,,,,,,,,,,
HIST_FL_004956,HIST_FL_004956,HISTORICAL,FLOOD,2022,9,2022-09-01 00:00:00,month,,,missing,Assam,,1.0,,1.0,,,,,,,,,,,,,
HIST_FL_004957,HIST_FL_004957,HISTORICAL,FLOOD,2022,9,2022-09-01 00:00:00,month,,,missing,Chhattisgarh,,1.0,,,,,,,,,,,,,,,
HIST_FL_004958,HIST_FL_004958,HISTORICAL,FLOOD,2022,9,2022-09-01 00:00:00,month,,,missing,Goa,,2.0,,,,,,,,,,,,,,,
HIST_FL_004959,HIST_FL_004959,HISTORICAL,FLOOD,2022,9,2022-09-01 00:00:00,month,,,missing,Himachal Pradesh,,1.0,,3.0,,,,,,,,,,,,,
HIST_FL_004960,HIST_FL_004960,HISTORICAL,FLOOD,2022,9,2022-09-01 00:00:00,month,,,missing,Himachal Pradesh,,1.0,,,,,,,,,,,,,,,
HIST_FL_004961,HIST_FL_004961,HISTORICAL,FLOOD,2022,9,2022-09-01 00:00:00,month,,,missing,Himachal Pradesh,,1.0,,1.0,,,,,,,,,,,,,
HIST_FL_004962,HIST_FL_004962,HISTORICAL,FLOOD,2022,9,2022-09-01 00:00:00,month,,,missing,Himachal Pradesh,,1.0,,5.0,,,,,,,,,,,,,
HIST_FL_004963,HIST_FL_004963,HISTORICAL,FLOOD,2022,9,2022-09-01 00:00:00,month,,,missing,Himachal Pradesh,,1.0,,2.0,,,,,,,,,,,,,
HIST_FL_004964,HIST_FL_004964,HISTORICAL,FLOOD,2022,9,2022-09-01 00:00:00,month,,,missing,Karnataka,,2.0,,2.0,,,,,,,,,,,,,
HIST_FL_004965,HIST_FL_004965,HISTORICAL,FLOOD,2022,9,2022-09-01 00:00:00,month,,,missing,Karnataka,,1.0,,,,,,,,,,,,,,,
HIST_FL_004966,HIST_FL_004966,HISTORICAL,FLOOD,2022,9,2022-09-01 00:00:00,month,,,missing,Karnataka,,1.0,,1.0,,,,,,,,,,,,,
HIST_FL_004967,HIST_FL_004967,HISTORICAL,FLOOD,2022,9,2022-09-01 00:00:00,month,,,missing,Karnataka,,1.0,,,,,,,,,,,,,,,
HIST_FL_004968,HIST_FL_004968,HISTORICAL,FLOOD,2022,9,2022-09-01 00:00:00,month,,,missing,Karnataka,,1.0,,,,,,,,,,,,,,,
HIST_FL_004969,HIST_FL_004969,HISTORICAL,FLOOD,2022,9,2022-09-01 00:00:00,month,,,missing,Karnataka,,1.0,,,,,,,,,,,,,,,
HIST_FL_004970,HIST_FL_004970,HISTORICAL,FLOOD,2022,9,2022-09-01 00:00:00,month,,,missing,Karnataka,,1.0,,1.0,,,,,,,,,,,,,
HIST_FL_004971,HIST_FL_004971,HISTORICAL,FLOOD,2022,9,2022-09-01 00:00:00,month,,,missing,Karnataka,,1.0,,,,,,,,,,,,,,,
HIST_FL_004972,HIST_FL_004972,HISTORICAL,FLOOD,2022,9,2022-09-01 00:00:00,month,,,missing,Karnataka,,1.0,,,,,,,,,,,,,,,
HIST_FL_004973,HIST_FL_004973,HISTORICAL,FLOOD,2022,9,2022-09-01 00:00:00,month,,,missing,Karnataka,,1.0,,,,,,,,,,,,,,,
HIST_FL_004974,HIST_FL_004974,HISTORICAL,FLOOD,2022,9,2022-09-01 00:00:00,month,,,missing,Karnataka,,1.0,,1.0,,,,,,,,,,,,,
HIST_FL_004975,HIST_FL_004975,HISTORICAL,FLOOD,2022,9,2022-09-01 00:00:00,month,,,missing,Karnataka,,1.0,,,,,,,,,,,,,,,
HIST_FL_004976,HIST_FL_004976,HISTORICAL,FLOOD,2022,9,2022-09-01 00:00:00,month,,,missing,Karnataka,,1.0,,,,,,,,,,,,,,,
HIST_FL_004977,HIST_FL_004977,HISTORICAL,FLOOD,2022,9,2022-09-01 00:00:00,month,,,missing,Karnataka,,1.0,,1.0,,,,,,,,,,,,,
HIST_FL_004978,HIST_FL_004978,HISTORICAL,FLOOD,2022,9,2022-09-01 00:00:00,month,,,missing,Kerala,,1.0,,2.0,,,,,,,,,,,,,
HIST_FL_004979,HIST_FL_004979,HISTORICAL,FLOOD,2022,9,2022-09-01 00:00:00,month,,,missing,Madhya Pradesh,,12.0,,,,,,,,,,,,,,,
HIST_FL_004980,HIST_FL_004980,HISTORICAL,FLOOD,2022,9,2022-09-01 00:00:00,month,,,missing,Madhya Pradesh,,12.0,,,,,,,,,,,,,,,
HIST_FL_004981,HIST_FL_004981,HISTORICAL,FLOOD,2022,9,2022-09-01 00:00:00,month,,,missing,Madhya Pradesh,,12.0,,,,,,,,,,,,,,,
HIST_FL_004982,HIST_FL_004982,HISTORICAL,FLOOD,2022,9,2022-09-01 00:00:00,month,,,missing,Madhya Pradesh,,12.0,,,,,,,,,,,,,,,
HIST_FL_004983,HIST_FL_004983,HISTORICAL,FLOOD,2022,9,2022-09-01 00:00:00,month,,,missing,Madhya Pradesh,,12.0,,,,,,,,,,,,,,,
HIST_FL_004984,HIST_FL_004984,HISTORICAL,FLOOD,2022,9,2022-09-01 00:00:00,month,,,missing,Madhya Pradesh,,12.0,,,,,,,,,,,,,,,
HIST_FL_004985,HIST_FL_004985,HISTORICAL,FLOOD,2022,9,2022-09-01 00:00:00,month,,,missing,Madhya Pradesh,,12.0,,,,,,,,,,,,,,,
HIST_FL_004986,HIST_FL_004986,HISTORICAL,FLOOD,2022,9,2022-09-01 00:00:00,month,,,missing,Madhya Pradesh,,12.0,,,,,,,,,,,,,,,
HIST_FL_004987,HIST_FL_004987,HISTORICAL,FLOOD,2022,9,2022-09-01 00:00:00,month,,,missing,Madhya Pradesh,,12.0,,,,,,,,,,,,,,,
HIST_FL_004988,HIST_FL_004988,HISTORICAL,FLOOD,2022,9,2022-09-01 00:00:00,month,,,missing,Madhya Pradesh,,12.0,,,,,,,,,,,,,,,
HIST_FL_004989,HIST_FL_004989,HISTORICAL,FLOOD,2022,9,2022-09-01 00:00:00,month,,,missing,Madhya Pradesh,,12.0,,,,,,,,,,,,,,,
HIST_FL_004990,HIST_FL_004990,HISTORICAL,FLOOD,2022,9,2022-09-01 00:00:00,month,,,missing,Madhya Pradesh,,12.0,,,,,,,,,,,,,,,
HIST_FL_004991,HIST_FL_004991,HISTORICAL,FLOOD,2022,9,2022-09-01 00:00:00,month,,,missing,Maharashtra,,2.0,,,,,,,,,,,,,,,
HIST_FL_004992,HIST_FL_004992,HISTORICAL,FLOOD,2022,9,2022-09-01 00:00:00,month,,,missing,Maharashtra,,2.0,,,,,,,,,,,,,,,
HIST_FL_004993,HIST_FL_004993,HISTORICAL,FLOOD,2022,9,2022-09-01 00:00:00,month,,,missing,Maharashtra,,1.0,,,,,,,,,,,,,,,
HIST_FL_004994,HIST_FL_004994,HISTORICAL,FLOOD,2022,9,2022-09-01 00:00:00,month,,,missing,Maharashtra,,1.0,,,,,,,,,,,,,,,
HIST_FL_004995,HIST_FL_004995,HISTORICAL,FLOOD,2022,9,2022-09-01 00:00:00,month,,,missing,Maharashtra,,4.0,,2.0,,,,,,,,,,,,,
HIST_FL_004996,HIST_FL_004996,HISTORICAL,FLOOD,2022,9,2022-09-01 00:00:00,month,,,missing,Maharashtra,,4.0,,2.0,,,,,,,,,,,,,
HIST_FL_004997,HIST_FL_004997,HISTORICAL,FLOOD,2022,9,2022-09-01 00:00:00,month,,,missing,Maharashtra,,4.0,,1.0,,,,,,,,,,,,,
HIST_FL_004998,HIST_FL_004998,HISTORICAL,FLOOD,2022,9,2022-09-01 00:00:00,month,,,missing,Maharashtra,,4.0,,,,,,,,,,,,,,,
HIST_FL_004999,HIST_FL_004999,HISTORICAL,FLOOD,2022,9,2022-09-01 00:00:00,month,,,missing,Maharashtra,,4.0,,2.0,,,,,,,,,,,,,
HIST_FL_005000,HIST_FL_005000,HISTORICAL,FLOOD,2022,9,2022-09-01 00:00:00,month,,,missing,Maharashtra,,4.0,,,,,,,,,,,,,,,
HIST_FL_005001,HIST_FL_005001,HISTORICAL,FLOOD,2022,9,2022-09-01 00:00:00,month,,,missing,Maharashtra,,4.0,,,,,,,,,,,,,,,
HIST_FL_005002,HIST_FL_005002,HISTORICAL,FLOOD,2022,9,2022-09-01 00:00:00,month,,,missing,Maharashtra,,4.0,,,,,,,,,,,,,,,
HIST_FL_005003,HIST_FL_005003,HISTORICAL,FLOOD,2022,9,2022-09-01 00:00:00,month,,,missing,Maharashtra,,4.0,,,,,,,,,,,,,,,
HIST_FL_005004,HIST_FL_005004,HISTORICAL,FLOOD,2022,9,2022-09-01 00:00:00,month,,,missing,Maharashtra,,4.0,,2.0,,,,,,,,,,,,,
HIST_FL_005005,HIST_FL_005005,HISTORICAL,FLOOD,2022,9,2022-09-01 00:00:00,month,,,missing,Maharashtra,,4.0,,1.0,,,,,,,,,,,,,
HIST_FL_005006,HIST_FL_005006,HISTORICAL,FLOOD,2022,9,2022-09-01 00:00:00,month,,,missing,Maharashtra,,4.0,,,,,,,,,,,,,,,
HIST_FL_005007,HIST_FL_005007,HISTORICAL,FLOOD,2022,9,2022-09-01 00:00:00,month,,,missing,Maharashtra,,4.0,,4.0,,,,,,,,,,,,,
HIST_FL_005008,HIST_FL_005008,HISTORICAL,FLOOD,2022,9,2022-09-01 00:00:00,month,,,missing,Maharashtra,,1.0,,1.0,,,,,,,,,,,,,
HIST_FL_005009,HIST_FL_005009,HISTORICAL,FLOOD,2022,9,2022-09-01 00:00:00,month,,,missing,Maharashtra,,2.0,,,,,,,,,,,,,,,
HIST_FL_005010,HIST_FL_005010,HISTORICAL,FLOOD,2022,9,2022-09-01 00:00:00,month,,,missing,Maharashtra,,2.0,,,,,,,,,,,,,,,
HIST_FL_005011,HIST_FL_005011,HISTORICAL,FLOOD,2022,9,2022-09-01 00:00:00,month,,,missing,Maharashtra,,2.0,,2.0,,,,,,,,,,,,,
HIST_FL_005012,HIST_FL_005012,HISTORICAL,FLOOD,2022,9,2022-09-01 00:00:00,month,,,missing,Maharashtra,,1.0,,1.0,,,,,,,,,,,,,
HIST_FL_005013,HIST_FL_005013,HISTORICAL,FLOOD,2022,9,2022-09-01 00:00:00,month,,,missing,Punjab,,2.0,,,,,,,,,,,,,,,
HIST_FL_005014,HIST_FL_005014,HISTORICAL,FLOOD,2022,9,2022-09-01 00:00:00,month,,,missing,Punjab,,2.0,,,,,,,,,,,,,,,
HIST_FL_005015,HIST_FL_005015,HISTORICAL,FLOOD,2022,9,2022-09-01 00:00:00,month,,,missing,Punjab,,2.0,,,,,,,,,,,,,,,
HIST_FL_005016,HIST_FL_005016,HISTORICAL,FLOOD,2022,9,2022-09-01 00:00:00,month,,,missing,Punjab,,2.0,,,,,,,,,,,,,,,
HIST_FL_005017,HIST_FL_005017,HISTORICAL,FLOOD,2022,9,2022-09-01 00:00:00,month,,,missing,Punjab,,2.0,,,,,,,,,,,,,,,
HIST_FL_005018,HIST_FL_005018,HISTORICAL,FLOOD,2022,9,2022-09-01 00:00:00,month,,,missing,Punjab,,2.0,,,,,,,,,,,,,,,
HIST_FL_005019,HIST_FL_005019,HISTORICAL,FLOOD,2022,9,2022-09-01 00:00:00,month,,,missing,Punjab,,2.0,,,,,,,,,,,,,,,
HIST_FL_005020,HIST_FL_005020,HISTORICAL,FLOOD,2022,9,2022-09-01 00:00:00,month,,,missing,Punjab,,2.0,,,,,,,,,,,,,,,
HIST_FL_005021,HIST_FL_005021,HISTORICAL,FLOOD,2022,9,2022-09-01 00:00:00,month,,,missing,Punjab,,2.0,,,,,,,,,,,,,,,
HIST_FL_005022,HIST_FL_005022,HISTORICAL,FLOOD,2022,9,2022-09-01 00:00:00,month,,,missing,Punjab,,2.0,,,,,,,,,,,,,,,
HIST_FL_005023,HIST_FL_005023,HISTORICAL,FLOOD,2022,9,2022-09-01 00:00:00,month,,,missing,Punjab,,2.0,,,,,,,,,,,,,,,
HIST_FL_005024,HIST_FL_005024,HISTORICAL,FLOOD,2022,9,2022-09-01 00:00:00,month,,,missing,Punjab,,2.0,,,,,,,,,,,,,,,
HIST_FL_005025,HIST_FL_005025,HISTORICAL,FLOOD,2022,9,2022-09-01 00:00:00,month,,,missing,Punjab,,2.0,,,,,,,,,,,,,,,
HIST_FL_005026,HIST_FL_005026,HISTORICAL,FLOOD,2022,9,2022-09-01 00:00:00,month,,,missing,Punjab,,2.0,,,,,,,,,,,,,,,
HIST_FL_005027,HIST_FL_005027,HISTORICAL,FLOOD,2022,9,2022-09-01 00:00:00,month,,,missing,Rajasthan,,1.0,,1.0,,,,,,,,,,,,,
HIST_FL_005028,HIST_FL_005028,HISTORICAL,FLOOD,2022,9,2022-09-01 00:00:00,month,,,missing,Telangana,,1.0,,1.0,,,,,,,,,,,,,
HIST_FL_005029,HIST_FL_005029,HISTORICAL,FLOOD,2022,9,2022-09-01 00:00:00,month,,,missing,Telangana,,3.0,,,,,,,,,,,,,,,
HIST_FL_005030,HIST_FL_005030,HISTORICAL,FLOOD,2022,9,2022-09-01 00:00:00,month,,,missing,Telangana,,3.0,,,,,,,,,,,,,,,
HIST_FL_005031,HIST_FL_005031,HISTORICAL,FLOOD,2022,9,2022-09-01 00:00:00,month,,,missing,Telangana,,3.0,,,,,,,,,,,,,,,
HIST_FL_005032,HIST_FL_005032,HISTORICAL,FLOOD,2022,9,2022-09-01 00:00:00,month,,,missing,Telangana,,3.0,,,,,,,,,,,,,,,
HIST_FL_005033,HIST_FL_005033,HISTORICAL,FLOOD,2022,9,2022-09-01 00:00:00,month,,,missing,Telangana,,30.0,,,,,,,,,,,,,,,
HIST_FL_005034,HIST_FL_005034,HISTORICAL,FLOOD,2022,9,2022-09-01 00:00:00,month,,,missing,Uttarakhand,,1.0,,,,,,,,,,,,,,,
HIST_FL_005035,HIST_FL_005035,HISTORICAL,FLOOD,2022,9,2022-09-01 00:00:00,month,,,missing,Uttarakhand,,1.0,,1.0,,,,,,,,,,,,,
HIST_FL_005036,HIST_FL_005036,HISTORICAL,FLOOD,2022,9,2022-09-01 00:00:00,month,,,missing,Uttar Pradesh,,1.0,,9.0,,,,,,,,,,,,,
HIST_FL_005037,HIST_FL_005037,HISTORICAL,FLOOD,2022,9,2022-09-01 00:00:00,month,,,missing,Uttar Pradesh,,1.0,,1.0,,,,,,,,,,,,,
HIST_FL_005038,HIST_FL_005038,HISTORICAL,FLOOD,2022,9,2022-09-01 00:00:00,month,,,missing,Uttar Pradesh,,1.0,,,,,,,,,,,,,,,
HIST_FL_005039,HIST_FL_005039,HISTORICAL,FLOOD,2022,9,2022-09-01 00:00:00,month,,,missing,Uttar Pradesh,,1.0,,1.0,,,,,,,,,,,,,
HIST_FL_005040,HIST_FL_005040,HISTORICAL,FLOOD,2022,9,2022-09-01 00:00:00,month,,,missing,Uttar Pradesh,,1.0,,,,,,,,,,,,,,,
HIST_FL_005041,HIST_FL_005041,HISTORICAL,FLOOD,2022,9,2022-09-01 00:00:00,month,,,missing,Uttar Pradesh,,1.0,,,,,,,,,,,,,,,
HIST_FL_005042,HIST_FL_005042,HISTORICAL,FLOOD,2022,9,2022-09-01 00:00:00,month,,,missing,Uttar Pradesh,,1.0,,2.0,,,,,,,,,,,,,
HIST_FL_005043,HIST_FL_005043,HISTORICAL,FLOOD,2022,9,2022-09-01 00:00:00,month,,,missing,Uttar Pradesh,,1.0,,1.0,,,,,,,,,,,,,
HIST_FL_005044,HIST_FL_005044,HISTORICAL,FLOOD,2022,9,2022-09-01 00:00:00,month,,,missing,Uttar Pradesh,,1.0,,2.0,,,,,,,,,,,,,
HIST_FL_005045,HIST_FL_005045,HISTORICAL,FLOOD,2022,9,2022-09-01 00:00:00,month,,,missing,Uttar Pradesh,,1.0,,,,,,,,,,,,,,,
HIST_FL_005046,HIST_FL_005046,HISTORICAL,FLOOD,2022,9,2022-09-01 00:00:00,month,,,missing,Uttar Pradesh,,1.0,,1.0,,,,,,,,,,,,,
HIST_FL_005047,HIST_FL_005047,HISTORICAL,FLOOD,2022,9,2022-09-01 00:00:00,month,,,missing,Uttar Pradesh,,1.0,,9.0,,,,,,,,,,,,,
HIST_FL_005048,HIST_FL_005048,HISTORICAL,FLOOD,2022,9,2022-09-01 00:00:00,month,,,missing,Uttar Pradesh,,1.0,,3.0,,,,,,,,,,,,,
HIST_FL_005049,HIST_FL_005049,HISTORICAL,FLOOD,2022,9,2022-09-01 00:00:00,month,,,missing,Uttar Pradesh,,1.0,,1.0,,,,,,,,,,,,,
HIST_FL_005050,HIST_FL_005050,HISTORICAL,FLOOD,2022,9,2022-09-01 00:00:00,month,,,missing,Uttar Pradesh,,1.0,,1.0,,,,,,,,,,,,,
HIST_FL_005051,HIST_FL_005051,HISTORICAL,FLOOD,2022,9,2022-09-01 00:00:00,month,,,missing,Uttar Pradesh,,1.0,,1.0,,,,,,,,,,,,,
HIST_FL_005052,HIST_FL_005052,HISTORICAL,FLOOD,2022,9,2022-09-01 00:00:00,month,,,missing,Uttar Pradesh,,1.0,,5.0,,,,,,,,,,,,,
HIST_FL_005053,HIST_FL_005053,HISTORICAL,FLOOD,2022,9,2022-09-01 00:00:00,month,,,missing,Uttar Pradesh,,1.0,,1.0,,,,,,,,,,,,,
HIST_FL_005054,HIST_FL_005054,HISTORICAL,FLOOD,2022,9,2022-09-01 00:00:00,month,,,missing,Uttar Pradesh,,1.0,,1.0,,,,,,,,,,,,,
HIST_FL_005055,HIST_FL_005055,HISTORICAL,FLOOD,2022,9,2022-09-01 00:00:00,month,,,missing,Uttar Pradesh,,1.0,,3.0,,,,,,,,,,,,,
HIST_FL_005056,HIST_FL_005056,HISTORICAL,FLOOD,2022,9,2022-09-01 00:00:00,month,,,missing,Uttar Pradesh,,1.0,,3.0,,,,,,,,,,,,,
HIST_FL_005057,HIST_FL_005057,HISTORICAL,FLOOD,2022,9,2022-09-01 00:00:00,month,,,missing,Uttar Pradesh,,1.0,,1.0,,,,,,,,,,,,,
HIST_FL_005058,HIST_FL_005058,HISTORICAL,FLOOD,2022,9,2022-09-01 00:00:00,month,,,missing,Uttar Pradesh,,1.0,,1.0,,,,,,,,,,,,,
HIST_FL_005059,HIST_FL_005059,HISTORICAL,FLOOD,2022,9,2022-09-01 00:00:00,month,,,missing,Uttar Pradesh,,1.0,,2.0,,,,,,,,,,,,,
HIST_FL_005060,HIST_FL_005060,HISTORICAL,FLOOD,2022,9,2022-09-01 00:00:00,month,,,missing,Uttar Pradesh,,6.0,,1.0,,,,,,,,,,,,,
HIST_FL_005061,HIST_FL_005061,HISTORICAL,FLOOD,2022,9,2022-09-01 00:00:00,month,,,missing,Uttar Pradesh,,6.0,,1.0,,,,,,,,,,,,,
HIST_FL_005062,HIST_FL_005062,HISTORICAL,FLOOD,2022,9,2022-09-01 00:00:00,month,,,missing,Uttar Pradesh,,6.0,,1.0,,,,,,,,,,,,,
HIST_FL_005063,HIST_FL_005063,HISTORICAL,FLOOD,2022,9,2022-09-01 00:00:00,month,,,missing,Uttar Pradesh,,6.0,,,,,,,,,,,,,,,
HIST_FL_005064,HIST_FL_005064,HISTORICAL,FLOOD,2022,9,2022-09-01 00:00:00,month,,,missing,Uttar Pradesh,,6.0,,1.0,,,,,,,,,,,,,
HIST_FL_005065,HIST_FL_005065,HISTORICAL,FLOOD,2022,9,2022-09-01 00:00:00,month,,,missing,Uttar Pradesh,,6.0,,1.0,,,,,,,,,,,,,
HIST_FL_005066,HIST_FL_005066,HISTORICAL,FLOOD,2022,9,2022-09-01 00:00:00,month,,,missing,Uttar Pradesh,,6.0,,2.0,,,,,,,,,,,,,
HIST_FL_005067,HIST_FL_005067,HISTORICAL,FLOOD,2022,9,2022-09-01 00:00:00,month,,,missing,Uttar Pradesh,,6.0,,1.0,,,,,,,,,,,,,
HIST_FL_005068,HIST_FL_005068,HISTORICAL,FLOOD,2022,9,2022-09-01 00:00:00,month,,,missing,Uttar Pradesh,,6.0,,10.0,,,,,,,,,,,,,
HIST_FL_005069,HIST_FL_005069,HISTORICAL,FLOOD,2022,9,2022-09-01 00:00:00,month,,,missing,Uttar Pradesh,,6.0,,2.0,,,,,,,,,,,,,
HIST_FL_005070,HIST_FL_005070,HISTORICAL,FLOOD,2022,9,2022-09-01 00:00:00,month,,,missing,Uttar Pradesh,,6.0,,7.0,,,,,,,,,,,,,
HIST_FL_005071,HIST_FL_005071,HISTORICAL,FLOOD,2022,9,2022-09-01 00:00:00,month,,,missing,Uttar Pradesh,,6.0,,1.0,,,,,,,,,,,,,
HIST_FL_005072,HIST_FL_005072,HISTORICAL,FLOOD,2022,9,2022-09-01 00:00:00,month,,,missing,Uttar Pradesh,,6.0,,1.0,,,,,,,,,,,,,
HIST_FL_005073,HIST_FL_005073,HISTORICAL,FLOOD,2022,9,2022-09-01 00:00:00,month,,,missing,Uttar Pradesh,,6.0,,2.0,,,,,,,,,,,,,
HIST_FL_005074,HIST_FL_005074,HISTORICAL,FLOOD,2022,9,2022-09-01 00:00:00,month,,,missing,Uttar Pradesh,,6.0,,5.0,,,,,,,,,,,,,
HIST_FL_005075,HIST_FL_005075,HISTORICAL,FLOOD,2022,9,2022-09-01 00:00:00,month,,,missing,Uttar Pradesh,,6.0,,,,,,,,,,,,,,,
HIST_FL_005076,HIST_FL_005076,HISTORICAL,FLOOD,2022,9,2022-09-01 00:00:00,month,,,missing,Uttar Pradesh,,6.0,,1.0,,,,,,,,,,,,,
HIST_FL_005077,HIST_FL_005077,HISTORICAL,FLOOD,2022,9,2022-09-01 00:00:00,month,,,missing,Uttar Pradesh,,6.0,,2.0,,,,,,,,,,,,,
HIST_FL_005078,HIST_FL_005078,HISTORICAL,FLOOD,2022,9,2022-09-01 00:00:00,month,,,missing,Uttar Pradesh,,6.0,,2.0,,,,,,,,,,,,,
HIST_FL_005079,HIST_FL_005079,HISTORICAL,FLOOD,2022,9,2022-09-01 00:00:00,month,,,missing,Uttar Pradesh,,6.0,,2.0,,,,,,,,,,,,,
HIST_FL_005080,HIST_FL_005080,HISTORICAL,FLOOD,2022,9,2022-09-01 00:00:00,month,,,missing,Uttar Pradesh,,6.0,,2.0,,,,,,,,,,,,,
HIST_FL_005081,HIST_FL_005081,HISTORICAL,FLOOD,2022,9,2022-09-01 00:00:00,month,,,missing,Uttar Pradesh,,1.0,,,,,,,,,,,,,,,
HIST_FL_005082,HIST_FL_005082,HISTORICAL,FLOOD,2022,9,2022-09-01 00:00:00,month,,,missing,Uttar Pradesh,,1.0,,1.0,,,,,,,,,,,,,
HIST_FL_005083,HIST_FL_005083,HISTORICAL,FLOOD,2022,10,2022-10-01 00:00:00,month,,,missing,Arunachal Pradesh,,4.0,,,,,,,,,,,,,,,
HIST_FL_005084,HIST_FL_005084,HISTORICAL,FLOOD,2022,10,2022-10-01 00:00:00,month,,,missing,Arunachal Pradesh,,4.0,,,,,,,,,,,,,,,
HIST_FL_005085,HIST_FL_005085,HISTORICAL,FLOOD,2022,10,2022-10-01 00:00:00,month,,,missing,Arunachal Pradesh,,1.0,,2.0,,,,,,,,,,,,,
HIST_FL_005086,HIST_FL_005086,HISTORICAL,FLOOD,2022,10,2022-10-01 00:00:00,month,,,missing,Assam,,6.0,,,,,,,,,,,,,,,
HIST_FL_005087,HIST_FL_005087,HISTORICAL,FLOOD,2022,10,2022-10-01 00:00:00,month,,,missing,Assam,,6.0,,,,,,,,,,,,,,,
HIST_FL_005088,HIST_FL_005088,HISTORICAL,FLOOD,2022,10,2022-10-01 00:00:00,month,,,missing,Assam,,6.0,,,,,,,,,,,,,,,
HIST_FL_005089,HIST_FL_005089,HISTORICAL,FLOOD,2022,10,2022-10-01 00:00:00,month,,,missing,Assam,,6.0,,,,,,,,,,,,,,,
HIST_FL_005090,HIST_FL_005090,HISTORICAL,FLOOD,2022,10,2022-10-01 00:00:00,month,,,missing,Assam,,6.0,,,,,,,,,,,,,,,
HIST_FL_005091,HIST_FL_005091,HISTORICAL,FLOOD,2022,10,2022-10-01 00:00:00,month,,,missing,Assam,,6.0,,,,,,,,,,,,,,,
HIST_FL_005092,HIST_FL_005092,HISTORICAL,FLOOD,2022,10,2022-10-01 00:00:00,month,,,missing,Assam,,6.0,,,,,,,,,,,,,,,
HIST_FL_005093,HIST_FL_005093,HISTORICAL,FLOOD,2022,10,2022-10-01 00:00:00,month,,,missing,Assam,,6.0,,,,,,,,,,,,,,,
HIST_FL_005094,HIST_FL_005094,HISTORICAL,FLOOD,2022,10,2022-10-01 00:00:00,month,,,missing,Assam,,6.0,,,,,,,,,,,,,,,
HIST_FL_005095,HIST_FL_005095,HISTORICAL,FLOOD,2022,10,2022-10-01 00:00:00,month,,,missing,Assam,,6.0,,,,,,,,,,,,,,,
HIST_FL_005096,HIST_FL_005096,HISTORICAL,FLOOD,2022,10,2022-10-01 00:00:00,month,,,missing,Assam,,6.0,,,,,,,,,,,,,,,
HIST_FL_005097,HIST_FL_005097,HISTORICAL,FLOOD,2022,10,2022-10-01 00:00:00,month,,,missing,Assam,,6.0,,,,,,,,,,,,,,,
HIST_FL_005098,HIST_FL_005098,HISTORICAL,FLOOD,2022,10,2022-10-01 00:00:00,month,,,missing,Assam,,6.0,,,,,,,,,,,,,,,
HIST_FL_005099,HIST_FL_005099,HISTORICAL,FLOOD,2022,10,2022-10-01 00:00:00,month,,,missing,Delhi,,1.0,,3.0,,,,,,,,,,,,,
HIST_FL_005100,HIST_FL_005100,HISTORICAL,FLOOD,2022,10,2022-10-01 00:00:00,month,,,missing,Karnataka,,1.0,,4.0,,,,,,,,,,,,,
HIST_FL_005101,HIST_FL_005101,HISTORICAL,FLOOD,2022,10,2022-10-01 00:00:00,month,,,missing,Karnataka,,1.0,,2.0,,,,,,,,,,,,,
HIST_FL_005102,HIST_FL_005102,HISTORICAL,FLOOD,2022,10,2022-10-01 00:00:00,month,,,missing,Madhya Pradesh,,1.0,,,,,,,,,,,,,,,
HIST_FL_005103,HIST_FL_005103,HISTORICAL,FLOOD,2022,10,2022-10-01 00:00:00,month,,,missing,Maharashtra,,1.0,,,,,,,,,,,,,,,
HIST_FL_005104,HIST_FL_005104,HISTORICAL,FLOOD,2022,10,2022-10-01 00:00:00,month,,,missing,Maharashtra,,1.0,,1.0,,,,,,,,,,,,,
HIST_FL_005105,HIST_FL_005105,HISTORICAL,FLOOD,2022,10,2022-10-01 00:00:00,month,,,missing,Maharashtra,,3.0,,,,,,,,,,,,,,,
HIST_FL_005106,HIST_FL_005106,HISTORICAL,FLOOD,2022,10,2022-10-01 00:00:00,month,,,missing,Maharashtra,,3.0,,,,,,,,,,,,,,,
HIST_FL_005107,HIST_FL_005107,HISTORICAL,FLOOD,2022,10,2022-10-01 00:00:00,month,,,missing,Maharashtra,,3.0,,,,,,,,,,,,,,,
HIST_FL_005108,HIST_FL_005108,HISTORICAL,FLOOD,2022,10,2022-10-01 00:00:00,month,,,missing,Maharashtra,,3.0,,,,,,,,,,,,,,,
HIST_FL_005109,HIST_FL_005109,HISTORICAL,FLOOD,2022,10,2022-10-01 00:00:00,month,,,missing,Maharashtra,,3.0,,,,,,,,,,,,,,,
HIST_FL_005110,HIST_FL_005110,HISTORICAL,FLOOD,2022,10,2022-10-01 00:00:00,month,,,missing,Maharashtra,,3.0,,,,,,,,,,,,,,,
HIST_FL_005111,HIST_FL_005111,HISTORICAL,FLOOD,2022,10,2022-10-01 00:00:00,month,,,missing,Maharashtra,,3.0,,,,,,,,,,,,,,,
HIST_FL_005112,HIST_FL_005112,HISTORICAL,FLOOD,2022,10,2022-10-01 00:00:00,month,,,missing,Maharashtra,,3.0,,,,,,,,,,,,,,,
HIST_FL_005113,HIST_FL_005113,HISTORICAL,FLOOD,2022,10,2022-10-01 00:00:00,month,,,missing,Maharashtra,,3.0,,,,,,,,,,,,,,,
HIST_FL_005114,HIST_FL_005114,HISTORICAL,FLOOD,2022,10,2022-10-01 00:00:00,month,,,missing,Maharashtra,,3.0,,,,,,,,,,,,,,,
HIST_FL_005115,HIST_FL_005115,HISTORICAL,FLOOD,2022,10,2022-10-01 00:00:00,month,,,missing,Maharashtra,,3.0,,,,,,,,,,,,,,,
HIST_FL_005116,HIST_FL_005116,HISTORICAL,FLOOD,2022,10,2022-10-01 00:00:00,month,,,missing,Maharashtra,,3.0,,,,,,,,,,,,,,,
HIST_FL_005117,HIST_FL_005117,HISTORICAL,FLOOD,2022,10,2022-10-01 00:00:00,month,,,missing,Maharashtra,,3.0,,,,,,,,,,,,,,,
HIST_FL_005118,HIST_FL_005118,HISTORICAL,FLOOD,2022,10,2022-10-01 00:00:00,month,,,missing,Maharashtra,,3.0,,,,,,,,,,,,,,,
HIST_FL_005119,HIST_FL_005119,HISTORICAL,FLOOD,2022,10,2022-10-01 00:00:00,month,,,missing,Maharashtra,,3.0,,2.0,,,,,,,,,,,,,
HIST_FL_005120,HIST_FL_005120,HISTORICAL,FLOOD,2022,10,2022-10-01 00:00:00,month,,,missing,Maharashtra,,3.0,,,,,,,,,,,,,,,
HIST_FL_005121,HIST_FL_005121,HISTORICAL,FLOOD,2022,10,2022-10-01 00:00:00,month,,,missing,Maharashtra,,3.0,,,,,,,,,,,,,,,
HIST_FL_005122,HIST_FL_005122,HISTORICAL,FLOOD,2022,10,2022-10-01 00:00:00,month,,,missing,Maharashtra,,1.0,,,,,,,,,,,,,,,
HIST_FL_005123,HIST_FL_005123,HISTORICAL,FLOOD,2022,10,2022-10-01 00:00:00,month,,,missing,Maharashtra,,1.0,,3.0,,,,,,,,,,,,,
HIST_FL_005124,HIST_FL_005124,HISTORICAL,FLOOD,2022,10,2022-10-01 00:00:00,month,,,missing,Maharashtra,,1.0,,,,,,,,,,,,,,,
HIST_FL_005125,HIST_FL_005125,HISTORICAL,FLOOD,2022,10,2022-10-01 00:00:00,month,,,missing,Maharashtra,,1.0,,,,,,,,,,,,,,,
HIST_FL_005126,HIST_FL_005126,HISTORICAL,FLOOD,2022,10,2022-10-01 00:00:00,month,,,missing,Tamil Nadu,,1.0,,1.0,,,,,,,,,,,,,
HIST_FL_005127,HIST_FL_005127,HISTORICAL,FLOOD,2022,10,2022-10-01 00:00:00,month,,,missing,Telangana,,1.0,,,,,,,,,,,,,,,
HIST_FL_005128,HIST_FL_005128,HISTORICAL,FLOOD,2022,10,2022-10-01 00:00:00,month,,,missing,Telangana,,1.0,,,,,,,,,,,,,,,
HIST_FL_005129,HIST_FL_005129,HISTORICAL,FLOOD,2022,10,2022-10-01 00:00:00,month,,,missing,Telangana,,1.0,,,,,,,,,,,,,,,
HIST_FL_005130,HIST_FL_005130,HISTORICAL,FLOOD,2022,10,2022-10-01 00:00:00,month,,,missing,Telangana,,1.0,,,,,,,,,,,,,,,
HIST_FL_005131,HIST_FL_005131,HISTORICAL,FLOOD,2022,10,2022-10-01 00:00:00,month,,,missing,Telangana,,1.0,,1.0,,,,,,,,,,,,,
HIST_FL_005132,HIST_FL_005132,HISTORICAL,FLOOD,2022,10,2022-10-01 00:00:00,month,,,missing,Telangana,,3.0,,,,,,,,,,,,,,,
HIST_FL_005133,HIST_FL_005133,HISTORICAL,FLOOD,2022,10,2022-10-01 00:00:00,month,,,missing,Telangana,,3.0,,,,,,,,,,,,,,,
HIST_FL_005134,HIST_FL_005134,HISTORICAL,FLOOD,2022,10,2022-10-01 00:00:00,month,,,missing,Telangana,,3.0,,,,,,,,,,,,,,,
HIST_FL_005135,HIST_FL_005135,HISTORICAL,FLOOD,2022,10,2022-10-01 00:00:00,month,,,missing,Telangana,,3.0,,,,,,,,,,,,,,,
HIST_FL_005136,HIST_FL_005136,HISTORICAL,FLOOD,2022,10,2022-10-01 00:00:00,month,,,missing,Telangana,,1.0,,,,,,,,,,,,,,,
HIST_FL_005137,HIST_FL_005137,HISTORICAL,FLOOD,2022,10,2022-10-01 00:00:00,month,,,missing,Telangana,,1.0,,1.0,,,,,,,,,,,,,
HIST_FL_005138,HIST_FL_005138,HISTORICAL,FLOOD,2022,10,2022-10-01 00:00:00,month,,,missing,Telangana,,1.0,,,,,,,,,,,,,,,
HIST_FL_005139,HIST_FL_005139,HISTORICAL,FLOOD,2022,10,2022-10-01 00:00:00,month,,,missing,Telangana,,1.0,,,,,,,,,,,,,,,
HIST_FL_005140,HIST_FL_005140,HISTORICAL,FLOOD,2022,10,2022-10-01 00:00:00,month,,,missing,Telangana,,1.0,,,,,,,,,,,,,,,
HIST_FL_005141,HIST_FL_005141,HISTORICAL,FLOOD,2022,10,2022-10-01 00:00:00,month,,,missing,Telangana,,1.0,,,,,,,,,,,,,,,
HIST_FL_005142,HIST_FL_005142,HISTORICAL,FLOOD,2022,10,2022-10-01 00:00:00,month,,,missing,Uttar Pradesh,,1.0,,1.0,,,,,,,,,,,,,
HIST_FL_005143,HIST_FL_005143,HISTORICAL,FLOOD,2022,10,2022-10-01 00:00:00,month,,,missing,Uttar Pradesh,,1.0,,1.0,,,,,,,,,,,,,
HIST_FL_005144,HIST_FL_005144,HISTORICAL,FLOOD,2022,10,2022-10-01 00:00:00,month,,,missing,Uttar Pradesh,,1.0,,1.0,,,,,,,,,,,,,
HIST_FL_005145,HIST_FL_005145,HISTORICAL,FLOOD,2022,10,2022-10-01 00:00:00,month,,,missing,Uttar Pradesh,,1.0,,3.0,,,,,,,,,,,,,
HIST_FL_005146,HIST_FL_005146,HISTORICAL,FLOOD,2022,10,2022-10-01 00:00:00,month,,,missing,Uttar Pradesh,,1.0,,1.0,,,,,,,,,,,,,
HIST_FL_005147,HIST_FL_005147,HISTORICAL,FLOOD,2022,10,2022-10-01 00:00:00,month,,,missing,Uttar Pradesh,,1.0,,1.0,,,,,,,,,,,,,
HIST_FL_005148,HIST_FL_005148,HISTORICAL,FLOOD,2022,10,2022-10-01 00:00:00,month,,,missing,Uttar Pradesh,,1.0,,1.0,,,,,,,,,,,,,
HIST_FL_005149,HIST_FL_005149,HISTORICAL,FLOOD,2022,10,2022-10-01 00:00:00,month,,,missing,Uttar Pradesh,,1.0,,1.0,,,,,,,,,,,,,
HIST_FL_005150,HIST_FL_005150,HISTORICAL,FLOOD,2022,10,2022-10-01 00:00:00,month,,,missing,Uttar Pradesh,,1.0,,1.0,,,,,,,,,,,,,
HIST_FL_005151,HIST_FL_005151,HISTORICAL,FLOOD,2022,10,2022-10-01 00:00:00,month,,,missing,Uttar Pradesh,,1.0,,1.0,,,,,,,,,,,,,
HIST_FL_005152,HIST_FL_005152,HISTORICAL,FLOOD,2022,10,2022-10-01 00:00:00,month,,,missing,Uttar Pradesh,,1.0,,5.0,,,,,,,,,,,,,
HIST_FL_005153,HIST_FL_005153,HISTORICAL,FLOOD,2022,10,2022-10-01 00:00:00,month,,,missing,Uttar Pradesh,,1.0,,2.0,,,,,,,,,,,,,
HIST_FL_005154,HIST_FL_005154,HISTORICAL,FLOOD,2022,10,2022-10-01 00:00:00,month,,,missing,Uttar Pradesh,,1.0,,1.0,,,,,,,,,,,,,
HIST_FL_005155,HIST_FL_005155,HISTORICAL,FLOOD,2022,10,2022-10-01 00:00:00,month,,,missing,Uttar Pradesh,,1.0,,8.0,,,,,,,,,,,,,
HIST_FL_005156,HIST_FL_005156,HISTORICAL,FLOOD,2022,10,2022-10-01 00:00:00,month,,,missing,Uttar Pradesh,,1.0,,1.0,,,,,,,,,,,,,
HIST_FL_005157,HIST_FL_005157,HISTORICAL,FLOOD,2022,10,2022-10-01 00:00:00,month,,,missing,Uttar Pradesh,,1.0,,1.0,,,,,,,,,,,,,
HIST_FL_005158,HIST_FL_005158,HISTORICAL,FLOOD,2022,10,2022-10-01 00:00:00,month,,,missing,Uttar Pradesh,,1.0,,2.0,,,,,,,,,,,,,
HIST_FL_005159,HIST_FL_005159,HISTORICAL,FLOOD,2022,10,2022-10-01 00:00:00,month,,,missing,Uttar Pradesh,,1.0,,1.0,,,,,,,,,,,,,
HIST_FL_005160,HIST_FL_005160,HISTORICAL,FLOOD,2022,10,2022-10-01 00:00:00,month,,,missing,Uttar Pradesh,,1.0,,1.0,,,,,,,,,,,,,
HIST_FL_005161,HIST_FL_005161,HISTORICAL,FLOOD,2022,10,2022-10-01 00:00:00,month,,,missing,Uttar Pradesh,,1.0,,3.0,,,,,,,,,,,,,
HIST_FL_005162,HIST_FL_005162,HISTORICAL,FLOOD,2022,10,2022-10-01 00:00:00,month,,,missing,Uttar Pradesh,,1.0,,2.0,,,,,,,,,,,,,
HIST_FL_005163,HIST_FL_005163,HISTORICAL,FLOOD,2022,10,2022-10-01 00:00:00,month,,,missing,Uttar Pradesh,,1.0,,1.0,,,,,,,,,,,,,
HIST_FL_005164,HIST_FL_005164,HISTORICAL,FLOOD,2022,10,2022-10-01 00:00:00,month,,,missing,Uttar Pradesh,,1.0,,1.0,,,,,,,,,,,,,
HIST_FL_005165,HIST_FL_005165,HISTORICAL,FLOOD,2022,10,2022-10-01 00:00:00,month,,,missing,Uttar Pradesh,,1.0,,1.0,,,,,,,,,,,,,
HIST_FL_005166,HIST_FL_005166,HISTORICAL,FLOOD,2022,10,2022-10-01 00:00:00,month,,,missing,Uttar Pradesh,,1.0,,2.0,,,,,,,,,,,,,
HIST_FL_005167,HIST_FL_005167,HISTORICAL,FLOOD,2022,10,2022-10-01 00:00:00,month,,,missing,Uttar Pradesh,,1.0,,1.0,,,,,,,,,,,,,
HIST_FL_005168,HIST_FL_005168,HISTORICAL,FLOOD,2022,10,2022-10-01 00:00:00,month,,,missing,Uttar Pradesh,,1.0,,,,,,,,,,,,,,,
HIST_FL_005169,HIST_FL_005169,HISTORICAL,FLOOD,2022,10,2022-10-01 00:00:00,month,,,missing,Uttar Pradesh,,1.0,,1.0,,,,,,,,,,,,,
HIST_FL_005170,HIST_FL_005170,HISTORICAL,FLOOD,2022,10,2022-10-01 00:00:00,month,,,missing,Uttar Pradesh,,1.0,,1.0,,,,,,,,,,,,,
HIST_FL_005171,HIST_FL_005171,HISTORICAL,FLOOD,2022,10,2022-10-01 00:00:00,month,,,missing,Uttar Pradesh,,1.0,,1.0,,,,,,,,,,,,,
HIST_FL_005172,HIST_FL_005172,HISTORICAL,FLOOD,2022,10,2022-10-01 00:00:00,month,,,missing,Uttar Pradesh,,1.0,,1.0,,,,,,,,,,,,,
HIST_FL_005173,HIST_FL_005173,HISTORICAL,FLOOD,2022,10,2022-10-01 00:00:00,month,,,missing,Uttar Pradesh,,1.0,,1.0,,,,,,,,,,,,,
HIST_FL_005174,HIST_FL_005174,HISTORICAL,FLOOD,2022,10,2022-10-01 00:00:00,month,,,missing,Uttar Pradesh,,1.0,,1.0,,,,,,,,,,,,,
HIST_FL_005175,HIST_FL_005175,HISTORICAL,FLOOD,2022,10,2022-10-01 00:00:00,month,,,missing,Uttar Pradesh,,1.0,,2.0,,,,,,,,,,,,,
HIST_FL_005176,HIST_FL_005176,HISTORICAL,FLOOD,2022,10,2022-10-01 00:00:00,month,,,missing,Uttar Pradesh,,1.0,,1.0,,,,,,,,,,,,,
HIST_FL_005177,HIST_FL_005177,HISTORICAL,FLOOD,2022,10,2022-10-01 00:00:00,month,,,missing,Uttar Pradesh,,1.0,,1.0,,,,,,,,,,,,,
HIST_FL_005178,HIST_FL_005178,HISTORICAL,FLOOD,2022,10,2022-10-01 00:00:00,month,,,missing,Uttar Pradesh,,1.0,,1.0,,,,,,,,,,,,,
HIST_FL_005179,HIST_FL_005179,HISTORICAL,FLOOD,2022,10,2022-10-01 00:00:00,month,,,missing,Uttar Pradesh,,1.0,,1.0,,,,,,,,,,,,,
HIST_FL_005180,HIST_FL_005180,HISTORICAL,FLOOD,2022,10,2022-10-01 00:00:00,month,,,missing,Uttar Pradesh,,1.0,,3.0,,,,,,,,,,,,,
HIST_FL_005181,HIST_FL_005181,HISTORICAL,FLOOD,2022,10,2022-10-01 00:00:00,month,,,missing,Uttar Pradesh,,1.0,,,,,,,,,,,,,,,
HIST_FL_005182,HIST_FL_005182,HISTORICAL,FLOOD,2022,10,2022-10-01 00:00:00,month,,,missing,Uttar Pradesh,,1.0,,2.0,,,,,,,,,,,,,
HIST_FL_005183,HIST_FL_005183,HISTORICAL,FLOOD,2022,10,2022-10-01 00:00:00,month,,,missing,Uttar Pradesh,,1.0,,2.0,,,,,,,,,,,,,
HIST_FL_005184,HIST_FL_005184,HISTORICAL,FLOOD,2022,10,2022-10-01 00:00:00,month,,,missing,Uttar Pradesh,,1.0,,1.0,,,,,,,,,,,,,
HIST_FL_005185,HIST_FL_005185,HISTORICAL,FLOOD,2022,10,2022-10-01 00:00:00,month,,,missing,Uttar Pradesh,,1.0,,1.0,,,,,,,,,,,,,
HIST_FL_005186,HIST_FL_005186,HISTORICAL,FLOOD,2022,10,2022-10-01 00:00:00,month,,,missing,Uttar Pradesh,,1.0,,2.0,,,,,,,,,,,,,
HIST_FL_005187,HIST_FL_005187,HISTORICAL,FLOOD,2022,10,2022-10-01 00:00:00,month,,,missing,Uttar Pradesh,,1.0,,2.0,,,,,,,,,,,,,
HIST_FL_005188,HIST_FL_005188,HISTORICAL,FLOOD,2022,10,2022-10-01 00:00:00,month,,,missing,Uttar Pradesh,,1.0,,1.0,,,,,,,,,,,,,
HIST_FL_005189,HIST_FL_005189,HISTORICAL,FLOOD,2022,10,2022-10-01 00:00:00,month,,,missing,Uttar Pradesh,,1.0,,1.0,,,,,,,,,,,,,
HIST_FL_005190,HIST_FL_005190,HISTORICAL,FLOOD,2022,10,2022-10-01 00:00:00,month,,,missing,Uttar Pradesh,,1.0,,1.0,,,,,,,,,,,,,
HIST_FL_005191,HIST_FL_005191,HISTORICAL,FLOOD,2022,10,2022-10-01 00:00:00,month,,,missing,Uttar Pradesh,,1.0,,1.0,,,,,,,,,,,,,
HIST_FL_005192,HIST_FL_005192,HISTORICAL,FLOOD,2022,10,2022-10-01 00:00:00,month,,,missing,Uttar Pradesh,,1.0,,2.0,,,,,,,,,,,,,
HIST_FL_005193,HIST_FL_005193,HISTORICAL,FLOOD,2022,10,2022-10-01 00:00:00,month,,,missing,West Bengal,,1.0,,8.0,,,,,,,,,,,,,
HIST_FL_005194,HIST_FL_005194,HISTORICAL,FLOOD,2022,11,2022-11-01 00:00:00,month,,,missing,Jammu and Kashmir,,1.0,,1.0,,,,,,,,,,,,,
HIST_FL_005195,HIST_FL_005195,HISTORICAL,FLOOD,2022,11,2022-11-01 00:00:00,month,,,missing,Tamil Nadu,,1.0,,2.0,,,,,,,,,,,,,
HIST_FL_005196,HIST_FL_005196,HISTORICAL,FLOOD,2022,11,2022-11-01 00:00:00,month,,,missing,Tamil Nadu,,1.0,,,,,,,,,,,,,,,
HIST_FL_005197,HIST_FL_005197,HISTORICAL,FLOOD,2022,11,2022-11-01 00:00:00,month,,,missing,Tamil Nadu,,1.0,,,,,,,,,,,,,,,
HIST_FL_005198,HIST_FL_005198,HISTORICAL,FLOOD,2022,11,2022-11-01 00:00:00,month,,,missing,Telangana,,30.0,,1.0,,,,,,,,,,,,,
HIST_FL_005199,HIST_FL_005199,HISTORICAL,FLOOD,2023,1,2023-01-01 00:00:00,month,,,missing,Jammu and Kashmir,,1.0,,1.0,,,,,,,,,,,,,
HIST_FL_005200,HIST_FL_005200,HISTORICAL,FLOOD,2023,2,2023-02-01 00:00:00,month,,,missing,Jammu and Kashmir,,1.0,,,,,,,,,,,,,,,
HIST_FL_005201,HIST_FL_005201,HISTORICAL,FLOOD,2023,3,2023-03-01 00:00:00,month,,,missing,Arunachal Pradesh,,1.0,,1.0,,,,,,,,,,,,,
HIST_FL_005202,HIST_FL_005202,HISTORICAL,FLOOD,2023,3,2023-03-01 00:00:00,month,,,missing,Chhattisgarh,,2.0,,,,,,,,,,,,,,,
HIST_FL_005203,HIST_FL_005203,HISTORICAL,FLOOD,2023,3,2023-03-01 00:00:00,month,,,missing,Chhattisgarh,,2.0,,,,,,,,,,,,,,,
HIST_FL_005204,HIST_FL_005204,HISTORICAL,FLOOD,2023,3,2023-03-01 00:00:00,month,,,missing,Chhattisgarh,,2.0,,,,,,,,,,,,,,,
HIST_FL_005205,HIST_FL_005205,HISTORICAL,FLOOD,2023,3,2023-03-01 00:00:00,month,,,missing,Chhattisgarh,,2.0,,,,,,,,,,,,,,,
HIST_FL_005206,HIST_FL_005206,HISTORICAL,FLOOD,2023,3,2023-03-01 00:00:00,month,,,missing,Gujarat,,1.0,,1.0,,,,,,,,,,,,,
HIST_FL_005207,HIST_FL_005207,HISTORICAL,FLOOD,2023,3,2023-03-01 00:00:00,month,,,missing,Jammu and Kashmir,,1.0,,1.0,,,,,,,,,,,,,
HIST_FL_005208,HIST_FL_005208,HISTORICAL,FLOOD,2023,3,2023-03-01 00:00:00,month,,,missing,Madhya Pradesh,,4.0,,,,,,,,,,,,,,,
HIST_FL_005209,HIST_FL_005209,HISTORICAL,FLOOD,2023,3,2023-03-01 00:00:00,month,,,missing,Madhya Pradesh,,4.0,,,,,,,,,,,,,,,
HIST_FL_005210,HIST_FL_005210,HISTORICAL,FLOOD,2023,3,2023-03-01 00:00:00,month,,,missing,Madhya Pradesh,,4.0,,,,,,,,,,,,,,,
HIST_FL_005211,HIST_FL_005211,HISTORICAL,FLOOD,2023,3,2023-03-01 00:00:00,month,,,missing,Madhya Pradesh,,4.0,,,,,,,,,,,,,,,
HIST_FL_005212,HIST_FL_005212,HISTORICAL,FLOOD,2023,3,2023-03-01 00:00:00,month,,,missing,Madhya Pradesh,,3.0,,,,,,,,,,,,,,,
HIST_FL_005213,HIST_FL_005213,HISTORICAL,FLOOD,2023,3,2023-03-01 00:00:00,month,,,missing,Madhya Pradesh,,3.0,,,,,,,,,,,,,,,
HIST_FL_005214,HIST_FL_005214,HISTORICAL,FLOOD,2023,3,2023-03-01 00:00:00,month,,,missing,Madhya Pradesh,,3.0,,,,,,,,,,,,,,,
HIST_FL_005215,HIST_FL_005215,HISTORICAL,FLOOD,2023,3,2023-03-01 00:00:00,month,,,missing,Madhya Pradesh,,3.0,,,,,,,,,,,,,,,
HIST_FL_005216,HIST_FL_005216,HISTORICAL,FLOOD,2023,3,2023-03-01 00:00:00,month,,,missing,Madhya Pradesh,,3.0,,,,,,,,,,,,,,,
HIST_FL_005217,HIST_FL_005217,HISTORICAL,FLOOD,2023,3,2023-03-01 00:00:00,month,,,missing,Madhya Pradesh,,3.0,,,,,,,,,,,,,,,
HIST_FL_005218,HIST_FL_005218,HISTORICAL,FLOOD,2023,3,2023-03-01 00:00:00,month,,,missing,Madhya Pradesh,,3.0,,,,,,,,,,,,,,,
HIST_FL_005219,HIST_FL_005219,HISTORICAL,FLOOD,2023,3,2023-03-01 00:00:00,month,,,missing,Madhya Pradesh,,3.0,,,,,,,,,,,,,,,
HIST_FL_005220,HIST_FL_005220,HISTORICAL,FLOOD,2023,3,2023-03-01 00:00:00,month,,,missing,Madhya Pradesh,,3.0,,,,,,,,,,,,,,,
HIST_FL_005221,HIST_FL_005221,HISTORICAL,FLOOD,2023,3,2023-03-01 00:00:00,month,,,missing,Madhya Pradesh,,3.0,,,,,,,,,,,,,,,
HIST_FL_005222,HIST_FL_005222,HISTORICAL,FLOOD,2023,3,2023-03-01 00:00:00,month,,,missing,Madhya Pradesh,,3.0,,,,,,,,,,,,,,,
HIST_FL_005223,HIST_FL_005223,HISTORICAL,FLOOD,2023,3,2023-03-01 00:00:00,month,,,missing,Madhya Pradesh,,3.0,,,,,,,,,,,,,,,
HIST_FL_005224,HIST_FL_005224,HISTORICAL,FLOOD,2023,3,2023-03-01 00:00:00,month,,,missing,Madhya Pradesh,,3.0,,,,,,,,,,,,,,,
HIST_FL_005225,HIST_FL_005225,HISTORICAL,FLOOD,2023,3,2023-03-01 00:00:00,month,,,missing,Madhya Pradesh,,3.0,,,,,,,,,,,,,,,
HIST_FL_005226,HIST_FL_005226,HISTORICAL,FLOOD,2023,3,2023-03-01 00:00:00,month,,,missing,Madhya Pradesh,,3.0,,,,,,,,,,,,,,,
HIST_FL_005227,HIST_FL_005227,HISTORICAL,FLOOD,2023,3,2023-03-01 00:00:00,month,,,missing,Madhya Pradesh,,3.0,,,,,,,,,,,,,,,
HIST_FL_005228,HIST_FL_005228,HISTORICAL,FLOOD,2023,3,2023-03-01 00:00:00,month,,,missing,Madhya Pradesh,,3.0,,,,,,,,,,,,,,,
HIST_FL_005229,HIST_FL_005229,HISTORICAL,FLOOD,2023,3,2023-03-01 00:00:00,month,,,missing,Madhya Pradesh,,3.0,,,,,,,,,,,,,,,
HIST_FL_005230,HIST_FL_005230,HISTORICAL,FLOOD,2023,3,2023-03-01 00:00:00,month,,,missing,Madhya Pradesh,,3.0,,,,,,,,,,,,,,,
HIST_FL_005231,HIST_FL_005231,HISTORICAL,FLOOD,2023,3,2023-03-01 00:00:00,month,,,missing,Madhya Pradesh,,3.0,,,,,,,,,,,,,,,
HIST_FL_005232,HIST_FL_005232,HISTORICAL,FLOOD,2023,3,2023-03-01 00:00:00,month,,,missing,Madhya Pradesh,,3.0,,,,,,,,,,,,,,,
HIST_FL_005233,HIST_FL_005233,HISTORICAL,FLOOD,2023,3,2023-03-01 00:00:00,month,,,missing,Madhya Pradesh,,3.0,,,,,,,,,,,,,,,
HIST_FL_005234,HIST_FL_005234,HISTORICAL,FLOOD,2023,3,2023-03-01 00:00:00,month,,,missing,Madhya Pradesh,,3.0,,,,,,,,,,,,,,,
HIST_FL_005235,HIST_FL_005235,HISTORICAL,FLOOD,2023,3,2023-03-01 00:00:00,month,,,missing,Maharashtra,,4.0,,,,,,,,,,,,,,,
HIST_FL_005236,HIST_FL_005236,HISTORICAL,FLOOD,2023,3,2023-03-01 00:00:00,month,,,missing,Maharashtra,,4.0,,,,,,,,,,,,,,,
HIST_FL_005237,HIST_FL_005237,HISTORICAL,FLOOD,2023,3,2023-03-01 00:00:00,month,,,missing,Maharashtra,,4.0,,,,,,,,,,,,,,,
HIST_FL_005238,HIST_FL_005238,HISTORICAL,FLOOD,2023,3,2023-03-01 00:00:00,month,,,missing,Maharashtra,,4.0,,,,,,,,,,,,,,,
HIST_FL_005239,HIST_FL_005239,HISTORICAL,FLOOD,2023,3,2023-03-01 00:00:00,month,,,missing,Maharashtra,,4.0,,,,,,,,,,,,,,,
HIST_FL_005240,HIST_FL_005240,HISTORICAL,FLOOD,2023,3,2023-03-01 00:00:00,month,,,missing,Maharashtra,,4.0,,,,,,,,,,,,,,,
HIST_FL_005241,HIST_FL_005241,HISTORICAL,FLOOD,2023,3,2023-03-01 00:00:00,month,,,missing,Maharashtra,,1.0,,,,,,,,,,,,,,,
HIST_FL_005242,HIST_FL_005242,HISTORICAL,FLOOD,2023,3,2023-03-01 00:00:00,month,,,missing,Maharashtra,,1.0,,,,,,,,,,,,,,,
HIST_FL_005243,HIST_FL_005243,HISTORICAL,FLOOD,2023,3,2023-03-01 00:00:00,month,,,missing,Maharashtra,,1.0,,,,,,,,,,,,,,,
HIST_FL_005244,HIST_FL_005244,HISTORICAL,FLOOD,2023,3,2023-03-01 00:00:00,month,,,missing,Telangana,,2.0,,,,,,,,,,,,,,,
HIST_FL_005245,HIST_FL_005245,HISTORICAL,FLOOD,2023,3,2023-03-01 00:00:00,month,,,missing,Telangana,,2.0,,,,,,,,,,,,,,,
HIST_FL_005246,HIST_FL_005246,HISTORICAL,FLOOD,2023,3,2023-03-01 00:00:00,month,,,missing,Telangana,,2.0,,,,,,,,,,,,,,,
HIST_FL_005247,HIST_FL_005247,HISTORICAL,FLOOD,2023,3,2023-03-01 00:00:00,month,,,missing,Telangana,,2.0,,,,,,,,,,,,,,,
HIST_FL_005248,HIST_FL_005248,HISTORICAL,FLOOD,2023,3,2023-03-01 00:00:00,month,,,missing,Telangana,,2.0,,,,,,,,,,,,,,,
HIST_FL_005249,HIST_FL_005249,HISTORICAL,FLOOD,2023,3,2023-03-01 00:00:00,month,,,missing,Uttar Pradesh,,2.0,,5.0,,,,,,,,,,,,,
HIST_FL_005250,HIST_FL_005250,HISTORICAL,FLOOD,2023,4,2023-04-01 00:00:00,month,,,missing,Chhattisgarh,,1.0,,,,,,,,,,,,,,,
HIST_FL_005251,HIST_FL_005251,HISTORICAL,FLOOD,2023,4,2023-04-01 00:00:00,month,,,missing,Jammu and Kashmir,,1.0,,,,,,,,,,,,,,,
HIST_FL_005252,HIST_FL_005252,HISTORICAL,FLOOD,2023,4,2023-04-01 00:00:00,month,,,missing,Jammu and Kashmir,,1.0,,,,,,,,,,,,,,,
HIST_FL_005253,HIST_FL_005253,HISTORICAL,FLOOD,2023,4,2023-04-01 00:00:00,month,,,missing,Maharashtra,,1.0,,,,,,,,,,,,,,,
HIST_FL_005254,HIST_FL_005254,HISTORICAL,FLOOD,2023,4,2023-04-01 00:00:00,month,,,missing,Maharashtra,,1.0,,,,,,,,,,,,,,,
HIST_FL_005255,HIST_FL_005255,HISTORICAL,FLOOD,2023,4,2023-04-01 00:00:00,month,,,missing,Maharashtra,,1.0,,,,,,,,,,,,,,,
HIST_FL_005256,HIST_FL_005256,HISTORICAL,FLOOD,2023,4,2023-04-01 00:00:00,month,,,missing,Maharashtra,,1.0,,,,,,,,,,,,,,,
HIST_FL_005257,HIST_FL_005257,HISTORICAL,FLOOD,2023,4,2023-04-01 00:00:00,month,,,missing,Maharashtra,,1.0,,,,,,,,,,,,,,,
HIST_FL_005258,HIST_FL_005258,HISTORICAL,FLOOD,2023,4,2023-04-01 00:00:00,month,,,missing,Maharashtra,,1.0,,,,,,,,,,,,,,,
HIST_FL_005259,HIST_FL_005259,HISTORICAL,FLOOD,2023,4,2023-04-01 00:00:00,month,,,missing,Maharashtra,,1.0,,,,,,,,,,,,,,,
HIST_FL_005260,HIST_FL_005260,HISTORICAL,FLOOD,2023,4,2023-04-01 00:00:00,month,,,missing,Maharashtra,,1.0,,,,,,,,,,,,,,,
HIST_FL_005261,HIST_FL_005261,HISTORICAL,FLOOD,2023,4,2023-04-01 00:00:00,month,,,missing,Maharashtra,,1.0,,,,,,,,,,,,,,,
HIST_FL_005262,HIST_FL_005262,HISTORICAL,FLOOD,2023,4,2023-04-01 00:00:00,month,,,missing,Maharashtra,,1.0,,,,,,,,,,,,,,,
HIST_FL_005263,HIST_FL_005263,HISTORICAL,FLOOD,2023,4,2023-04-01 00:00:00,month,,,missing,Maharashtra,,1.0,,1.0,,,,,,,,,,,,,
HIST_FL_005264,HIST_FL_005264,HISTORICAL,FLOOD,2023,4,2023-04-01 00:00:00,month,,,missing,Maharashtra,,2.0,,,,,,,,,,,,,,,
HIST_FL_005265,HIST_FL_005265,HISTORICAL,FLOOD,2023,4,2023-04-01 00:00:00,month,,,missing,Maharashtra,,2.0,,,,,,,,,,,,,,,
HIST_FL_005266,HIST_FL_005266,HISTORICAL,FLOOD,2023,4,2023-04-01 00:00:00,month,,,missing,Maharashtra,,2.0,,,,,,,,,,,,,,,
HIST_FL_005267,HIST_FL_005267,HISTORICAL,FLOOD,2023,4,2023-04-01 00:00:00,month,,,missing,Maharashtra,,2.0,,,,,,,,,,,,,,,
HIST_FL_005268,HIST_FL_005268,HISTORICAL,FLOOD,2023,4,2023-04-01 00:00:00,month,,,missing,Maharashtra,,2.0,,,,,,,,,,,,,,,
HIST_FL_005269,HIST_FL_005269,HISTORICAL,FLOOD,2023,4,2023-04-01 00:00:00,month,,,missing,Maharashtra,,1.0,,,,,,,,,,,,,,,
HIST_FL_005270,HIST_FL_005270,HISTORICAL,FLOOD,2023,4,2023-04-01 00:00:00,month,,,missing,Maharashtra,,1.0,,1.0,,,,,,,,,,,,,
HIST_FL_005271,HIST_FL_005271,HISTORICAL,FLOOD,2023,4,2023-04-01 00:00:00,month,,,missing,Mizoram,,1.0,,,,,,,,,,,,,,,
HIST_FL_005272,HIST_FL_005272,HISTORICAL,FLOOD,2023,5,2023-05-01 00:00:00,month,,,missing,Jammu and Kashmir,,1.0,,2.0,,,,,,,,,,,,,
HIST_FL_005273,HIST_FL_005273,HISTORICAL,FLOOD,2023,5,2023-05-01 00:00:00,month,,,missing,Jammu and Kashmir,,1.0,,1.0,,,,,,,,,,,,,
HIST_FL_005274,HIST_FL_005274,HISTORICAL,FLOOD,2023,5,2023-05-01 00:00:00,month,,,missing,Jammu and Kashmir,,1.0,,4.0,,,,,,,,,,,,,
HIST_FL_005275,HIST_FL_005275,HISTORICAL,FLOOD,2023,5,2023-05-01 00:00:00,month,,,missing,Karnataka,,1.0,,2.0,,,,,,,,,,,,,
HIST_FL_005276,HIST_FL_005276,HISTORICAL,FLOOD,2023,5,2023-05-01 00:00:00,month,,,missing,Mizoram,,1.0,,8.0,,,,,,,,,,,,,
HIST_FL_005277,HIST_FL_005277,HISTORICAL,FLOOD,2023,5,2023-05-01 00:00:00,month,,,missing,Uttar Pradesh,,1.0,,,,,,,,,,,,,,,
HIST_FL_005278,HIST_FL_005278,HISTORICAL,FLOOD,2023,6,2023-06-01 00:00:00,month,,,missing,Arunachal Pradesh,,1.0,,,,,,,,,,,,,,,
HIST_FL_005279,HIST_FL_005279,HISTORICAL,FLOOD,2023,6,2023-06-01 00:00:00,month,,,missing,Arunachal Pradesh,,1.0,,,,,,,,,,,,,,,
HIST_FL_005280,HIST_FL_005280,HISTORICAL,FLOOD,2023,6,2023-06-01 00:00:00,month,,,missing,Arunachal Pradesh,,1.0,,,,,,,,,,,,,,,
HIST_FL_005281,HIST_FL_005281,HISTORICAL,FLOOD,2023,6,2023-06-01 00:00:00,month,,,missing,Arunachal Pradesh,,1.0,,,,,,,,,,,,,,,
HIST_FL_005282,HIST_FL_005282,HISTORICAL,FLOOD,2023,6,2023-06-01 00:00:00,month,,,missing,Arunachal Pradesh,,2.0,,,,,,,,,,,,,,,
HIST_FL_005283,HIST_FL_005283,HISTORICAL,FLOOD,2023,6,2023-06-01 00:00:00,month,,,missing,Arunachal Pradesh,,2.0,,,,,,,,,,,,,,,
HIST_FL_005284,HIST_FL_005284,HISTORICAL,FLOOD,2023,6,2023-06-01 00:00:00,month,,,missing,Arunachal Pradesh,,1.0,,,,,,,,,,,,,,,
HIST_FL_005285,HIST_FL_005285,HISTORICAL,FLOOD,2023,6,2023-06-01 00:00:00,month,,,missing,Arunachal Pradesh,,1.0,,,,,,,,,,,,,,,
HIST_FL_005286,HIST_FL_005286,HISTORICAL,FLOOD,2023,6,2023-06-01 00:00:00,month,,,missing,Arunachal Pradesh,,1.0,,4.0,,,,,,,,,,,,,
HIST_FL_005287,HIST_FL_005287,HISTORICAL,FLOOD,2023,6,2023-06-01 00:00:00,month,,,missing,Arunachal Pradesh,,1.0,,4.0,,,,,,,,,,,,,
HIST_FL_005288,HIST_FL_005288,HISTORICAL,FLOOD,2023,6,2023-06-01 00:00:00,month,,,missing,Arunachal Pradesh,,2.0,,,,,,,,,,,,,,,
HIST_FL_005289,HIST_FL_005289,HISTORICAL,FLOOD,2023,6,2023-06-01 00:00:00,month,,,missing,Assam,,1.0,,1.0,,,,,,,,,,,,,
HIST_FL_005290,HIST_FL_005290,HISTORICAL,FLOOD,2023,6,2023-06-01 00:00:00,month,,,missing,Assam,,1.0,,,,,,,,,,,,,,,
HIST_FL_005291,HIST_FL_005291,HISTORICAL,FLOOD,2023,6,2023-06-01 00:00:00,month,,,missing,Assam,,1.0,,,,,,,,,,,,,,,
HIST_FL_005292,HIST_FL_005292,HISTORICAL,FLOOD,2023,6,2023-06-01 00:00:00,month,,,missing,Assam,,1.0,,,,,,,,,,,,,,,
HIST_FL_005293,HIST_FL_005293,HISTORICAL,FLOOD,2023,6,2023-06-01 00:00:00,month,,,missing,Assam,,1.0,,,,,,,,,,,,,,,
HIST_FL_005294,HIST_FL_005294,HISTORICAL,FLOOD,2023,6,2023-06-01 00:00:00,month,,,missing,Assam,,1.0,,,,,,,,,,,,,,,
HIST_FL_005295,HIST_FL_005295,HISTORICAL,FLOOD,2023,6,2023-06-01 00:00:00,month,,,missing,Assam,,1.0,,,,,,,,,,,,,,,
HIST_FL_005296,HIST_FL_005296,HISTORICAL,FLOOD,2023,6,2023-06-01 00:00:00,month,,,missing,Assam,,1.0,,,,,,,,,,,,,,,
HIST_FL_005297,HIST_FL_005297,HISTORICAL,FLOOD,2023,6,2023-06-01 00:00:00,month,,,missing,Assam,,1.0,,,,,,,,,,,,,,,
HIST_FL_005298,HIST_FL_005298,HISTORICAL,FLOOD,2023,6,2023-06-01 00:00:00,month,,,missing,Assam,,1.0,,,,,,,,,,,,,,,
HIST_FL_005299,HIST_FL_005299,HISTORICAL,FLOOD,2023,6,2023-06-01 00:00:00,month,,,missing,Assam,,1.0,,,,,,,,,,,,,,,
HIST_FL_005300,HIST_FL_005300,HISTORICAL,FLOOD,2023,6,2023-06-01 00:00:00,month,,,missing,Assam,,1.0,,,,,,,,,,,,,,,
HIST_FL_005301,HIST_FL_005301,HISTORICAL,FLOOD,2023,6,2023-06-01 00:00:00,month,,,missing,Assam,,1.0,,,,,,,,,,,,,,,
HIST_FL_005302,HIST_FL_005302,HISTORICAL,FLOOD,2023,6,2023-06-01 00:00:00,month,,,missing,Assam,,1.0,,,,,,,,,,,,,,,
HIST_FL_005303,HIST_FL_005303,HISTORICAL,FLOOD,2023,6,2023-06-01 00:00:00,month,,,missing,Assam,,1.0,,,,,,,,,,,,,,,
HIST_FL_005304,HIST_FL_005304,HISTORICAL,FLOOD,2023,6,2023-06-01 00:00:00,month,,,missing,Assam,,1.0,,,,,,,,,,,,,,,
HIST_FL_005305,HIST_FL_005305,HISTORICAL,FLOOD,2023,6,2023-06-01 00:00:00,month,,,missing,Assam,,1.0,,,,,,,,,,,,,,,
HIST_FL_005306,HIST_FL_005306,HISTORICAL,FLOOD,2023,6,2023-06-01 00:00:00,month,,,missing,Assam,,1.0,,,,,,,,,,,,,,,
HIST_FL_005307,HIST_FL_005307,HISTORICAL,FLOOD,2023,6,2023-06-01 00:00:00,month,,,missing,Assam,,1.0,,,,,,,,,,,,,,,
HIST_FL_005308,HIST_FL_005308,HISTORICAL,FLOOD,2023,6,2023-06-01 00:00:00,month,,,missing,Assam,,1.0,,,,,,,,,,,,,,,
HIST_FL_005309,HIST_FL_005309,HISTORICAL,FLOOD,2023,6,2023-06-01 00:00:00,month,,,missing,Assam,,1.0,,,,,,,,,,,,,,,
HIST_FL_005310,HIST_FL_005310,HISTORICAL,FLOOD,2023,6,2023-06-01 00:00:00,month,,,missing,Assam,,1.0,,,,,,,,,,,,,,,
HIST_FL_005311,HIST_FL_005311,HISTORICAL,FLOOD,2023,6,2023-06-01 00:00:00,month,,,missing,Assam,,1.0,,1.0,,,,,,,,,,,,,
HIST_FL_005312,HIST_FL_005312,HISTORICAL,FLOOD,2023,6,2023-06-01 00:00:00,month,,,missing,Assam,,1.0,,,,,,,,,,,,,,,
HIST_FL_005313,HIST_FL_005313,HISTORICAL,FLOOD,2023,6,2023-06-01 00:00:00,month,,,missing,Assam,,1.0,,,,,,,,,,,,,,,
HIST_FL_005314,HIST_FL_005314,HISTORICAL,FLOOD,2023,6,2023-06-01 00:00:00,month,,,missing,Assam,,1.0,,,,,,,,,,,,,,,
HIST_FL_005315,HIST_FL_005315,HISTORICAL,FLOOD,2023,6,2023-06-01 00:00:00,month,,,missing,Assam,,1.0,,,,,,,,,,,,,,,
HIST_FL_005316,HIST_FL_005316,HISTORICAL,FLOOD,2023,6,2023-06-01 00:00:00,month,,,missing,Assam,,1.0,,,,,,,,,,,,,,,
HIST_FL_005317,HIST_FL_005317,HISTORICAL,FLOOD,2023,6,2023-06-01 00:00:00,month,,,missing,Assam,,1.0,,,,,,,,,,,,,,,
HIST_FL_005318,HIST_FL_005318,HISTORICAL,FLOOD,2023,6,2023-06-01 00:00:00,month,,,missing,Assam,,1.0,,,,,,,,,,,,,,,
HIST_FL_005319,HIST_FL_005319,HISTORICAL,FLOOD,2023,6,2023-06-01 00:00:00,month,,,missing,Assam,,1.0,,,,,,,,,,,,,,,
HIST_FL_005320,HIST_FL_005320,HISTORICAL,FLOOD,2023,6,2023-06-01 00:00:00,month,,,missing,Assam,,1.0,,,,,,,,,,,,,,,
HIST_FL_005321,HIST_FL_005321,HISTORICAL,FLOOD,2023,6,2023-06-01 00:00:00,month,,,missing,Assam,,1.0,,,,,,,,,,,,,,,
HIST_FL_005322,HIST_FL_005322,HISTORICAL,FLOOD,2023,6,2023-06-01 00:00:00,month,,,missing,Assam,,1.0,,,,,,,,,,,,,,,
HIST_FL_005323,HIST_FL_005323,HISTORICAL,FLOOD,2023,6,2023-06-01 00:00:00,month,,,missing,Assam,,1.0,,,,,,,,,,,,,,,
HIST_FL_005324,HIST_FL_005324,HISTORICAL,FLOOD,2023,6,2023-06-01 00:00:00,month,,,missing,Assam,,1.0,,,,,,,,,,,,,,,
HIST_FL_005325,HIST_FL_005325,HISTORICAL,FLOOD,2023,6,2023-06-01 00:00:00,month,,,missing,Assam,,1.0,,,,,,,,,,,,,,,
HIST_FL_005326,HIST_FL_005326,HISTORICAL,FLOOD,2023,6,2023-06-01 00:00:00,month,,,missing,Assam,,1.0,,,,,,,,,,,,,,,
HIST_FL_005327,HIST_FL_005327,HISTORICAL,FLOOD,2023,6,2023-06-01 00:00:00,month,,,missing,Assam,,1.0,,,,,,,,,,,,,,,
HIST_FL_005328,HIST_FL_005328,HISTORICAL,FLOOD,2023,6,2023-06-01 00:00:00,month,,,missing,Assam,,1.0,,1.0,,,,,,,,,,,,,
HIST_FL_005329,HIST_FL_005329,HISTORICAL,FLOOD,2023,6,2023-06-01 00:00:00,month,,,missing,Assam,,1.0,,,,,,,,,,,,,,,
HIST_FL_005330,HIST_FL_005330,HISTORICAL,FLOOD,2023,6,2023-06-01 00:00:00,month,,,missing,Assam,,1.0,,,,,,,,,,,,,,,
HIST_FL_005331,HIST_FL_005331,HISTORICAL,FLOOD,2023,6,2023-06-01 00:00:00,month,,,missing,Assam,,1.0,,,,,,,,,,,,,,,
HIST_FL_005332,HIST_FL_005332,HISTORICAL,FLOOD,2023,6,2023-06-01 00:00:00,month,,,missing,Assam,,1.0,,,,,,,,,,,,,,,
HIST_FL_005333,HIST_FL_005333,HISTORICAL,FLOOD,2023,6,2023-06-01 00:00:00,month,,,missing,Assam,,1.0,,,,,,,,,,,,,,,
HIST_FL_005334,HIST_FL_005334,HISTORICAL,FLOOD,2023,6,2023-06-01 00:00:00,month,,,missing,Assam,,1.0,,,,,,,,,,,,,,,
HIST_FL_005335,HIST_FL_005335,HISTORICAL,FLOOD,2023,6,2023-06-01 00:00:00,month,,,missing,Assam,,1.0,,,,,,,,,,,,,,,
HIST_FL_005336,HIST_FL_005336,HISTORICAL,FLOOD,2023,6,2023-06-01 00:00:00,month,,,missing,Assam,,1.0,,,,,,,,,,,,,,,
HIST_FL_005337,HIST_FL_005337,HISTORICAL,FLOOD,2023,6,2023-06-01 00:00:00,month,,,missing,Assam,,1.0,,,,,,,,,,,,,,,
HIST_FL_005338,HIST_FL_005338,HISTORICAL,FLOOD,2023,6,2023-06-01 00:00:00,month,,,missing,Assam,,1.0,,,,,,,,,,,,,,,
HIST_FL_005339,HIST_FL_005339,HISTORICAL,FLOOD,2023,6,2023-06-01 00:00:00,month,,,missing,Assam,,1.0,,,,,,,,,,,,,,,
HIST_FL_005340,HIST_FL_005340,HISTORICAL,FLOOD,2023,6,2023-06-01 00:00:00,month,,,missing,Assam,,1.0,,,,,,,,,,,,,,,
HIST_FL_005341,HIST_FL_005341,HISTORICAL,FLOOD,2023,6,2023-06-01 00:00:00,month,,,missing,Assam,,1.0,,,,,,,,,,,,,,,
HIST_FL_005342,HIST_FL_005342,HISTORICAL,FLOOD,2023,6,2023-06-01 00:00:00,month,,,missing,Assam,,1.0,,,,,,,,,,,,,,,
HIST_FL_005343,HIST_FL_005343,HISTORICAL,FLOOD,2023,6,2023-06-01 00:00:00,month,,,missing,Assam,,1.0,,,,,,,,,,,,,,,
HIST_FL_005344,HIST_FL_005344,HISTORICAL,FLOOD,2023,6,2023-06-01 00:00:00,month,,,missing,Assam,,1.0,,1.0,,,,,,,,,,,,,
HIST_FL_005345,HIST_FL_005345,HISTORICAL,FLOOD,2023,6,2023-06-01 00:00:00,month,,,missing,Assam,,1.0,,,,,,,,,,,,,,,
HIST_FL_005346,HIST_FL_005346,HISTORICAL,FLOOD,2023,6,2023-06-01 00:00:00,month,,,missing,Assam,,1.0,,,,,,,,,,,,,,,
HIST_FL_005347,HIST_FL_005347,HISTORICAL,FLOOD,2023,6,2023-06-01 00:00:00,month,,,missing,Assam,,1.0,,,,,,,,,,,,,,,
HIST_FL_005348,HIST_FL_005348,HISTORICAL,FLOOD,2023,6,2023-06-01 00:00:00,month,,,missing,Assam,,1.0,,,,,,,,,,,,,,,
HIST_FL_005349,HIST_FL_005349,HISTORICAL,FLOOD,2023,6,2023-06-01 00:00:00,month,,,missing,Assam,,1.0,,,,,,,,,,,,,,,
HIST_FL_005350,HIST_FL_005350,HISTORICAL,FLOOD,2023,6,2023-06-01 00:00:00,month,,,missing,Assam,,1.0,,,,,,,,,,,,,,,
HIST_FL_005351,HIST_FL_005351,HISTORICAL,FLOOD,2023,6,2023-06-01 00:00:00,month,,,missing,Assam,,1.0,,,,,,,,,,,,,,,
HIST_FL_005352,HIST_FL_005352,HISTORICAL,FLOOD,2023,6,2023-06-01 00:00:00,month,,,missing,Assam,,1.0,,,,,,,,,,,,,,,
HIST_FL_005353,HIST_FL_005353,HISTORICAL,FLOOD,2023,6,2023-06-01 00:00:00,month,,,missing,Assam,,1.0,,,,,,,,,,,,,,,
HIST_FL_005354,HIST_FL_005354,HISTORICAL,FLOOD,2023,6,2023-06-01 00:00:00,month,,,missing,Assam,,1.0,,,,,,,,,,,,,,,
HIST_FL_005355,HIST_FL_005355,HISTORICAL,FLOOD,2023,6,2023-06-01 00:00:00,month,,,missing,Assam,,1.0,,,,,,,,,,,,,,,
HIST_FL_005356,HIST_FL_005356,HISTORICAL,FLOOD,2023,6,2023-06-01 00:00:00,month,,,missing,Assam,,1.0,,,,,,,,,,,,,,,
HIST_FL_005357,HIST_FL_005357,HISTORICAL,FLOOD,2023,6,2023-06-01 00:00:00,month,,,missing,Assam,,1.0,,,,,,,,,,,,,,,
HIST_FL_005358,HIST_FL_005358,HISTORICAL,FLOOD,2023,6,2023-06-01 00:00:00,month,,,missing,Assam,,1.0,,,,,,,,,,,,,,,
HIST_FL_005359,HIST_FL_005359,HISTORICAL,FLOOD,2023,6,2023-06-01 00:00:00,month,,,missing,Assam,,1.0,,,,,,,,,,,,,,,
HIST_FL_005360,HIST_FL_005360,HISTORICAL,FLOOD,2023,6,2023-06-01 00:00:00,month,,,missing,Assam,,1.0,,,,,,,,,,,,,,,
HIST_FL_005361,HIST_FL_005361,HISTORICAL,FLOOD,2023,6,2023-06-01 00:00:00,month,,,missing,Assam,,1.0,,,,,,,,,,,,,,,
HIST_FL_005362,HIST_FL_005362,HISTORICAL,FLOOD,2023,6,2023-06-01 00:00:00,month,,,missing,Assam,,1.0,,,,,,,,,,,,,,,
HIST_FL_005363,HIST_FL_005363,HISTORICAL,FLOOD,2023,6,2023-06-01 00:00:00,month,,,missing,Assam,,1.0,,2.0,,,,,,,,,,,,,
HIST_FL_005364,HIST_FL_005364,HISTORICAL,FLOOD,2023,6,2023-06-01 00:00:00,month,,,missing,Assam,,1.0,,,,,,,,,,,,,,,
HIST_FL_005365,HIST_FL_005365,HISTORICAL,FLOOD,2023,6,2023-06-01 00:00:00,month,,,missing,Assam,,1.0,,,,,,,,,,,,,,,
HIST_FL_005366,HIST_FL_005366,HISTORICAL,FLOOD,2023,6,2023-06-01 00:00:00,month,,,missing,Assam,,1.0,,,,,,,,,,,,,,,
HIST_FL_005367,HIST_FL_005367,HISTORICAL,FLOOD,2023,6,2023-06-01 00:00:00,month,,,missing,Assam,,1.0,,,,,,,,,,,,,,,
HIST_FL_005368,HIST_FL_005368,HISTORICAL,FLOOD,2023,6,2023-06-01 00:00:00,month,,,missing,Assam,,1.0,,,,,,,,,,,,,,,
HIST_FL_005369,HIST_FL_005369,HISTORICAL,FLOOD,2023,6,2023-06-01 00:00:00,month,,,missing,Assam,,1.0,,,,,,,,,,,,,,,
HIST_FL_005370,HIST_FL_005370,HISTORICAL,FLOOD,2023,6,2023-06-01 00:00:00,month,,,missing,Assam,,1.0,,,,,,,,,,,,,,,
HIST_FL_005371,HIST_FL_005371,HISTORICAL,FLOOD,2023,6,2023-06-01 00:00:00,month,,,missing,Assam,,1.0,,,,,,,,,,,,,,,
HIST_FL_005372,HIST_FL_005372,HISTORICAL,FLOOD,2023,6,2023-06-01 00:00:00,month,,,missing,Assam,,1.0,,,,,,,,,,,,,,,
HIST_FL_005373,HIST_FL_005373,HISTORICAL,FLOOD,2023,6,2023-06-01 00:00:00,month,,,missing,Assam,,1.0,,,,,,,,,,,,,,,
HIST_FL_005374,HIST_FL_005374,HISTORICAL,FLOOD,2023,6,2023-06-01 00:00:00,month,,,missing,Assam,,1.0,,1.0,,,,,,,,,,,,,
HIST_FL_005375,HIST_FL_005375,HISTORICAL,FLOOD,2023,6,2023-06-01 00:00:00,month,,,missing,Assam,,1.0,,,,,,,,,,,,,,,
HIST_FL_005376,HIST_FL_005376,HISTORICAL,FLOOD,2023,6,2023-06-01 00:00:00,month,,,missing,Assam,,1.0,,,,,,,,,,,,,,,
HIST_FL_005377,HIST_FL_005377,HISTORICAL,FLOOD,2023,6,2023-06-01 00:00:00,month,,,missing,Assam,,1.0,,,,,,,,,,,,,,,
HIST_FL_005378,HIST_FL_005378,HISTORICAL,FLOOD,2023,6,2023-06-01 00:00:00,month,,,missing,Assam,,1.0,,,,,,,,,,,,,,,
HIST_FL_005379,HIST_FL_005379,HISTORICAL,FLOOD,2023,6,2023-06-01 00:00:00,month,,,missing,Assam,,1.0,,,,,,,,,,,,,,,
HIST_FL_005380,HIST_FL_005380,HISTORICAL,FLOOD,2023,6,2023-06-01 00:00:00,month,,,missing,Assam,,1.0,,,,,,,,,,,,,,,
HIST_FL_005381,HIST_FL_005381,HISTORICAL,FLOOD,2023,6,2023-06-01 00:00:00,month,,,missing,Assam,,1.0,,,,,,,,,,,,,,,
HIST_FL_005382,HIST_FL_005382,HISTORICAL,FLOOD,2023,6,2023-06-01 00:00:00,month,,,missing,Assam,,1.0,,,,,,,,,,,,,,,
HIST_FL_005383,HIST_FL_005383,HISTORICAL,FLOOD,2023,6,2023-06-01 00:00:00,month,,,missing,Assam,,1.0,,,,,,,,,,,,,,,
HIST_FL_005384,HIST_FL_005384,HISTORICAL,FLOOD,2023,6,2023-06-01 00:00:00,month,,,missing,Assam,,1.0,,,,,,,,,,,,,,,
HIST_FL_005385,HIST_FL_005385,HISTORICAL,FLOOD,2023,6,2023-06-01 00:00:00,month,,,missing,Assam,,1.0,,,,,,,,,,,,,,,
HIST_FL_005386,HIST_FL_005386,HISTORICAL,FLOOD,2023,6,2023-06-01 00:00:00,month,,,missing,Assam,,1.0,,,,,,,,,,,,,,,
HIST_FL_005387,HIST_FL_005387,HISTORICAL,FLOOD,2023,6,2023-06-01 00:00:00,month,,,missing,Assam,,1.0,,,,,,,,,,,,,,,
HIST_FL_005388,HIST_FL_005388,HISTORICAL,FLOOD,2023,6,2023-06-01 00:00:00,month,,,missing,Assam,,1.0,,1.0,,,,,,,,,,,,,
HIST_FL_005389,HIST_FL_005389,HISTORICAL,FLOOD,2023,6,2023-06-01 00:00:00,month,,,missing,Assam,,1.0,,,,,,,,,,,,,,,
HIST_FL_005390,HIST_FL_005390,HISTORICAL,FLOOD,2023,6,2023-06-01 00:00:00,month,,,missing,Assam,,1.0,,,,,,,,,,,,,,,
HIST_FL_005391,HIST_FL_005391,HISTORICAL,FLOOD,2023,6,2023-06-01 00:00:00,month,,,missing,Assam,,1.0,,,,,,,,,,,,,,,
HIST_FL_005392,HIST_FL_005392,HISTORICAL,FLOOD,2023,6,2023-06-01 00:00:00,month,,,missing,Assam,,1.0,,,,,,,,,,,,,,,
HIST_FL_005393,HIST_FL_005393,HISTORICAL,FLOOD,2023,6,2023-06-01 00:00:00,month,,,missing,Assam,,1.0,,,,,,,,,,,,,,,
HIST_FL_005394,HIST_FL_005394,HISTORICAL,FLOOD,2023,6,2023-06-01 00:00:00,month,,,missing,Assam,,1.0,,,,,,,,,,,,,,,
HIST_FL_005395,HIST_FL_005395,HISTORICAL,FLOOD,2023,6,2023-06-01 00:00:00,month,,,missing,Chhattisgarh,,1.0,,1.0,,,,,,,,,,,,,
HIST_FL_005396,HIST_FL_005396,HISTORICAL,FLOOD,2023,6,2023-06-01 00:00:00,month,,,missing,Haryana,,1.0,,,,,,,,,,,,,,,
HIST_FL_005397,HIST_FL_005397,HISTORICAL,FLOOD,2023,6,2023-06-01 00:00:00,month,,,missing,Himachal Pradesh,,2.0,,1.0,,,,,,,,,,,,,
HIST_FL_005398,HIST_FL_005398,HISTORICAL,FLOOD,2023,6,2023-06-01 00:00:00,month,,,missing,Himachal Pradesh,,2.0,,,,,,,,,,,,,,,
HIST_FL_005399,HIST_FL_005399,HISTORICAL,FLOOD,2023,6,2023-06-01 00:00:00,month,,,missing,Himachal Pradesh,,2.0,,,,,,,,,,,,,,,
HIST_FL_005400,HIST_FL_005400,HISTORICAL,FLOOD,2023,6,2023-06-01 00:00:00,month,,,missing,Himachal Pradesh,,2.0,,,,,,,,,,,,,,,
HIST_FL_005401,HIST_FL_005401,HISTORICAL,FLOOD,2023,6,2023-06-01 00:00:00,month,,,missing,Himachal Pradesh,,2.0,,1.0,,,,,,,,,,,,,
HIST_FL_005402,HIST_FL_005402,HISTORICAL,FLOOD,2023,6,2023-06-01 00:00:00,month,,,missing,Himachal Pradesh,,2.0,,,,,,,,,,,,,,,
HIST_FL_005403,HIST_FL_005403,HISTORICAL,FLOOD,2023,6,2023-06-01 00:00:00,month,,,missing,Himachal Pradesh,,2.0,,,,,,,,,,,,,,,
HIST_FL_005404,HIST_FL_005404,HISTORICAL,FLOOD,2023,6,2023-06-01 00:00:00,month,,,missing,Himachal Pradesh,,2.0,,4.0,,,,,,,,,,,,,
HIST_FL_005405,HIST_FL_005405,HISTORICAL,FLOOD,2023,6,2023-06-01 00:00:00,month,,,missing,Jammu and Kashmir,,1.0,,,,,,,,,,,,,,,
HIST_FL_005406,HIST_FL_005406,HISTORICAL,FLOOD,2023,6,2023-06-01 00:00:00,month,,,missing,Jammu and Kashmir,,1.0,,,,,,,,,,,,,,,
HIST_FL_005407,HIST_FL_005407,HISTORICAL,FLOOD,2023,6,2023-06-01 00:00:00,month,,,missing,Maharashtra,,1.0,,,,,,,,,,,,,,,
HIST_FL_005408,HIST_FL_005408,HISTORICAL,FLOOD,2023,6,2023-06-01 00:00:00,month,,,missing,Maharashtra,,2.0,,,,,,,,,,,,,,,
HIST_FL_005409,HIST_FL_005409,HISTORICAL,FLOOD,2023,6,2023-06-01 00:00:00,month,,,missing,Maharashtra,,2.0,,,,,,,,,,,,,,,
HIST_FL_005410,HIST_FL_005410,HISTORICAL,FLOOD,2023,6,2023-06-01 00:00:00,month,,,missing,Maharashtra,,1.0,,2.0,,,,,,,,,,,,,
HIST_FL_005411,HIST_FL_005411,HISTORICAL,FLOOD,2023,6,2023-06-01 00:00:00,month,,,missing,Maharashtra,,1.0,,2.0,,,,,,,,,,,,,
HIST_FL_005412,HIST_FL_005412,HISTORICAL,FLOOD,2023,6,2023-06-01 00:00:00,month,,,missing,Maharashtra,,1.0,,1.0,,,,,,,,,,,,,
HIST_FL_005413,HIST_FL_005413,HISTORICAL,FLOOD,2023,6,2023-06-01 00:00:00,month,,,missing,Maharashtra,,1.0,,1.0,,,,,,,,,,,,,
HIST_FL_005414,HIST_FL_005414,HISTORICAL,FLOOD,2023,6,2023-06-01 00:00:00,month,,,missing,Maharashtra,,1.0,,1.0,,,,,,,,,,,,,
HIST_FL_005415,HIST_FL_005415,HISTORICAL,FLOOD,2023,6,2023-06-01 00:00:00,month,,,missing,Meghalaya,,1.0,,2.0,,,,,,,,,,,,,
HIST_FL_005416,HIST_FL_005416,HISTORICAL,FLOOD,2023,6,2023-06-01 00:00:00,month,,,missing,Meghalaya,,10.0,,,,,,,,,,,,,,,
HIST_FL_005417,HIST_FL_005417,HISTORICAL,FLOOD,2023,6,2023-06-01 00:00:00,month,,,missing,Meghalaya,,10.0,,,,,,,,,,,,,,,
HIST_FL_005418,HIST_FL_005418,HISTORICAL,FLOOD,2023,6,2023-06-01 00:00:00,month,,,missing,Meghalaya,,10.0,,,,,,,,,,,,,,,
HIST_FL_005419,HIST_FL_005419,HISTORICAL,FLOOD,2023,6,2023-06-01 00:00:00,month,,,missing,Meghalaya,,10.0,,,,,,,,,,,,,,,
HIST_FL_005420,HIST_FL_005420,HISTORICAL,FLOOD,2023,6,2023-06-01 00:00:00,month,,,missing,Meghalaya,,10.0,,,,,,,,,,,,,,,
HIST_FL_005421,HIST_FL_005421,HISTORICAL,FLOOD,2023,6,2023-06-01 00:00:00,month,,,missing,Meghalaya,,10.0,,,,,,,,,,,,,,,
HIST_FL_005422,HIST_FL_005422,HISTORICAL,FLOOD,2023,6,2023-06-01 00:00:00,month,,,missing,Meghalaya,,10.0,,,,,,,,,,,,,,,
HIST_FL_005423,HIST_FL_005423,HISTORICAL,FLOOD,2023,6,2023-06-01 00:00:00,month,,,missing,Meghalaya,,1.0,,1.0,,,,,,,,,,,,,
HIST_FL_005424,HIST_FL_005424,HISTORICAL,FLOOD,2023,6,2023-06-01 00:00:00,month,,,missing,Meghalaya,,1.0,,1.0,,,,,,,,,,,,,
HIST_FL_005425,HIST_FL_005425,HISTORICAL,FLOOD,2023,6,2023-06-01 00:00:00,month,,,missing,Meghalaya,,1.0,,2.0,,,,,,,,,,,,,
HIST_FL_005426,HIST_FL_005426,HISTORICAL,FLOOD,2023,6,2023-06-01 00:00:00,month,,,missing,Meghalaya,,1.0,,3.0,,,,,,,,,,,,,
HIST_FL_005427,HIST_FL_005427,HISTORICAL,FLOOD,2023,6,2023-06-01 00:00:00,month,,,missing,Rajasthan,,1.0,,1.0,,,,,,,,,,,,,
HIST_FL_005428,HIST_FL_005428,HISTORICAL,FLOOD,2023,6,2023-06-01 00:00:00,month,,,missing,Rajasthan,,1.0,,3.0,,,,,,,,,,,,,
HIST_FL_005429,HIST_FL_005429,HISTORICAL,FLOOD,2023,6,2023-06-01 00:00:00,month,,,missing,Rajasthan,,1.0,,1.0,,,,,,,,,,,,,
HIST_FL_005430,HIST_FL_005430,HISTORICAL,FLOOD,2023,6,2023-06-01 00:00:00,month,,,missing,Rajasthan,,1.0,,1.0,,,,,,,,,,,,,
HIST_FL_005431,HIST_FL_005431,HISTORICAL,FLOOD,2023,6,2023-06-01 00:00:00,month,,,missing,Rajasthan,,1.0,,1.0,,,,,,,,,,,,,
HIST_FL_005432,HIST_FL_005432,HISTORICAL,FLOOD,2023,6,2023-06-01 00:00:00,month,,,missing,Rajasthan,,1.0,,4.0,,,,,,,,,,,,,
HIST_FL_005433,HIST_FL_005433,HISTORICAL,FLOOD,2023,6,2023-06-01 00:00:00,month,,,missing,Rajasthan,,1.0,,9.0,,,,,,,,,,,,,
HIST_FL_005434,HIST_FL_005434,HISTORICAL,FLOOD,2023,6,2023-06-01 00:00:00,month,,,missing,Rajasthan,,1.0,,1.0,,,,,,,,,,,,,
HIST_FL_005435,HIST_FL_005435,HISTORICAL,FLOOD,2023,6,2023-06-01 00:00:00,month,,,missing,Rajasthan,,1.0,,2.0,,,,,,,,,,,,,
HIST_FL_005436,HIST_FL_005436,HISTORICAL,FLOOD,2023,6,2023-06-01 00:00:00,month,,,missing,Rajasthan,,1.0,,3.0,,,,,,,,,,,,,
HIST_FL_005437,HIST_FL_005437,HISTORICAL,FLOOD,2023,6,2023-06-01 00:00:00,month,,,missing,Rajasthan,,1.0,,1.0,,,,,,,,,,,,,
HIST_FL_005438,HIST_FL_005438,HISTORICAL,FLOOD,2023,6,2023-06-01 00:00:00,month,,,missing,Sikkim,,1.0,,1.0,,,,,,,,,,,,,
HIST_FL_005439,HIST_FL_005439,HISTORICAL,FLOOD,2023,6,2023-06-01 00:00:00,month,,,missing,Sikkim,,1.0,,,,,,,,,,,,,,,
HIST_FL_005440,HIST_FL_005440,HISTORICAL,FLOOD,2023,6,2023-06-01 00:00:00,month,,,missing,Sikkim,,1.0,,,,,,,,,,,,,,,
HIST_FL_005441,HIST_FL_005441,HISTORICAL,FLOOD,2023,6,2023-06-01 00:00:00,month,,,missing,Uttarakhand,,1.0,,1.0,,,,,,,,,,,,,
HIST_FL_005442,HIST_FL_005442,HISTORICAL,FLOOD,2023,6,2023-06-01 00:00:00,month,,,missing,Uttarakhand,,1.0,,1.0,,,,,,,,,,,,,
HIST_FL_005443,HIST_FL_005443,HISTORICAL,FLOOD,2023,7,2023-07-01 00:00:00,month,,,missing,Assam,,1.0,,,,,,,,,,,,,,,
HIST_FL_005444,HIST_FL_005444,HISTORICAL,FLOOD,2023,7,2023-07-01 00:00:00,month,,,missing,Assam,,1.0,,,,,,,,,,,,,,,
HIST_FL_005445,HIST_FL_005445,HISTORICAL,FLOOD,2023,7,2023-07-01 00:00:00,month,,,missing,Assam,,1.0,,,,,,,,,,,,,,,
HIST_FL_005446,HIST_FL_005446,HISTORICAL,FLOOD,2023,7,2023-07-01 00:00:00,month,,,missing,Assam,,1.0,,,,,,,,,,,,,,,
HIST_FL_005447,HIST_FL_005447,HISTORICAL,FLOOD,2023,7,2023-07-01 00:00:00,month,,,missing,Assam,,1.0,,,,,,,,,,,,,,,
HIST_FL_005448,HIST_FL_005448,HISTORICAL,FLOOD,2023,7,2023-07-01 00:00:00,month,,,missing,Assam,,1.0,,,,,,,,,,,,,,,
HIST_FL_005449,HIST_FL_005449,HISTORICAL,FLOOD,2023,7,2023-07-01 00:00:00,month,,,missing,Assam,,1.0,,,,,,,,,,,,,,,
HIST_FL_005450,HIST_FL_005450,HISTORICAL,FLOOD,2023,7,2023-07-01 00:00:00,month,,,missing,Assam,,1.0,,,,,,,,,,,,,,,
HIST_FL_005451,HIST_FL_005451,HISTORICAL,FLOOD,2023,7,2023-07-01 00:00:00,month,,,missing,Assam,,1.0,,,,,,,,,,,,,,,
HIST_FL_005452,HIST_FL_005452,HISTORICAL,FLOOD,2023,7,2023-07-01 00:00:00,month,,,missing,Assam,,1.0,,,,,,,,,,,,,,,
HIST_FL_005453,HIST_FL_005453,HISTORICAL,FLOOD,2023,7,2023-07-01 00:00:00,month,,,missing,Assam,,1.0,,,,,,,,,,,,,,,
HIST_FL_005454,HIST_FL_005454,HISTORICAL,FLOOD,2023,7,2023-07-01 00:00:00,month,,,missing,Assam,,1.0,,,,,,,,,,,,,,,
HIST_FL_005455,HIST_FL_005455,HISTORICAL,FLOOD,2023,7,2023-07-01 00:00:00,month,,,missing,Assam,,1.0,,,,,,,,,,,,,,,
HIST_FL_005456,HIST_FL_005456,HISTORICAL,FLOOD,2023,7,2023-07-01 00:00:00,month,,,missing,Assam,,1.0,,,,,,,,,,,,,,,
HIST_FL_005457,HIST_FL_005457,HISTORICAL,FLOOD,2023,7,2023-07-01 00:00:00,month,,,missing,Assam,,1.0,,,,,,,,,,,,,,,
HIST_FL_005458,HIST_FL_005458,HISTORICAL,FLOOD,2023,7,2023-07-01 00:00:00,month,,,missing,Assam,,1.0,,,,,,,,,,,,,,,
HIST_FL_005459,HIST_FL_005459,HISTORICAL,FLOOD,2023,7,2023-07-01 00:00:00,month,,,missing,Assam,,1.0,,,,,,,,,,,,,,,
HIST_FL_005460,HIST_FL_005460,HISTORICAL,FLOOD,2023,7,2023-07-01 00:00:00,month,,,missing,Assam,,1.0,,,,,,,,,,,,,,,
HIST_FL_005461,HIST_FL_005461,HISTORICAL,FLOOD,2023,7,2023-07-01 00:00:00,month,,,missing,Assam,,1.0,,,,,,,,,,,,,,,
HIST_FL_005462,HIST_FL_005462,HISTORICAL,FLOOD,2023,7,2023-07-01 00:00:00,month,,,missing,Assam,,1.0,,,,,,,,,,,,,,,
HIST_FL_005463,HIST_FL_005463,HISTORICAL,FLOOD,2023,7,2023-07-01 00:00:00,month,,,missing,Assam,,1.0,,,,,,,,,,,,,,,
HIST_FL_005464,HIST_FL_005464,HISTORICAL,FLOOD,2023,7,2023-07-01 00:00:00,month,,,missing,Assam,,1.0,,1.0,,,,,,,,,,,,,
HIST_FL_005465,HIST_FL_005465,HISTORICAL,FLOOD,2023,7,2023-07-01 00:00:00,month,,,missing,Assam,,1.0,,,,,,,,,,,,,,,
HIST_FL_005466,HIST_FL_005466,HISTORICAL,FLOOD,2023,7,2023-07-01 00:00:00,month,,,missing,Assam,,1.0,,,,,,,,,,,,,,,
HIST_FL_005467,HIST_FL_005467,HISTORICAL,FLOOD,2023,7,2023-07-01 00:00:00,month,,,missing,Assam,,1.0,,,,,,,,,,,,,,,
HIST_FL_005468,HIST_FL_005468,HISTORICAL,FLOOD,2023,7,2023-07-01 00:00:00,month,,,missing,Assam,,1.0,,,,,,,,,,,,,,,
HIST_FL_005469,HIST_FL_005469,HISTORICAL,FLOOD,2023,7,2023-07-01 00:00:00,month,,,missing,Assam,,1.0,,,,,,,,,,,,,,,
HIST_FL_005470,HIST_FL_005470,HISTORICAL,FLOOD,2023,7,2023-07-01 00:00:00,month,,,missing,Assam,,1.0,,,,,,,,,,,,,,,
HIST_FL_005471,HIST_FL_005471,HISTORICAL,FLOOD,2023,7,2023-07-01 00:00:00,month,,,missing,Assam,,1.0,,,,,,,,,,,,,,,
HIST_FL_005472,HIST_FL_005472,HISTORICAL,FLOOD,2023,7,2023-07-01 00:00:00,month,,,missing,Assam,,1.0,,,,,,,,,,,,,,,
HIST_FL_005473,HIST_FL_005473,HISTORICAL,FLOOD,2023,7,2023-07-01 00:00:00,month,,,missing,Assam,,1.0,,,,,,,,,,,,,,,
HIST_FL_005474,HIST_FL_005474,HISTORICAL,FLOOD,2023,7,2023-07-01 00:00:00,month,,,missing,Assam,,1.0,,,,,,,,,,,,,,,
HIST_FL_005475,HIST_FL_005475,HISTORICAL,FLOOD,2023,7,2023-07-01 00:00:00,month,,,missing,Assam,,1.0,,,,,,,,,,,,,,,
HIST_FL_005476,HIST_FL_005476,HISTORICAL,FLOOD,2023,7,2023-07-01 00:00:00,month,,,missing,Assam,,1.0,,,,,,,,,,,,,,,
HIST_FL_005477,HIST_FL_005477,HISTORICAL,FLOOD,2023,7,2023-07-01 00:00:00,month,,,missing,Assam,,1.0,,,,,,,,,,,,,,,
HIST_FL_005478,HIST_FL_005478,HISTORICAL,FLOOD,2023,7,2023-07-01 00:00:00,month,,,missing,Assam,,1.0,,,,,,,,,,,,,,,
HIST_FL_005479,HIST_FL_005479,HISTORICAL,FLOOD,2023,7,2023-07-01 00:00:00,month,,,missing,Assam,,1.0,,1.0,,,,,,,,,,,,,
HIST_FL_005480,HIST_FL_005480,HISTORICAL,FLOOD,2023,7,2023-07-01 00:00:00,month,,,missing,Bihar,,1.0,,1.0,,,,,,,,,,,,,
HIST_FL_005481,HIST_FL_005481,HISTORICAL,FLOOD,2023,7,2023-07-01 00:00:00,month,,,missing,Chandigarh,,1.0,,1.0,,,,,,,,,,,,,
HIST_FL_005482,HIST_FL_005482,HISTORICAL,FLOOD,2023,7,2023-07-01 00:00:00,month,,,missing,Chhattisgarh,,1.0,,,,,,,,,,,,,,,
HIST_FL_005483,HIST_FL_005483,HISTORICAL,FLOOD,2023,7,2023-07-01 00:00:00,month,,,missing,Dadra and Nagar Haveli and Daman and Diu,,1.0,,2.0,,,,,,,,,,,,,
HIST_FL_005484,HIST_FL_005484,HISTORICAL,FLOOD,2023,7,2023-07-01 00:00:00,month,,,missing,Delhi,,1.0,,2.0,,,,,,,,,,,,,
HIST_FL_005485,HIST_FL_005485,HISTORICAL,FLOOD,2023,7,2023-07-01 00:00:00,month,,,missing,Delhi,,1.0,,,,,,,,,,,,,,,
HIST_FL_005486,HIST_FL_005486,HISTORICAL,FLOOD,2023,7,2023-07-01 00:00:00,month,,,missing,Delhi,,1.0,,,,,,,,,,,,,,,
HIST_FL_005487,HIST_FL_005487,HISTORICAL,FLOOD,2023,7,2023-07-01 00:00:00,month,,,missing,Gujarat,,1.0,,,,,,,,,,,,,,,
HIST_FL_005488,HIST_FL_005488,HISTORICAL,FLOOD,2023,7,2023-07-01 00:00:00,month,,,missing,Gujarat,,1.0,,,,,,,,,,,,,,,
HIST_FL_005489,HIST_FL_005489,HISTORICAL,FLOOD,2023,7,2023-07-01 00:00:00,month,,,missing,Gujarat,,1.0,,,,,,,,,,,,,,,
HIST_FL_005490,HIST_FL_005490,HISTORICAL,FLOOD,2023,7,2023-07-01 00:00:00,month,,,missing,Gujarat,,1.0,,,,,,,,,,,,,,,
HIST_FL_005491,HIST_FL_005491,HISTORICAL,FLOOD,2023,7,2023-07-01 00:00:00,month,,,missing,Gujarat,,1.0,,,,,,,,,,,,,,,
HIST_FL_005492,HIST_FL_005492,HISTORICAL,FLOOD,2023,7,2023-07-01 00:00:00,month,,,missing,Gujarat,,1.0,,,,,,,,,,,,,,,
HIST_FL_005493,HIST_FL_005493,HISTORICAL,FLOOD,2023,7,2023-07-01 00:00:00,month,,,missing,Gujarat,,1.0,,,,,,,,,,,,,,,
HIST_FL_005494,HIST_FL_005494,HISTORICAL,FLOOD,2023,7,2023-07-01 00:00:00,month,,,missing,Gujarat,,1.0,,,,,,,,,,,,,,,
HIST_FL_005495,HIST_FL_005495,HISTORICAL,FLOOD,2023,7,2023-07-01 00:00:00,month,,,missing,Gujarat,,3.0,,,,,,,,,,,,,,,
HIST_FL_005496,HIST_FL_005496,HISTORICAL,FLOOD,2023,7,2023-07-01 00:00:00,month,,,missing,Gujarat,,3.0,,,,,,,,,,,,,,,
HIST_FL_005497,HIST_FL_005497,HISTORICAL,FLOOD,2023,7,2023-07-01 00:00:00,month,,,missing,Gujarat,,3.0,,,,,,,,,,,,,,,
HIST_FL_005498,HIST_FL_005498,HISTORICAL,FLOOD,2023,7,2023-07-01 00:00:00,month,,,missing,Gujarat,,3.0,,,,,,,,,,,,,,,
HIST_FL_005499,HIST_FL_005499,HISTORICAL,FLOOD,2023,7,2023-07-01 00:00:00,month,,,missing,Gujarat,,3.0,,,,,,,,,,,,,,,
HIST_FL_005500,HIST_FL_005500,HISTORICAL,FLOOD,2023,7,2023-07-01 00:00:00,month,,,missing,Gujarat,,3.0,,1.0,,,,,,,,,,,,,
HIST_FL_005501,HIST_FL_005501,HISTORICAL,FLOOD,2023,7,2023-07-01 00:00:00,month,,,missing,Haryana,,4.0,,7.0,,,,,,,,,,,,,
HIST_FL_005502,HIST_FL_005502,HISTORICAL,FLOOD,2023,7,2023-07-01 00:00:00,month,,,missing,Haryana,,4.0,,,,,,,,,,,,,,,
HIST_FL_005503,HIST_FL_005503,HISTORICAL,FLOOD,2023,7,2023-07-01 00:00:00,month,,,missing,Haryana,,4.0,,,,,,,,,,,,,,,
HIST_FL_005504,HIST_FL_005504,HISTORICAL,FLOOD,2023,7,2023-07-01 00:00:00,month,,,missing,Haryana,,4.0,,,,,,,,,,,,,,,
HIST_FL_005505,HIST_FL_005505,HISTORICAL,FLOOD,2023,7,2023-07-01 00:00:00,month,,,missing,Haryana,,4.0,,,,,,,,,,,,,,,
HIST_FL_005506,HIST_FL_005506,HISTORICAL,FLOOD,2023,7,2023-07-01 00:00:00,month,,,missing,Haryana,,4.0,,,,,,,,,,,,,,,
HIST_FL_005507,HIST_FL_005507,HISTORICAL,FLOOD,2023,7,2023-07-01 00:00:00,month,,,missing,Haryana,,4.0,,,,,,,,,,,,,,,
HIST_FL_005508,HIST_FL_005508,HISTORICAL,FLOOD,2023,7,2023-07-01 00:00:00,month,,,missing,Haryana,,4.0,,,,,,,,,,,,,,,
HIST_FL_005509,HIST_FL_005509,HISTORICAL,FLOOD,2023,7,2023-07-01 00:00:00,month,,,missing,Haryana,,4.0,,,,,,,,,,,,,,,
HIST_FL_005510,HIST_FL_005510,HISTORICAL,FLOOD,2023,7,2023-07-01 00:00:00,month,,,missing,Haryana,,4.0,,,,,,,,,,,,,,,
HIST_FL_005511,HIST_FL_005511,HISTORICAL,FLOOD,2023,7,2023-07-01 00:00:00,month,,,missing,Haryana,,1.0,,,,,,,,,,,,,,,
HIST_FL_005512,HIST_FL_005512,HISTORICAL,FLOOD,2023,7,2023-07-01 00:00:00,month,,,missing,Himachal Pradesh,,1.0,,1.0,,,,,,,,,,,,,
HIST_FL_005513,HIST_FL_005513,HISTORICAL,FLOOD,2023,7,2023-07-01 00:00:00,month,,,missing,Himachal Pradesh,,1.0,,,,,,,,,,,,,,,
HIST_FL_005514,HIST_FL_005514,HISTORICAL,FLOOD,2023,7,2023-07-01 00:00:00,month,,,missing,Himachal Pradesh,,3.0,,18.0,,,,,,,,,,,,,
HIST_FL_005515,HIST_FL_005515,HISTORICAL,FLOOD,2023,7,2023-07-01 00:00:00,month,,,missing,Himachal Pradesh,,3.0,,1.0,,,,,,,,,,,,,
HIST_FL_005516,HIST_FL_005516,HISTORICAL,FLOOD,2023,7,2023-07-01 00:00:00,month,,,missing,Himachal Pradesh,,3.0,,1.0,,,,,,,,,,,,,
HIST_FL_005517,HIST_FL_005517,HISTORICAL,FLOOD,2023,7,2023-07-01 00:00:00,month,,,missing,Himachal Pradesh,,3.0,,,,,,,,,,,,,,,
HIST_FL_005518,HIST_FL_005518,HISTORICAL,FLOOD,2023,7,2023-07-01 00:00:00,month,,,missing,Himachal Pradesh,,3.0,,,,,,,,,,,,,,,
HIST_FL_005519,HIST_FL_005519,HISTORICAL,FLOOD,2023,7,2023-07-01 00:00:00,month,,,missing,Himachal Pradesh,,3.0,,11.0,,,,,,,,,,,,,
HIST_FL_005520,HIST_FL_005520,HISTORICAL,FLOOD,2023,7,2023-07-01 00:00:00,month,,,missing,Himachal Pradesh,,3.0,,,,,,,,,,,,,,,
HIST_FL_005521,HIST_FL_005521,HISTORICAL,FLOOD,2023,7,2023-07-01 00:00:00,month,,,missing,Himachal Pradesh,,3.0,,,,,,,,,,,,,,,
HIST_FL_005522,HIST_FL_005522,HISTORICAL,FLOOD,2023,7,2023-07-01 00:00:00,month,,,missing,Himachal Pradesh,,1.0,,1.0,,,,,,,,,,,,,
HIST_FL_005523,HIST_FL_005523,HISTORICAL,FLOOD,2023,7,2023-07-01 00:00:00,month,,,missing,Himachal Pradesh,,1.0,,3.0,,,,,,,,,,,,,
HIST_FL_005524,HIST_FL_005524,HISTORICAL,FLOOD,2023,7,2023-07-01 00:00:00,month,,,missing,Himachal Pradesh,,1.0,,2.0,,,,,,,,,,,,,
HIST_FL_005525,HIST_FL_005525,HISTORICAL,FLOOD,2023,7,2023-07-01 00:00:00,month,,,missing,Himachal Pradesh,,1.0,,3.0,,,,,,,,,,,,,
HIST_FL_005526,HIST_FL_005526,HISTORICAL,FLOOD,2023,7,2023-07-01 00:00:00,month,,,missing,Jammu and Kashmir,,1.0,,2.0,,,,,,,,,,,,,
HIST_FL_005527,HIST_FL_005527,HISTORICAL,FLOOD,2023,7,2023-07-01 00:00:00,month,,,missing,Jammu and Kashmir,,1.0,,2.0,,,,,,,,,,,,,
HIST_FL_005528,HIST_FL_005528,HISTORICAL,FLOOD,2023,7,2023-07-01 00:00:00,month,,,missing,Jammu and Kashmir,,1.0,,,,,,,,,,,,,,,
HIST_FL_005529,HIST_FL_005529,HISTORICAL,FLOOD,2023,7,2023-07-01 00:00:00,month,,,missing,Jammu and Kashmir,,1.0,,2.0,,,,,,,,,,,,,
HIST_FL_005530,HIST_FL_005530,HISTORICAL,FLOOD,2023,7,2023-07-01 00:00:00,month,,,missing,Jammu and Kashmir,,1.0,,1.0,,,,,,,,,,,,,
HIST_FL_005531,HIST_FL_005531,HISTORICAL,FLOOD,2023,7,2023-07-01 00:00:00,month,,,missing,Jammu and Kashmir,,1.0,,,,,,,,,,,,,,,
HIST_FL_005532,HIST_FL_005532,HISTORICAL,FLOOD,2023,7,2023-07-01 00:00:00,month,,,missing,Jammu and Kashmir,,1.0,,8.0,,,,,,,,,,,,,
HIST_FL_005533,HIST_FL_005533,HISTORICAL,FLOOD,2023,7,2023-07-01 00:00:00,month,,,missing,Jammu and Kashmir,,1.0,,1.0,,,,,,,,,,,,,
HIST_FL_005534,HIST_FL_005534,HISTORICAL,FLOOD,2023,7,2023-07-01 00:00:00,month,,,missing,Jammu and Kashmir,,1.0,,2.0,,,,,,,,,,,,,
HIST_FL_005535,HIST_FL_005535,HISTORICAL,FLOOD,2023,7,2023-07-01 00:00:00,month,,,missing,Jammu and Kashmir,,1.0,,1.0,,,,,,,,,,,,,
HIST_FL_005536,HIST_FL_005536,HISTORICAL,FLOOD,2023,7,2023-07-01 00:00:00,month,,,missing,Karnataka,,1.0,,,,,,,,,,,,,,,
HIST_FL_005537,HIST_FL_005537,HISTORICAL,FLOOD,2023,7,2023-07-01 00:00:00,month,,,missing,Karnataka,,1.0,,,,,,,,,,,,,,,
HIST_FL_005538,HIST_FL_005538,HISTORICAL,FLOOD,2023,7,2023-07-01 00:00:00,month,,,missing,Karnataka,,1.0,,2.0,,,,,,,,,,,,,
HIST_FL_005539,HIST_FL_005539,HISTORICAL,FLOOD,2023,7,2023-07-01 00:00:00,month,,,missing,Karnataka,,1.0,,,,,,,,,,,,,,,
HIST_FL_005540,HIST_FL_005540,HISTORICAL,FLOOD,2023,7,2023-07-01 00:00:00,month,,,missing,Karnataka,,1.0,,,,,,,,,,,,,,,
HIST_FL_005541,HIST_FL_005541,HISTORICAL,FLOOD,2023,7,2023-07-01 00:00:00,month,,,missing,Karnataka,,1.0,,,,,,,,,,,,,,,
HIST_FL_005542,HIST_FL_005542,HISTORICAL,FLOOD,2023,7,2023-07-01 00:00:00,month,,,missing,Karnataka,,1.0,,,,,,,,,,,,,,,
HIST_FL_005543,HIST_FL_005543,HISTORICAL,FLOOD,2023,7,2023-07-01 00:00:00,month,,,missing,Karnataka,,1.0,,1.0,,,,,,,,,,,,,
HIST_FL_005544,HIST_FL_005544,HISTORICAL,FLOOD,2023,7,2023-07-01 00:00:00,month,,,missing,Karnataka,,1.0,,4.0,,,,,,,,,,,,,
HIST_FL_005545,HIST_FL_005545,HISTORICAL,FLOOD,2023,7,2023-07-01 00:00:00,month,,,missing,Karnataka,,1.0,,,,,,,,,,,,,,,
HIST_FL_005546,HIST_FL_005546,HISTORICAL,FLOOD,2023,7,2023-07-01 00:00:00,month,,,missing,Karnataka,,1.0,,,,,,,,,,,,,,,
HIST_FL_005547,HIST_FL_005547,HISTORICAL,FLOOD,2023,7,2023-07-01 00:00:00,month,,,missing,Kerala,,5.0,,,,,,,,,,,,,,,
HIST_FL_005548,HIST_FL_005548,HISTORICAL,FLOOD,2023,7,2023-07-01 00:00:00,month,,,missing,Kerala,,5.0,,,,,,,,,,,,,,,
HIST_FL_005549,HIST_FL_005549,HISTORICAL,FLOOD,2023,7,2023-07-01 00:00:00,month,,,missing,Kerala,,5.0,,,,,,,,,,,,,,,
HIST_FL_005550,HIST_FL_005550,HISTORICAL,FLOOD,2023,7,2023-07-01 00:00:00,month,,,missing,Kerala,,5.0,,,,,,,,,,,,,,,
HIST_FL_005551,HIST_FL_005551,HISTORICAL,FLOOD,2023,7,2023-07-01 00:00:00,month,,,missing,Kerala,,5.0,,,,,,,,,,,,,,,
HIST_FL_005552,HIST_FL_005552,HISTORICAL,FLOOD,2023,7,2023-07-01 00:00:00,month,,,missing,Kerala,,5.0,,19.0,,,,,,,,,,,,,
HIST_FL_005553,HIST_FL_005553,HISTORICAL,FLOOD,2023,7,2023-07-01 00:00:00,month,,,missing,Kerala,,1.0,,2.0,,,,,,,,,,,,,
HIST_FL_005554,HIST_FL_005554,HISTORICAL,FLOOD,2023,7,2023-07-01 00:00:00,month,,,missing,Kerala,,1.0,,1.0,,,,,,,,,,,,,
HIST_FL_005555,HIST_FL_005555,HISTORICAL,FLOOD,2023,7,2023-07-01 00:00:00,month,,,missing,Kerala,,1.0,,2.0,,,,,,,,,,,,,
HIST_FL_005556,HIST_FL_005556,HISTORICAL,FLOOD,2023,7,2023-07-01 00:00:00,month,,,missing,Ladakh,,1.0,,5.0,,,,,,,,,,,,,
HIST_FL_005557,HIST_FL_005557,HISTORICAL,FLOOD,2023,7,2023-07-01 00:00:00,month,,,missing,Madhya Pradesh,,1.0,,1.0,,,,,,,,,,,,,
HIST_FL_005558,HIST_FL_005558,HISTORICAL,FLOOD,2023,7,2023-07-01 00:00:00,month,,,missing,Madhya Pradesh,,1.0,,1.0,,,,,,,,,,,,,
HIST_FL_005559,HIST_FL_005559,HISTORICAL,FLOOD,2023,7,2023-07-01 00:00:00,month,,,missing,Madhya Pradesh,,1.0,,3.0,,,,,,,,,,,,,
HIST_FL_005560,HIST_FL_005560,HISTORICAL,FLOOD,2023,7,2023-07-01 00:00:00,month,,,missing,Madhya Pradesh,,1.0,,,,,,,,,,,,,,,
HIST_FL_005561,HIST_FL_005561,HISTORICAL,FLOOD,2023,7,2023-07-01 00:00:00,month,,,missing,Madhya Pradesh,,1.0,,,,,,,,,,,,,,,
HIST_FL_005562,HIST_FL_005562,HISTORICAL,FLOOD,2023,7,2023-07-01 00:00:00,month,,,missing,Madhya Pradesh,,1.0,,,,,,,,,,,,,,,
HIST_FL_005563,HIST_FL_005563,HISTORICAL,FLOOD,2023,7,2023-07-01 00:00:00,month,,,missing,Madhya Pradesh,,1.0,,,,,,,,,,,,,,,
HIST_FL_005564,HIST_FL_005564,HISTORICAL,FLOOD,2023,7,2023-07-01 00:00:00,month,,,missing,Madhya Pradesh,,1.0,,,,,,,,,,,,,,,
HIST_FL_005565,HIST_FL_005565,HISTORICAL,FLOOD,2023,7,2023-07-01 00:00:00,month,,,missing,Madhya Pradesh,,1.0,,3.0,,,,,,,,,,,,,
HIST_FL_005566,HIST_FL_005566,HISTORICAL,FLOOD,2023,7,2023-07-01 00:00:00,month,,,missing,Madhya Pradesh,,1.0,,,,,,,,,,,,,,,
HIST_FL_005567,HIST_FL_005567,HISTORICAL,FLOOD,2023,7,2023-07-01 00:00:00,month,,,missing,Madhya Pradesh,,1.0,,,,,,,,,,,,,,,
HIST_FL_005568,HIST_FL_005568,HISTORICAL,FLOOD,2023,7,2023-07-01 00:00:00,month,,,missing,Madhya Pradesh,,1.0,,,,,,,,,,,,,,,
HIST_FL_005569,HIST_FL_005569,HISTORICAL,FLOOD,2023,7,2023-07-01 00:00:00,month,,,missing,Madhya Pradesh,,1.0,,,,,,,,,,,,,,,
HIST_FL_005570,HIST_FL_005570,HISTORICAL,FLOOD,2023,7,2023-07-01 00:00:00,month,,,missing,Maharashtra,,1.0,,1.0,,,,,,,,,,,,,
HIST_FL_005571,HIST_FL_005571,HISTORICAL,FLOOD,2023,7,2023-07-01 00:00:00,month,,,missing,Maharashtra,,1.0,,,,,,,,,,,,,,,
HIST_FL_005572,HIST_FL_005572,HISTORICAL,FLOOD,2023,7,2023-07-01 00:00:00,month,,,missing,Maharashtra,,1.0,,,,,,,,,,,,,,,
HIST_FL_005573,HIST_FL_005573,HISTORICAL,FLOOD,2023,7,2023-07-01 00:00:00,month,,,missing,Maharashtra,,1.0,,,,,,,,,,,,,,,
HIST_FL_005574,HIST_FL_005574,HISTORICAL,FLOOD,2023,7,2023-07-01 00:00:00,month,,,missing,Maharashtra,,1.0,,,,,,,,,,,,,,,
HIST_FL_005575,HIST_FL_005575,HISTORICAL,FLOOD,2023,7,2023-07-01 00:00:00,month,,,missing,Maharashtra,,1.0,,1.0,,,,,,,,,,,,,
HIST_FL_005576,HIST_FL_005576,HISTORICAL,FLOOD,2023,7,2023-07-01 00:00:00,month,,,missing,Maharashtra,,1.0,,,,,,,,,,,,,,,
HIST_FL_005577,HIST_FL_005577,HISTORICAL,FLOOD,2023,7,2023-07-01 00:00:00,month,,,missing,Maharashtra,,1.0,,1.0,,,,,,,,,,,,,
HIST_FL_005578,HIST_FL_005578,HISTORICAL,FLOOD,2023,7,2023-07-01 00:00:00,month,,,missing,Maharashtra,,1.0,,,,,,,,,,,,,,,
HIST_FL_005579,HIST_FL_005579,HISTORICAL,FLOOD,2023,7,2023-07-01 00:00:00,month,,,missing,Maharashtra,,1.0,,,,,,,,,,,,,,,
HIST_FL_005580,HIST_FL_005580,HISTORICAL,FLOOD,2023,7,2023-07-01 00:00:00,month,,,missing,Maharashtra,,1.0,,,,,,,,,,,,,,,
HIST_FL_005581,HIST_FL_005581,HISTORICAL,FLOOD,2023,7,2023-07-01 00:00:00,month,,,missing,Maharashtra,,1.0,,1.0,,,,,,,,,,,,,
HIST_FL_005582,HIST_FL_005582,HISTORICAL,FLOOD,2023,7,2023-07-01 00:00:00,month,,,missing,Maharashtra,,1.0,,1.0,,,,,,,,,,,,,
HIST_FL_005583,HIST_FL_005583,HISTORICAL,FLOOD,2023,7,2023-07-01 00:00:00,month,,,missing,Maharashtra,,1.0,,27.0,,,,,,,,,,,,,
HIST_FL_005584,HIST_FL_005584,HISTORICAL,FLOOD,2023,7,2023-07-01 00:00:00,month,,,missing,Maharashtra,,1.0,,,,,,,,,,,,,,,
HIST_FL_005585,HIST_FL_005585,HISTORICAL,FLOOD,2023,7,2023-07-01 00:00:00,month,,,missing,Maharashtra,,1.0,,1.0,,,,,,,,,,,,,
HIST_FL_005586,HIST_FL_005586,HISTORICAL,FLOOD,2023,7,2023-07-01 00:00:00,month,,,missing,Maharashtra,,1.0,,1.0,,,,,,,,,,,,,
HIST_FL_005587,HIST_FL_005587,HISTORICAL,FLOOD,2023,7,2023-07-01 00:00:00,month,,,missing,Maharashtra,,2.0,,1.0,,,,,,,,,,,,,
HIST_FL_005588,HIST_FL_005588,HISTORICAL,FLOOD,2023,7,2023-07-01 00:00:00,month,,,missing,Maharashtra,,2.0,,3.0,,,,,,,,,,,,,
HIST_FL_005589,HIST_FL_005589,HISTORICAL,FLOOD,2023,7,2023-07-01 00:00:00,month,,,missing,Maharashtra,,2.0,,1.0,,,,,,,,,,,,,
HIST_FL_005590,HIST_FL_005590,HISTORICAL,FLOOD,2023,7,2023-07-01 00:00:00,month,,,missing,Maharashtra,,2.0,,,,,,,,,,,,,,,
HIST_FL_005591,HIST_FL_005591,HISTORICAL,FLOOD,2023,7,2023-07-01 00:00:00,month,,,missing,Maharashtra,,2.0,,,,,,,,,,,,,,,
HIST_FL_005592,HIST_FL_005592,HISTORICAL,FLOOD,2023,7,2023-07-01 00:00:00,month,,,missing,Maharashtra,,2.0,,1.0,,,,,,,,,,,,,
HIST_FL_005593,HIST_FL_005593,HISTORICAL,FLOOD,2023,7,2023-07-01 00:00:00,month,,,missing,Maharashtra,,2.0,,1.0,,,,,,,,,,,,,
HIST_FL_005594,HIST_FL_005594,HISTORICAL,FLOOD,2023,7,2023-07-01 00:00:00,month,,,missing,Maharashtra,,2.0,,,,,,,,,,,,,,,
HIST_FL_005595,HIST_FL_005595,HISTORICAL,FLOOD,2023,7,2023-07-01 00:00:00,month,,,missing,Maharashtra,,2.0,,4.0,,,,,,,,,,,,,
HIST_FL_005596,HIST_FL_005596,HISTORICAL,FLOOD,2023,7,2023-07-01 00:00:00,month,,,missing,Maharashtra,,1.0,,,,,,,,,,,,,,,
HIST_FL_005597,HIST_FL_005597,HISTORICAL,FLOOD,2023,7,2023-07-01 00:00:00,month,,,missing,Maharashtra,,1.0,,,,,,,,,,,,,,,
HIST_FL_005598,HIST_FL_005598,HISTORICAL,FLOOD,2023,7,2023-07-01 00:00:00,month,,,missing,Maharashtra,,1.0,,,,,,,,,,,,,,,
HIST_FL_005599,HIST_FL_005599,HISTORICAL,FLOOD,2023,7,2023-07-01 00:00:00,month,,,missing,Maharashtra,,1.0,,,,,,,,,,,,,,,
HIST_FL_005600,HIST_FL_005600,HISTORICAL,FLOOD,2023,7,2023-07-01 00:00:00,month,,,missing,Maharashtra,,1.0,,1.0,,,,,,,,,,,,,
HIST_FL_005601,HIST_FL_005601,HISTORICAL,FLOOD,2023,7,2023-07-01 00:00:00,month,,,missing,Maharashtra,,1.0,,,,,,,,,,,,,,,
HIST_FL_005602,HIST_FL_005602,HISTORICAL,FLOOD,2023,7,2023-07-01 00:00:00,month,,,missing,Maharashtra,,1.0,,1.0,,,,,,,,,,,,,
HIST_FL_005603,HIST_FL_005603,HISTORICAL,FLOOD,2023,7,2023-07-01 00:00:00,month,,,missing,Maharashtra,,1.0,,1.0,,,,,,,,,,,,,
HIST_FL_005604,HIST_FL_005604,HISTORICAL,FLOOD,2023,7,2023-07-01 00:00:00,month,,,missing,Maharashtra,,1.0,,2.0,,,,,,,,,,,,,
HIST_FL_005605,HIST_FL_005605,HISTORICAL,FLOOD,2023,7,2023-07-01 00:00:00,month,,,missing,Maharashtra,,1.0,,2.0,,,,,,,,,,,,,
HIST_FL_005606,HIST_FL_005606,HISTORICAL,FLOOD,2023,7,2023-07-01 00:00:00,month,,,missing,Maharashtra,,1.0,,1.0,,,,,,,,,,,,,
HIST_FL_005607,HIST_FL_005607,HISTORICAL,FLOOD,2023,7,2023-07-01 00:00:00,month,,,missing,Maharashtra,,1.0,,2.0,,,,,,,,,,,,,
HIST_FL_005608,HIST_FL_005608,HISTORICAL,FLOOD,2023,7,2023-07-01 00:00:00,month,,,missing,Maharashtra,,1.0,,,,,,,,,,,,,,,
HIST_FL_005609,HIST_FL_005609,HISTORICAL,FLOOD,2023,7,2023-07-01 00:00:00,month,,,missing,Punjab,,7.0,,7.0,,,,,,,,,,,,,
HIST_FL_005610,HIST_FL_005610,HISTORICAL,FLOOD,2023,7,2023-07-01 00:00:00,month,,,missing,Punjab,,7.0,,,,,,,,,,,,,,,
HIST_FL_005611,HIST_FL_005611,HISTORICAL,FLOOD,2023,7,2023-07-01 00:00:00,month,,,missing,Punjab,,7.0,,,,,,,,,,,,,,,
HIST_FL_005612,HIST_FL_005612,HISTORICAL,FLOOD,2023,7,2023-07-01 00:00:00,month,,,missing,Punjab,,7.0,,,,,,,,,,,,,,,
HIST_FL_005613,HIST_FL_005613,HISTORICAL,FLOOD,2023,7,2023-07-01 00:00:00,month,,,missing,Punjab,,7.0,,,,,,,,,,,,,,,
HIST_FL_005614,HIST_FL_005614,HISTORICAL,FLOOD,2023,7,2023-07-01 00:00:00,month,,,missing,Punjab,,7.0,,,,,,,,,,,,,,,
HIST_FL_005615,HIST_FL_005615,HISTORICAL,FLOOD,2023,7,2023-07-01 00:00:00,month,,,missing,Punjab,,7.0,,,,,,,,,,,,,,,
HIST_FL_005616,HIST_FL_005616,HISTORICAL,FLOOD,2023,7,2023-07-01 00:00:00,month,,,missing,Punjab,,7.0,,,,,,,,,,,,,,,
HIST_FL_005617,HIST_FL_005617,HISTORICAL,FLOOD,2023,7,2023-07-01 00:00:00,month,,,missing,Punjab,,7.0,,1.0,,,,,,,,,,,,,
HIST_FL_005618,HIST_FL_005618,HISTORICAL,FLOOD,2023,7,2023-07-01 00:00:00,month,,,missing,Punjab,,7.0,,,,,,,,,,,,,,,
HIST_FL_005619,HIST_FL_005619,HISTORICAL,FLOOD,2023,7,2023-07-01 00:00:00,month,,,missing,Rajasthan,,1.0,,1.0,,,,,,,,,,,,,
HIST_FL_005620,HIST_FL_005620,HISTORICAL,FLOOD,2023,7,2023-07-01 00:00:00,month,,,missing,Rajasthan,,1.0,,1.0,,,,,,,,,,,,,
HIST_FL_005621,HIST_FL_005621,HISTORICAL,FLOOD,2023,7,2023-07-01 00:00:00,month,,,missing,Rajasthan,,1.0,,1.0,,,,,,,,,,,,,
HIST_FL_005622,HIST_FL_005622,HISTORICAL,FLOOD,2023,7,2023-07-01 00:00:00,month,,,missing,Rajasthan,,1.0,,1.0,,,,,,,,,,,,,
HIST_FL_005623,HIST_FL_005623,HISTORICAL,FLOOD,2023,7,2023-07-01 00:00:00,month,,,missing,Rajasthan,,1.0,,1.0,,,,,,,,,,,,,
HIST_FL_005624,HIST_FL_005624,HISTORICAL,FLOOD,2023,7,2023-07-01 00:00:00,month,,,missing,Rajasthan,,1.0,,1.0,,,,,,,,,,,,,
HIST_FL_005625,HIST_FL_005625,HISTORICAL,FLOOD,2023,7,2023-07-01 00:00:00,month,,,missing,Rajasthan,,1.0,,1.0,,,,,,,,,,,,,
HIST_FL_005626,HIST_FL_005626,HISTORICAL,FLOOD,2023,7,2023-07-01 00:00:00,month,,,missing,Rajasthan,,1.0,,1.0,,,,,,,,,,,,,
HIST_FL_005627,HIST_FL_005627,HISTORICAL,FLOOD,2023,7,2023-07-01 00:00:00,month,,,missing,Rajasthan,,1.0,,3.0,,,,,,,,,,,,,
HIST_FL_005628,HIST_FL_005628,HISTORICAL,FLOOD,2023,7,2023-07-01 00:00:00,month,,,missing,Rajasthan,,1.0,,1.0,,,,,,,,,,,,,
HIST_FL_005629,HIST_FL_005629,HISTORICAL,FLOOD,2023,7,2023-07-01 00:00:00,month,,,missing,Rajasthan,,1.0,,2.0,,,,,,,,,,,,,
HIST_FL_005630,HIST_FL_005630,HISTORICAL,FLOOD,2023,7,2023-07-01 00:00:00,month,,,missing,Rajasthan,,1.0,,2.0,,,,,,,,,,,,,
HIST_FL_005631,HIST_FL_005631,HISTORICAL,FLOOD,2023,7,2023-07-01 00:00:00,month,,,missing,Rajasthan,,1.0,,1.0,,,,,,,,,,,,,
HIST_FL_005632,HIST_FL_005632,HISTORICAL,FLOOD,2023,7,2023-07-01 00:00:00,month,,,missing,Rajasthan,,1.0,,1.0,,,,,,,,,,,,,
HIST_FL_005633,HIST_FL_005633,HISTORICAL,FLOOD,2023,7,2023-07-01 00:00:00,month,,,missing,Telangana,,8.0,,1.0,,,,,,,,,,,,,
HIST_FL_005634,HIST_FL_005634,HISTORICAL,FLOOD,2023,7,2023-07-01 00:00:00,month,,,missing,Telangana,,8.0,,3.0,,,,,,,,,,,,,
HIST_FL_005635,HIST_FL_005635,HISTORICAL,FLOOD,2023,7,2023-07-01 00:00:00,month,,,missing,Telangana,,8.0,,2.0,,,,,,,,,,,,,
HIST_FL_005636,HIST_FL_005636,HISTORICAL,FLOOD,2023,7,2023-07-01 00:00:00,month,,,missing,Telangana,,8.0,,3.0,,,,,,,,,,,,,
HIST_FL_005637,HIST_FL_005637,HISTORICAL,FLOOD,2023,7,2023-07-01 00:00:00,month,,,missing,Telangana,,8.0,,2.0,,,,,,,,,,,,,
HIST_FL_005638,HIST_FL_005638,HISTORICAL,FLOOD,2023,7,2023-07-01 00:00:00,month,,,missing,Telangana,,8.0,,2.0,,,,,,,,,,,,,
HIST_FL_005639,HIST_FL_005639,HISTORICAL,FLOOD,2023,7,2023-07-01 00:00:00,month,,,missing,Telangana,,8.0,,16.0,,,,,,,,,,,,,
HIST_FL_005640,HIST_FL_005640,HISTORICAL,FLOOD,2023,7,2023-07-01 00:00:00,month,,,missing,Telangana,,8.0,,,,,,,,,,,,,,,
HIST_FL_005641,HIST_FL_005641,HISTORICAL,FLOOD,2023,7,2023-07-01 00:00:00,month,,,missing,Uttarakhand,,1.0,,3.0,,,,,,,,,,,,,
HIST_FL_005642,HIST_FL_005642,HISTORICAL,FLOOD,2023,7,2023-07-01 00:00:00,month,,,missing,Uttarakhand,,1.0,,2.0,,,,,,,,,,,,,
HIST_FL_005643,HIST_FL_005643,HISTORICAL,FLOOD,2023,7,2023-07-01 00:00:00,month,,,missing,Uttarakhand,,1.0,,4.0,,,,,,,,,,,,,
HIST_FL_005644,HIST_FL_005644,HISTORICAL,FLOOD,2023,7,2023-07-01 00:00:00,month,,,missing,Uttarakhand,,1.0,,5.0,,,,,,,,,,,,,
HIST_FL_005645,HIST_FL_005645,HISTORICAL,FLOOD,2023,7,2023-07-01 00:00:00,month,,,missing,Uttarakhand,,1.0,,3.0,,,,,,,,,,,,,
HIST_FL_005646,HIST_FL_005646,HISTORICAL,FLOOD,2023,7,2023-07-01 00:00:00,month,,,missing,Uttarakhand,,1.0,,5.0,,,,,,,,,,,,,
HIST_FL_005647,HIST_FL_005647,HISTORICAL,FLOOD,2023,7,2023-07-01 00:00:00,month,,,missing,Uttarakhand,,1.0,,,,,,,,,,,,,,,
HIST_FL_005648,HIST_FL_005648,HISTORICAL,FLOOD,2023,7,2023-07-01 00:00:00,month,,,missing,Uttarakhand,,1.0,,,,,,,,,,,,,,,
HIST_FL_005649,HIST_FL_005649,HISTORICAL,FLOOD,2023,7,2023-07-01 00:00:00,month,,,missing,Uttar Pradesh,,3.0,,2.0,,,,,,,,,,,,,
HIST_FL_005650,HIST_FL_005650,HISTORICAL,FLOOD,2023,7,2023-07-01 00:00:00,month,,,missing,Uttar Pradesh,,3.0,,4.0,,,,,,,,,,,,,
HIST_FL_005651,HIST_FL_005651,HISTORICAL,FLOOD,2023,7,2023-07-01 00:00:00,month,,,missing,Uttar Pradesh,,3.0,,5.0,,,,,,,,,,,,,
HIST_FL_005652,HIST_FL_005652,HISTORICAL,FLOOD,2023,7,2023-07-01 00:00:00,month,,,missing,Uttar Pradesh,,3.0,,2.0,,,,,,,,,,,,,
HIST_FL_005653,HIST_FL_005653,HISTORICAL,FLOOD,2023,7,2023-07-01 00:00:00,month,,,missing,Uttar Pradesh,,1.0,,1.0,,,,,,,,,,,,,
HIST_FL_005654,HIST_FL_005654,HISTORICAL,FLOOD,2023,7,2023-07-01 00:00:00,month,,,missing,Uttar Pradesh,,4.0,,4.0,,,,,,,,,,,,,
HIST_FL_005655,HIST_FL_005655,HISTORICAL,FLOOD,2023,7,2023-07-01 00:00:00,month,,,missing,Uttar Pradesh,,4.0,,1.0,,,,,,,,,,,,,
HIST_FL_005656,HIST_FL_005656,HISTORICAL,FLOOD,2023,7,2023-07-01 00:00:00,month,,,missing,Uttar Pradesh,,4.0,,1.0,,,,,,,,,,,,,
HIST_FL_005657,HIST_FL_005657,HISTORICAL,FLOOD,2023,7,2023-07-01 00:00:00,month,,,missing,Uttar Pradesh,,4.0,,21.0,,,,,,,,,,,,,
HIST_FL_005658,HIST_FL_005658,HISTORICAL,FLOOD,2023,7,2023-07-01 00:00:00,month,,,missing,Uttar Pradesh,,1.0,,1.0,,,,,,,,,,,,,
HIST_FL_005659,HIST_FL_005659,HISTORICAL,FLOOD,2023,7,2023-07-01 00:00:00,month,,,missing,Uttar Pradesh,,1.0,,1.0,,,,,,,,,,,,,
HIST_FL_005660,HIST_FL_005660,HISTORICAL,FLOOD,2023,7,2023-07-01 00:00:00,month,,,missing,Uttar Pradesh,,1.0,,1.0,,,,,,,,,,,,,
HIST_FL_005661,HIST_FL_005661,HISTORICAL,FLOOD,2023,7,2023-07-01 00:00:00,month,,,missing,Uttar Pradesh,,1.0,,1.0,,,,,,,,,,,,,
HIST_FL_005662,HIST_FL_005662,HISTORICAL,FLOOD,2023,7,2023-07-01 00:00:00,month,,,missing,Uttar Pradesh,,1.0,,1.0,,,,,,,,,,,,,
HIST_FL_005663,HIST_FL_005663,HISTORICAL,FLOOD,2023,7,2023-07-01 00:00:00,month,,,missing,Uttar Pradesh,,1.0,,1.0,,,,,,,,,,,,,
HIST_FL_005664,HIST_FL_005664,HISTORICAL,FLOOD,2023,7,2023-07-01 00:00:00,month,,,missing,Uttar Pradesh,,1.0,,1.0,,,,,,,,,,,,,
HIST_FL_005665,HIST_FL_005665,HISTORICAL,FLOOD,2023,7,2023-07-01 00:00:00,month,,,missing,West Bengal,,1.0,,2.0,,,,,,,,,,,,,
HIST_FL_005666,HIST_FL_005666,HISTORICAL,FLOOD,2023,8,2023-08-01 00:00:00,month,,,missing,Assam,,1.0,,,,,,,,,,,,,,,
HIST_FL_005667,HIST_FL_005667,HISTORICAL,FLOOD,2023,8,2023-08-01 00:00:00,month,,,missing,Assam,,1.0,,,,,,,,,,,,,,,
HIST_FL_005668,HIST_FL_005668,HISTORICAL,FLOOD,2023,8,2023-08-01 00:00:00,month,,,missing,Assam,,1.0,,1.0,,,,,,,,,,,,,
HIST_FL_005669,HIST_FL_005669,HISTORICAL,FLOOD,2023,8,2023-08-01 00:00:00,month,,,missing,Assam,,1.0,,,,,,,,,,,,,,,
HIST_FL_005670,HIST_FL_005670,HISTORICAL,FLOOD,2023,8,2023-08-01 00:00:00,month,,,missing,Assam,,1.0,,,,,,,,,,,,,,,
HIST_FL_005671,HIST_FL_005671,HISTORICAL,FLOOD,2023,8,2023-08-01 00:00:00,month,,,missing,Assam,,1.0,,,,,,,,,,,,,,,
HIST_FL_005672,HIST_FL_005672,HISTORICAL,FLOOD,2023,8,2023-08-01 00:00:00,month,,,missing,Assam,,1.0,,,,,,,,,,,,,,,
HIST_FL_005673,HIST_FL_005673,HISTORICAL,FLOOD,2023,8,2023-08-01 00:00:00,month,,,missing,Assam,,1.0,,,,,,,,,,,,,,,
HIST_FL_005674,HIST_FL_005674,HISTORICAL,FLOOD,2023,8,2023-08-01 00:00:00,month,,,missing,Assam,,1.0,,1.0,,,,,,,,,,,,,
HIST_FL_005675,HIST_FL_005675,HISTORICAL,FLOOD,2023,8,2023-08-01 00:00:00,month,,,missing,Assam,,1.0,,,,,,,,,,,,,,,
HIST_FL_005676,HIST_FL_005676,HISTORICAL,FLOOD,2023,8,2023-08-01 00:00:00,month,,,missing,Assam,,1.0,,,,,,,,,,,,,,,
HIST_FL_005677,HIST_FL_005677,HISTORICAL,FLOOD,2023,8,2023-08-01 00:00:00,month,,,missing,Assam,,1.0,,,,,,,,,,,,,,,
HIST_FL_005678,HIST_FL_005678,HISTORICAL,FLOOD,2023,8,2023-08-01 00:00:00,month,,,missing,Assam,,1.0,,,,,,,,,,,,,,,
HIST_FL_005679,HIST_FL_005679,HISTORICAL,FLOOD,2023,8,2023-08-01 00:00:00,month,,,missing,Assam,,1.0,,,,,,,,,,,,,,,
HIST_FL_005680,HIST_FL_005680,HISTORICAL,FLOOD,2023,8,2023-08-01 00:00:00,month,,,missing,Assam,,1.0,,,,,,,,,,,,,,,
HIST_FL_005681,HIST_FL_005681,HISTORICAL,FLOOD,2023,8,2023-08-01 00:00:00,month,,,missing,Assam,,1.0,,,,,,,,,,,,,,,
HIST_FL_005682,HIST_FL_005682,HISTORICAL,FLOOD,2023,8,2023-08-01 00:00:00,month,,,missing,Assam,,1.0,,,,,,,,,,,,,,,
HIST_FL_005683,HIST_FL_005683,HISTORICAL,FLOOD,2023,8,2023-08-01 00:00:00,month,,,missing,Assam,,1.0,,,,,,,,,,,,,,,
HIST_FL_005684,HIST_FL_005684,HISTORICAL,FLOOD,2023,8,2023-08-01 00:00:00,month,,,missing,Assam,,1.0,,1.0,,,,,,,,,,,,,
HIST_FL_005685,HIST_FL_005685,HISTORICAL,FLOOD,2023,8,2023-08-01 00:00:00,month,,,missing,Assam,,1.0,,,,,,,,,,,,,,,
HIST_FL_005686,HIST_FL_005686,HISTORICAL,FLOOD,2023,8,2023-08-01 00:00:00,month,,,missing,Assam,,1.0,,,,,,,,,,,,,,,
HIST_FL_005687,HIST_FL_005687,HISTORICAL,FLOOD,2023,8,2023-08-01 00:00:00,month,,,missing,Assam,,1.0,,,,,,,,,,,,,,,
HIST_FL_005688,HIST_FL_005688,HISTORICAL,FLOOD,2023,8,2023-08-01 00:00:00,month,,,missing,Assam,,1.0,,,,,,,,,,,,,,,
HIST_FL_005689,HIST_FL_005689,HISTORICAL,FLOOD,2023,8,2023-08-01 00:00:00,month,,,missing,Assam,,1.0,,,,,,,,,,,,,,,
HIST_FL_005690,HIST_FL_005690,HISTORICAL,FLOOD,2023,8,2023-08-01 00:00:00,month,,,missing,Assam,,1.0,,,,,,,,,,,,,,,
HIST_FL_005691,HIST_FL_005691,HISTORICAL,FLOOD,2023,8,2023-08-01 00:00:00,month,,,missing,Assam,,1.0,,,,,,,,,,,,,,,
HIST_FL_005692,HIST_FL_005692,HISTORICAL,FLOOD,2023,8,2023-08-01 00:00:00,month,,,missing,Assam,,1.0,,,,,,,,,,,,,,,
HIST_FL_005693,HIST_FL_005693,HISTORICAL,FLOOD,2023,8,2023-08-01 00:00:00,month,,,missing,Assam,,1.0,,2.0,,,,,,,,,,,,,
HIST_FL_005694,HIST_FL_005694,HISTORICAL,FLOOD,2023,8,2023-08-01 00:00:00,month,,,missing,Assam,,1.0,,,,,,,,,,,,,,,
HIST_FL_005695,HIST_FL_005695,HISTORICAL,FLOOD,2023,8,2023-08-01 00:00:00,month,,,missing,Assam,,1.0,,,,,,,,,,,,,,,
HIST_FL_005696,HIST_FL_005696,HISTORICAL,FLOOD,2023,8,2023-08-01 00:00:00,month,,,missing,Assam,,1.0,,,,,,,,,,,,,,,
HIST_FL_005697,HIST_FL_005697,HISTORICAL,FLOOD,2023,8,2023-08-01 00:00:00,month,,,missing,Assam,,1.0,,,,,,,,,,,,,,,
HIST_FL_005698,HIST_FL_005698,HISTORICAL,FLOOD,2023,8,2023-08-01 00:00:00,month,,,missing,Assam,,1.0,,,,,,,,,,,,,,,
HIST_FL_005699,HIST_FL_005699,HISTORICAL,FLOOD,2023,8,2023-08-01 00:00:00,month,,,missing,Assam,,1.0,,,,,,,,,,,,,,,
HIST_FL_005700,HIST_FL_005700,HISTORICAL,FLOOD,2023,8,2023-08-01 00:00:00,month,,,missing,Assam,,1.0,,,,,,,,,,,,,,,
HIST_FL_005701,HIST_FL_005701,HISTORICAL,FLOOD,2023,8,2023-08-01 00:00:00,month,,,missing,Assam,,1.0,,,,,,,,,,,,,,,
HIST_FL_005702,HIST_FL_005702,HISTORICAL,FLOOD,2023,8,2023-08-01 00:00:00,month,,,missing,Assam,,1.0,,,,,,,,,,,,,,,
HIST_FL_005703,HIST_FL_005703,HISTORICAL,FLOOD,2023,8,2023-08-01 00:00:00,month,,,missing,Assam,,1.0,,,,,,,,,,,,,,,
HIST_FL_005704,HIST_FL_005704,HISTORICAL,FLOOD,2023,8,2023-08-01 00:00:00,month,,,missing,Assam,,1.0,,,,,,,,,,,,,,,
HIST_FL_005705,HIST_FL_005705,HISTORICAL,FLOOD,2023,8,2023-08-01 00:00:00,month,,,missing,Assam,,1.0,,,,,,,,,,,,,,,
HIST_FL_005706,HIST_FL_005706,HISTORICAL,FLOOD,2023,8,2023-08-01 00:00:00,month,,,missing,Assam,,1.0,,,,,,,,,,,,,,,
HIST_FL_005707,HIST_FL_005707,HISTORICAL,FLOOD,2023,8,2023-08-01 00:00:00,month,,,missing,Assam,,1.0,,1.0,,,,,,,,,,,,,
HIST_FL_005708,HIST_FL_005708,HISTORICAL,FLOOD,2023,8,2023-08-01 00:00:00,month,,,missing,Assam,,1.0,,,,,,,,,,,,,,,
HIST_FL_005709,HIST_FL_005709,HISTORICAL,FLOOD,2023,8,2023-08-01 00:00:00,month,,,missing,Assam,,1.0,,,,,,,,,,,,,,,
HIST_FL_005710,HIST_FL_005710,HISTORICAL,FLOOD,2023,8,2023-08-01 00:00:00,month,,,missing,Assam,,1.0,,,,,,,,,,,,,,,
HIST_FL_005711,HIST_FL_005711,HISTORICAL,FLOOD,2023,8,2023-08-01 00:00:00,month,,,missing,Assam,,1.0,,,,,,,,,,,,,,,
HIST_FL_005712,HIST_FL_005712,HISTORICAL,FLOOD,2023,8,2023-08-01 00:00:00,month,,,missing,Assam,,1.0,,,,,,,,,,,,,,,
HIST_FL_005713,HIST_FL_005713,HISTORICAL,FLOOD,2023,8,2023-08-01 00:00:00,month,,,missing,Assam,,1.0,,,,,,,,,,,,,,,
HIST_FL_005714,HIST_FL_005714,HISTORICAL,FLOOD,2023,8,2023-08-01 00:00:00,month,,,missing,Assam,,1.0,,,,,,,,,,,,,,,
HIST_FL_005715,HIST_FL_005715,HISTORICAL,FLOOD,2023,8,2023-08-01 00:00:00,month,,,missing,Assam,,1.0,,,,,,,,,,,,,,,
HIST_FL_005716,HIST_FL_005716,HISTORICAL,FLOOD,2023,8,2023-08-01 00:00:00,month,,,missing,Assam,,1.0,,,,,,,,,,,,,,,
HIST_FL_005717,HIST_FL_005717,HISTORICAL,FLOOD,2023,8,2023-08-01 00:00:00,month,,,missing,Assam,,1.0,,,,,,,,,,,,,,,
HIST_FL_005718,HIST_FL_005718,HISTORICAL,FLOOD,2023,8,2023-08-01 00:00:00,month,,,missing,Assam,,1.0,,,,,,,,,,,,,,,
HIST_FL_005719,HIST_FL_005719,HISTORICAL,FLOOD,2023,8,2023-08-01 00:00:00,month,,,missing,Assam,,1.0,,,,,,,,,,,,,,,
HIST_FL_005720,HIST_FL_005720,HISTORICAL,FLOOD,2023,8,2023-08-01 00:00:00,month,,,missing,Assam,,1.0,,1.0,,,,,,,,,,,,,
HIST_FL_005721,HIST_FL_005721,HISTORICAL,FLOOD,2023,8,2023-08-01 00:00:00,month,,,missing,Assam,,1.0,,,,,,,,,,,,,,,
HIST_FL_005722,HIST_FL_005722,HISTORICAL,FLOOD,2023,8,2023-08-01 00:00:00,month,,,missing,Assam,,1.0,,,,,,,,,,,,,,,
HIST_FL_005723,HIST_FL_005723,HISTORICAL,FLOOD,2023,8,2023-08-01 00:00:00,month,,,missing,Assam,,1.0,,,,,,,,,,,,,,,
HIST_FL_005724,HIST_FL_005724,HISTORICAL,FLOOD,2023,8,2023-08-01 00:00:00,month,,,missing,Assam,,1.0,,,,,,,,,,,,,,,
HIST_FL_005725,HIST_FL_005725,HISTORICAL,FLOOD,2023,8,2023-08-01 00:00:00,month,,,missing,Assam,,1.0,,,,,,,,,,,,,,,
HIST_FL_005726,HIST_FL_005726,HISTORICAL,FLOOD,2023,8,2023-08-01 00:00:00,month,,,missing,Assam,,1.0,,,,,,,,,,,,,,,
HIST_FL_005727,HIST_FL_005727,HISTORICAL,FLOOD,2023,8,2023-08-01 00:00:00,month,,,missing,Assam,,1.0,,,,,,,,,,,,,,,
HIST_FL_005728,HIST_FL_005728,HISTORICAL,FLOOD,2023,8,2023-08-01 00:00:00,month,,,missing,Assam,,1.0,,,,,,,,,,,,,,,
HIST_FL_005729,HIST_FL_005729,HISTORICAL,FLOOD,2023,8,2023-08-01 00:00:00,month,,,missing,Assam,,1.0,,,,,,,,,,,,,,,
HIST_FL_005730,HIST_FL_005730,HISTORICAL,FLOOD,2023,8,2023-08-01 00:00:00,month,,,missing,Himachal Pradesh,,1.0,,5.0,,,,,,,,,,,,,
HIST_FL_005731,HIST_FL_005731,HISTORICAL,FLOOD,2023,8,2023-08-01 00:00:00,month,,,missing,Himachal Pradesh,,1.0,,7.0,,,,,,,,,,,,,
HIST_FL_005732,HIST_FL_005732,HISTORICAL,FLOOD,2023,8,2023-08-01 00:00:00,month,,,missing,Himachal Pradesh,,1.0,,1.0,,,,,,,,,,,,,
HIST_FL_005733,HIST_FL_005733,HISTORICAL,FLOOD,2023,8,2023-08-01 00:00:00,month,,,missing,Himachal Pradesh,,1.0,,2.0,,,,,,,,,,,,,
HIST_FL_005734,HIST_FL_005734,HISTORICAL,FLOOD,2023,8,2023-08-01 00:00:00,month,,,missing,Himachal Pradesh,,1.0,,,,,,,,,,,,,,,
HIST_FL_005735,HIST_FL_005735,HISTORICAL,FLOOD,2023,8,2023-08-01 00:00:00,month,,,missing,Himachal Pradesh,,1.0,,,,,,,,,,,,,,,
HIST_FL_005736,HIST_FL_005736,HISTORICAL,FLOOD,2023,8,2023-08-01 00:00:00,month,,,missing,Himachal Pradesh,,1.0,,1.0,,,,,,,,,,,,,
HIST_FL_005737,HIST_FL_005737,HISTORICAL,FLOOD,2023,8,2023-08-01 00:00:00,month,,,missing,Himachal Pradesh,,1.0,,7.0,,,,,,,,,,,,,
HIST_FL_005738,HIST_FL_005738,HISTORICAL,FLOOD,2023,8,2023-08-01 00:00:00,month,,,missing,Himachal Pradesh,,1.0,,3.0,,,,,,,,,,,,,
HIST_FL_005739,HIST_FL_005739,HISTORICAL,FLOOD,2023,8,2023-08-01 00:00:00,month,,,missing,Himachal Pradesh,,1.0,,3.0,,,,,,,,,,,,,
HIST_FL_005740,HIST_FL_005740,HISTORICAL,FLOOD,2023,8,2023-08-01 00:00:00,month,,,missing,Himachal Pradesh,,1.0,,14.0,,,,,,,,,,,,,
HIST_FL_005741,HIST_FL_005741,HISTORICAL,FLOOD,2023,8,2023-08-01 00:00:00,month,,,missing,Himachal Pradesh,,1.0,,22.0,,,,,,,,,,,,,
HIST_FL_005742,HIST_FL_005742,HISTORICAL,FLOOD,2023,8,2023-08-01 00:00:00,month,,,missing,Himachal Pradesh,,1.0,,2.0,,,,,,,,,,,,,
HIST_FL_005743,HIST_FL_005743,HISTORICAL,FLOOD,2023,8,2023-08-01 00:00:00,month,,,missing,Himachal Pradesh,,1.0,,2.0,,,,,,,,,,,,,
HIST_FL_005744,HIST_FL_005744,HISTORICAL,FLOOD,2023,8,2023-08-01 00:00:00,month,,,missing,Himachal Pradesh,,5.0,,,,,,,,,,,,,,,
HIST_FL_005745,HIST_FL_005745,HISTORICAL,FLOOD,2023,8,2023-08-01 00:00:00,month,,,missing,Himachal Pradesh,,5.0,,,,,,,,,,,,,,,
HIST_FL_005746,HIST_FL_005746,HISTORICAL,FLOOD,2023,8,2023-08-01 00:00:00,month,,,missing,Himachal Pradesh,,5.0,,,,,,,,,,,,,,,
HIST_FL_005747,HIST_FL_005747,HISTORICAL,FLOOD,2023,8,2023-08-01 00:00:00,month,,,missing,Himachal Pradesh,,5.0,,,,,,,,,,,,,,,
HIST_FL_005748,HIST_FL_005748,HISTORICAL,FLOOD,2023,8,2023-08-01 00:00:00,month,,,missing,Himachal Pradesh,,5.0,,,,,,,,,,,,,,,
HIST_FL_005749,HIST_FL_005749,HISTORICAL,FLOOD,2023,8,2023-08-01 00:00:00,month,,,missing,Himachal Pradesh,,2.0,,,,,,,,,,,,,,,
HIST_FL_005750,HIST_FL_005750,HISTORICAL,FLOOD,2023,8,2023-08-01 00:00:00,month,,,missing,Himachal Pradesh,,2.0,,,,,,,,,,,,,,,
HIST_FL_005751,HIST_FL_005751,HISTORICAL,FLOOD,2023,8,2023-08-01 00:00:00,month,,,missing,Himachal Pradesh,,2.0,,,,,,,,,,,,,,,
HIST_FL_005752,HIST_FL_005752,HISTORICAL,FLOOD,2023,8,2023-08-01 00:00:00,month,,,missing,Himachal Pradesh,,2.0,,,,,,,,,,,,,,,
HIST_FL_005753,HIST_FL_005753,HISTORICAL,FLOOD,2023,8,2023-08-01 00:00:00,month,,,missing,Himachal Pradesh,,2.0,,,,,,,,,,,,,,,
HIST_FL_005754,HIST_FL_005754,HISTORICAL,FLOOD,2023,8,2023-08-01 00:00:00,month,,,missing,Himachal Pradesh,,2.0,,,,,,,,,,,,,,,
HIST_FL_005755,HIST_FL_005755,HISTORICAL,FLOOD,2023,8,2023-08-01 00:00:00,month,,,missing,Himachal Pradesh,,2.0,,,,,,,,,,,,,,,
HIST_FL_005756,HIST_FL_005756,HISTORICAL,FLOOD,2023,8,2023-08-01 00:00:00,month,,,missing,Himachal Pradesh,,2.0,,,,,,,,,,,,,,,
HIST_FL_005757,HIST_FL_005757,HISTORICAL,FLOOD,2023,8,2023-08-01 00:00:00,month,,,missing,Himachal Pradesh,,1.0,,5.0,,,,,,,,,,,,,
HIST_FL_005758,HIST_FL_005758,HISTORICAL,FLOOD,2023,8,2023-08-01 00:00:00,month,,,missing,Himachal Pradesh,,1.0,,2.0,,,,,,,,,,,,,
HIST_FL_005759,HIST_FL_005759,HISTORICAL,FLOOD,2023,8,2023-08-01 00:00:00,month,,,missing,Jammu and Kashmir,,1.0,,8.0,,,,,,,,,,,,,
HIST_FL_005760,HIST_FL_005760,HISTORICAL,FLOOD,2023,8,2023-08-01 00:00:00,month,,,missing,Madhya Pradesh,,1.0,,1.0,,,,,,,,,,,,,
HIST_FL_005761,HIST_FL_005761,HISTORICAL,FLOOD,2023,8,2023-08-01 00:00:00,month,,,missing,Madhya Pradesh,,1.0,,1.0,,,,,,,,,,,,,
HIST_FL_005762,HIST_FL_005762,HISTORICAL,FLOOD,2023,8,2023-08-01 00:00:00,month,,,missing,Maharashtra,,1.0,,1.0,,,,,,,,,,,,,
HIST_FL_005763,HIST_FL_005763,HISTORICAL,FLOOD,2023,8,2023-08-01 00:00:00,month,,,missing,Odisha,,2.0,,2.0,,,,,,,,,,,,,
HIST_FL_005764,HIST_FL_005764,HISTORICAL,FLOOD,2023,8,2023-08-01 00:00:00,month,,,missing,Odisha,,2.0,,1.0,,,,,,,,,,,,,
HIST_FL_005765,HIST_FL_005765,HISTORICAL,FLOOD,2023,8,2023-08-01 00:00:00,month,,,missing,Odisha,,2.0,,1.0,,,,,,,,,,,,,
HIST_FL_005766,HIST_FL_005766,HISTORICAL,FLOOD,2023,8,2023-08-01 00:00:00,month,,,missing,Sikkim,,1.0,,1.0,,,,,,,,,,,,,
HIST_FL_005767,HIST_FL_005767,HISTORICAL,FLOOD,2023,8,2023-08-01 00:00:00,month,,,missing,Uttarakhand,,1.0,,10.0,,,,,,,,,,,,,
HIST_FL_005768,HIST_FL_005768,HISTORICAL,FLOOD,2023,8,2023-08-01 00:00:00,month,,,missing,Uttarakhand,,1.0,,2.0,,,,,,,,,,,,,
HIST_FL_005769,HIST_FL_005769,HISTORICAL,FLOOD,2023,8,2023-08-01 00:00:00,month,,,missing,Uttarakhand,,1.0,,3.0,,,,,,,,,,,,,
HIST_FL_005770,HIST_FL_005770,HISTORICAL,FLOOD,2023,8,2023-08-01 00:00:00,month,,,missing,Uttarakhand,,1.0,,7.0,,,,,,,,,,,,,
HIST_FL_005771,HIST_FL_005771,HISTORICAL,FLOOD,2023,8,2023-08-01 00:00:00,month,,,missing,Uttarakhand,,1.0,,1.0,,,,,,,,,,,,,
HIST_FL_005772,HIST_FL_005772,HISTORICAL,FLOOD,2023,8,2023-08-01 00:00:00,month,,,missing,Uttarakhand,,1.0,,5.0,,,,,,,,,,,,,
HIST_FL_005773,HIST_FL_005773,HISTORICAL,FLOOD,2023,8,2023-08-01 00:00:00,month,,,missing,Uttarakhand,,1.0,,4.0,,,,,,,,,,,,,
HIST_FL_005774,HIST_FL_005774,HISTORICAL,FLOOD,2023,8,2023-08-01 00:00:00,month,,,missing,Uttarakhand,,1.0,,4.0,,,,,,,,,,,,,
HIST_FL_005775,HIST_FL_005775,HISTORICAL,FLOOD,2023,8,2023-08-01 00:00:00,month,,,missing,Uttarakhand,,1.0,,,,,,,,,,,,,,,
HIST_FL_005776,HIST_FL_005776,HISTORICAL,FLOOD,2023,8,2023-08-01 00:00:00,month,,,missing,Uttarakhand,,1.0,,5.0,,,,,,,,,,,,,
HIST_FL_005777,HIST_FL_005777,HISTORICAL,FLOOD,2023,8,2023-08-01 00:00:00,month,,,missing,Uttarakhand,,1.0,,1.0,,,,,,,,,,,,,
HIST_FL_005778,HIST_FL_005778,HISTORICAL,FLOOD,2023,8,2023-08-01 00:00:00,month,,,missing,Uttarakhand,,1.0,,2.0,,,,,,,,,,,,,
HIST_FL_005779,HIST_FL_005779,HISTORICAL,FLOOD,2023,8,2023-08-01 00:00:00,month,,,missing,Uttar Pradesh,,1.0,,2.0,,,,,,,,,,,,,
HIST_FL_005780,HIST_FL_005780,HISTORICAL,FLOOD,2023,8,2023-08-01 00:00:00,month,,,missing,Uttar Pradesh,,1.0,,2.0,,,,,,,,,,,,,
HIST_FL_005781,HIST_FL_005781,HISTORICAL,FLOOD,2023,8,2023-08-01 00:00:00,month,,,missing,West Bengal,,1.0,,1.0,,,,,,,,,,,,,
HIST_FL_005782,HIST_FL_005782,HISTORICAL,FLOOD,2023,9,2023-09-01 00:00:00,month,,,missing,Assam,,1.0,,,,,,,,,,,,,,,
HIST_FL_005783,HIST_FL_005783,HISTORICAL,FLOOD,2023,9,2023-09-01 00:00:00,month,,,missing,Assam,,1.0,,,,,,,,,,,,,,,
HIST_FL_005784,HIST_FL_005784,HISTORICAL,FLOOD,2023,9,2023-09-01 00:00:00,month,,,missing,Assam,,1.0,,,,,,,,,,,,,,,
HIST_FL_005785,HIST_FL_005785,HISTORICAL,FLOOD,2023,9,2023-09-01 00:00:00,month,,,missing,Assam,,1.0,,1.0,,,,,,,,,,,,,
HIST_FL_005786,HIST_FL_005786,HISTORICAL,FLOOD,2023,9,2023-09-01 00:00:00,month,,,missing,Assam,,1.0,,,,,,,,,,,,,,,
HIST_FL_005787,HIST_FL_005787,HISTORICAL,FLOOD,2023,9,2023-09-01 00:00:00,month,,,missing,Assam,,1.0,,,,,,,,,,,,,,,
HIST_FL_005788,HIST_FL_005788,HISTORICAL,FLOOD,2023,9,2023-09-01 00:00:00,month,,,missing,Assam,,1.0,,,,,,,,,,,,,,,
HIST_FL_005789,HIST_FL_005789,HISTORICAL,FLOOD,2023,9,2023-09-01 00:00:00,month,,,missing,Assam,,1.0,,,,,,,,,,,,,,,
HIST_FL_005790,HIST_FL_005790,HISTORICAL,FLOOD,2023,9,2023-09-01 00:00:00,month,,,missing,Assam,,1.0,,,,,,,,,,,,,,,
HIST_FL_005791,HIST_FL_005791,HISTORICAL,FLOOD,2023,9,2023-09-01 00:00:00,month,,,missing,Assam,,1.0,,,,,,,,,,,,,,,
HIST_FL_005792,HIST_FL_005792,HISTORICAL,FLOOD,2023,9,2023-09-01 00:00:00,month,,,missing,Assam,,1.0,,,,,,,,,,,,,,,
HIST_FL_005793,HIST_FL_005793,HISTORICAL,FLOOD,2023,9,2023-09-01 00:00:00,month,,,missing,Assam,,1.0,,,,,,,,,,,,,,,
HIST_FL_005794,HIST_FL_005794,HISTORICAL,FLOOD,2023,9,2023-09-01 00:00:00,month,,,missing,Assam,,1.0,,,,,,,,,,,,,,,
HIST_FL_005795,HIST_FL_005795,HISTORICAL,FLOOD,2023,9,2023-09-01 00:00:00,month,,,missing,Assam,,1.0,,,,,,,,,,,,,,,
HIST_FL_005796,HIST_FL_005796,HISTORICAL,FLOOD,2023,9,2023-09-01 00:00:00,month,,,missing,Assam,,1.0,,,,,,,,,,,,,,,
HIST_FL_005797,HIST_FL_005797,HISTORICAL,FLOOD,2023,9,2023-09-01 00:00:00,month,,,missing,Assam,,1.0,,,,,,,,,,,,,,,
HIST_FL_005798,HIST_FL_005798,HISTORICAL,FLOOD,2023,9,2023-09-01 00:00:00,month,,,missing,Assam,,1.0,,,,,,,,,,,,,,,
HIST_FL_005799,HIST_FL_005799,HISTORICAL,FLOOD,2023,9,2023-09-01 00:00:00,month,,,missing,Assam,,1.0,,,,,,,,,,,,,,,
HIST_FL_005800,HIST_FL_005800,HISTORICAL,FLOOD,2023,9,2023-09-01 00:00:00,month,,,missing,Assam,,1.0,,,,,,,,,,,,,,,
HIST_FL_005801,HIST_FL_005801,HISTORICAL,FLOOD,2023,9,2023-09-01 00:00:00,month,,,missing,Assam,,1.0,,,,,,,,,,,,,,,
HIST_FL_005802,HIST_FL_005802,HISTORICAL,FLOOD,2023,9,2023-09-01 00:00:00,month,,,missing,Assam,,1.0,,,,,,,,,,,,,,,
HIST_FL_005803,HIST_FL_005803,HISTORICAL,FLOOD,2023,9,2023-09-01 00:00:00,month,,,missing,Assam,,1.0,,,,,,,,,,,,,,,
HIST_FL_005804,HIST_FL_005804,HISTORICAL,FLOOD,2023,9,2023-09-01 00:00:00,month,,,missing,Assam,,1.0,,,,,,,,,,,,,,,
HIST_FL_005805,HIST_FL_005805,HISTORICAL,FLOOD,2023,9,2023-09-01 00:00:00,month,,,missing,Assam,,1.0,,,,,,,,,,,,,,,
HIST_FL_005806,HIST_FL_005806,HISTORICAL,FLOOD,2023,9,2023-09-01 00:00:00,month,,,missing,Assam,,1.0,,,,,,,,,,,,,,,
HIST_FL_005807,HIST_FL_005807,HISTORICAL,FLOOD,2023,9,2023-09-01 00:00:00,month,,,missing,Assam,,1.0,,,,,,,,,,,,,,,
HIST_FL_005808,HIST_FL_005808,HISTORICAL,FLOOD,2023,9,2023-09-01 00:00:00,month,,,missing,Assam,,1.0,,,,,,,,,,,,,,,
HIST_FL_005809,HIST_FL_005809,HISTORICAL,FLOOD,2023,9,2023-09-01 00:00:00,month,,,missing,Assam,,1.0,,,,,,,,,,,,,,,
HIST_FL_005810,HIST_FL_005810,HISTORICAL,FLOOD,2023,9,2023-09-01 00:00:00,month,,,missing,Assam,,1.0,,,,,,,,,,,,,,,
HIST_FL_005811,HIST_FL_005811,HISTORICAL,FLOOD,2023,9,2023-09-01 00:00:00,month,,,missing,Assam,,1.0,,,,,,,,,,,,,,,
HIST_FL_005812,HIST_FL_005812,HISTORICAL,FLOOD,2023,9,2023-09-01 00:00:00,month,,,missing,Gujarat,,1.0,,2.0,,,,,,,,,,,,,
HIST_FL_005813,HIST_FL_005813,HISTORICAL,FLOOD,2023,9,2023-09-01 00:00:00,month,,,missing,Jammu and Kashmir,,1.0,,4.0,,,,,,,,,,,,,
HIST_FL_005814,HIST_FL_005814,HISTORICAL,FLOOD,2023,9,2023-09-01 00:00:00,month,,,missing,Maharashtra,,1.0,,1.0,,,,,,,,,,,,,
HIST_FL_005815,HIST_FL_005815,HISTORICAL,FLOOD,2023,9,2023-09-01 00:00:00,month,,,missing,Mizoram,,1.0,,1.0,,,,,,,,,,,,,
HIST_FL_005816,HIST_FL_005816,HISTORICAL,FLOOD,2023,9,2023-09-01 00:00:00,month,,,missing,Uttar Pradesh,,2.0,,,,,,,,,,,,,,,
HIST_FL_005817,HIST_FL_005817,HISTORICAL,FLOOD,2023,9,2023-09-01 00:00:00,month,,,missing,Uttar Pradesh,,2.0,,,,,,,,,,,,,,,
HIST_FL_005818,HIST_FL_005818,HISTORICAL,FLOOD,2023,9,2023-09-01 00:00:00,month,,,missing,Uttar Pradesh,,2.0,,,,,,,,,,,,,,,
HIST_FL_005819,HIST_FL_005819,HISTORICAL,FLOOD,2023,9,2023-09-01 00:00:00,month,,,missing,Uttar Pradesh,,2.0,,1.0,,,,,,,,,,,,,
HIST_FL_005820,HIST_FL_005820,HISTORICAL,FLOOD,2023,9,2023-09-01 00:00:00,month,,,missing,Uttar Pradesh,,2.0,,1.0,,,,,,,,,,,,,
HIST_FL_005821,HIST_FL_005821,HISTORICAL,FLOOD,2023,9,2023-09-01 00:00:00,month,,,missing,Uttar Pradesh,,2.0,,,,,,,,,,,,,,,
HIST_FL_005822,HIST_FL_005822,HISTORICAL,FLOOD,2023,9,2023-09-01 00:00:00,month,,,missing,Uttar Pradesh,,2.0,,,,,,,,,,,,,,,
HIST_FL_005823,HIST_FL_005823,HISTORICAL,FLOOD,2023,9,2023-09-01 00:00:00,month,,,missing,Uttar Pradesh,,2.0,,2.0,,,,,,,,,,,,,
HIST_FL_005824,HIST_FL_005824,HISTORICAL,FLOOD,2023,9,2023-09-01 00:00:00,month,,,missing,Uttar Pradesh,,2.0,,,,,,,,,,,,,,,
HIST_FL_005825,HIST_FL_005825,HISTORICAL,FLOOD,2023,9,2023-09-01 00:00:00,month,,,missing,Uttar Pradesh,,2.0,,1.0,,,,,,,,,,,,,
HIST_FL_005826,HIST_FL_005826,HISTORICAL,FLOOD,2023,9,2023-09-01 00:00:00,month,,,missing,Uttar Pradesh,,2.0,,,,,,,,,,,,,,,
HIST_FL_005827,HIST_FL_005827,HISTORICAL,FLOOD,2023,9,2023-09-01 00:00:00,month,,,missing,Uttar Pradesh,,2.0,,,,,,,,,,,,,,,
HIST_FL_005828,HIST_FL_005828,HISTORICAL,FLOOD,2023,9,2023-09-01 00:00:00,month,,,missing,Uttar Pradesh,,2.0,,,,,,,,,,,,,,,
HIST_FL_005829,HIST_FL_005829,HISTORICAL,FLOOD,2023,9,2023-09-01 00:00:00,month,,,missing,Uttar Pradesh,,2.0,,,,,,,,,,,,,,,
HIST_FL_005830,HIST_FL_005830,HISTORICAL,FLOOD,2023,9,2023-09-01 00:00:00,month,,,missing,Uttar Pradesh,,2.0,,,,,,,,,,,,,,,
HIST_FL_005831,HIST_FL_005831,HISTORICAL,FLOOD,2023,9,2023-09-01 00:00:00,month,,,missing,Uttar Pradesh,,2.0,,,,,,,,,,,,,,,
HIST_FL_005832,HIST_FL_005832,HISTORICAL,FLOOD,2023,9,2023-09-01 00:00:00,month,,,missing,Uttar Pradesh,,2.0,,,,,,,,,,,,,,,
GDACS_FL_1100273,GDACS_FL_1100273,GDACS,FLOOD,2019,11,2019-11-09 00:00:00,day,22.701,90.3538,exact,,,3.0,,,Red,3.0,"Flood in Bangladesh, India",1.0,Bangladesh,,"Bangladesh, India",BGD,2019-11-09 00:00:00,2019-11-12 00:00:00,2019-12-05 14:31:20,GLOFAS,"{'severity': 0.0, 'severitytext': 'Magnitude 0 ', 'severityunit': ''}"
GDACS_FL_1100129,GDACS_FL_1100129,GDACS,FLOOD,2019,8,2019-08-06 00:00:00,day,19.3893,85.052,exact,Odisha,Ganjam,0.0,,,Orange,2.0,Flood in India,3.0,India,,India,IND,2019-08-06 00:00:00,2019-08-06 00:00:00,2019-10-01 13:38:10,GLOFAS,"{'severity': 0.0, 'severitytext': 'Magnitude 0 ', 'severityunit': ''}"
GDACS_FL_1100103,GDACS_FL_1100103,GDACS,FLOOD,2019,6,2019-06-25 00:00:00,day,16.1998,77.3441,exact,Karnataka,Raichur,40.0,,,Orange,2.0,Flood in India,9.0,India,,India,IND,2019-06-25 00:00:00,2019-08-04 00:00:00,2019-10-01 13:40:53,GLOFAS,"{'severity': 0.0, 'severitytext': 'Magnitude 0 ', 'severityunit': ''}"
GDACS_FL_1000229,GDACS_FL_1000229,GDACS,FLOOD,2019,3,2019-03-16 00:00:00,day,-4.845,138.704,exact,,,7.0,,,Orange,2.0,Flood in Indonesia,1.0,,,Indonesia,IDN,2019-03-16 00:00:00,2019-03-23 00:00:00,,JRC,"{'severity': 0.0, 'severitytext': 'Magnitude 0.00', 'severityunit': ''}"
GDACS_FL_1100696,GDACS_FL_1100696,GDACS,FLOOD,2020,12,2020-12-02 00:00:00,day,11.1017,79.6525,exact,Tamil Nadu,Nagapattinam,6.0,,,Orange,2.0,Flood in India,1.0,India,,India,IND,2020-12-02 00:00:00,2020-12-08 00:00:00,2020-12-17 11:01:02,GLOFAS,"{'severity': 0.0, 'severitytext': 'Magnitude 0 ', 'severityunit': ''}"
GDACS_FL_1100316,GDACS_FL_1100316,GDACS,FLOOD,2019,12,2019-12-31 13:00:00,day,-0.5023,117.1229,exact,,,9.458333333333334,,,Orange,2.0,Flood in Indonesia,5.0,Indonesia,,Indonesia,IDN,2019-12-31 13:00:00,2020-01-10 00:00:00,2020-01-24 15:04:28,GLOFAS,"{'severity': 0.0, 'severitytext': 'Magnitude 0 ', 'severityunit': ''}"
GDACS_FL_1101164,GDACS_FL_1101164,GDACS,FLOOD,2021,11,2021-11-14 01:00:00,day,15.9241,80.1864,exact,Andhra Pradesh,Prakasam,4.0,,,Orange,2.0,Flood in India,2.0,India,,India,IND,2021-11-14 01:00:00,2021-11-18 01:00:00,2021-11-25 13:54:55,GLOFAS,"{'severity': 0.0, 'severitytext': 'Magnitude 0 ', 'severityunit': ''}"
GDACS_FL_1101125,GDACS_FL_1101125,GDACS,FLOOD,2021,10,2021-10-12 01:00:00,day,30.0417,79.0897,exact,Uttarakhand,Pauri Garhwal,7.0,,,Orange,2.0,Flood in India,3.0,India,,India,IND,2021-10-12 01:00:00,2021-10-19 01:00:00,2021-10-27 09:06:23,GLOFAS,"{'severity': 0.0, 'severitytext': 'Magnitude 0 ', 'severityunit': ''}"
GDACS_FL_1100977,GDACS_FL_1100977,GDACS,FLOOD,2021,7,2021-07-24 01:00:00,day,31.2396,77.7198,exact,Himachal Pradesh,Shimla,69.0,,,Red,3.0,Flood in India,26.0,India,FL-2021-000093-IND,India,IND,2021-07-24 01:00:00,2021-10-01 01:00:00,,GLOFAS,"{'severity': 0.0, 'severitytext': 'Magnitude 0 ', 'severityunit': ''}"
GDACS_FL_1100902,GDACS_FL_1100902,GDACS,FLOOD,2021,5,2021-05-24 01:00:00,day,23.456,85.2557,exact,Jharkhand,Ranchi,7.0,,,Red,3.0,"Flood in Bangladesh, India",1.0,"Bangladesh, India",,"Bangladesh, India",BGD,2021-05-24 01:00:00,2021-05-31 01:00:00,2021-06-07 13:06:02,GLOFAS,"{'severity': 0.0, 'severitytext': 'Magnitude 0 ', 'severityunit': ''}"
GDACS_FL_1100883,GDACS_FL_1100883,GDACS,FLOOD,2021,5,2021-05-11 01:00:00,day,10.8132,73.6805,exact,,,6.0,,,Orange,2.0,Flood in India,4.0,India,,India,IND,2021-05-11 01:00:00,2021-05-17 01:00:00,2021-06-07 13:09:14,GLOFAS,"{'severity': 0.0, 'severitytext': 'Magnitude 0 ', 'severityunit': ''}"
GDACS_FL_1100810,GDACS_FL_1100810,GDACS,FLOOD,2021,4,2021-04-03 01:00:00,day,-8.5152,125.8376,exact,,,7.0,,,Orange,2.0,Flood in Indonesia,1.0,Indonesia,FL-2021-000030-IDN,Indonesia,IDN,2021-04-03 01:00:00,2021-04-10 01:00:00,,GLOFAS,"{'severity': 0.0, 'severitytext': 'Magnitude 0 ', 'severityunit': ''}"
GDACS_FL_1100755,GDACS_FL_1100755,GDACS,FLOOD,2021,2,2021-02-07 00:00:00,day,30.2982,79.5672,exact,Uttarakhand,Chamoli,0.0,,,Orange,2.0,Flood in India,2.0,India,,India,IND,2021-02-07 00:00:00,2021-02-07 00:00:00,2021-02-17 16:01:36,GLOFAS,"{'severity': 0.0, 'severitytext': 'Magnitude 0 ', 'severityunit': ''}"
GDACS_FL_1101588,GDACS_FL_1101588,GDACS,FLOOD,2022,8,2022-08-11 01:00:00,day,27.1303,80.8597,exact,Uttar Pradesh,Sitapur,17.0,,,Orange,2.0,Flood in India,7.0,India,,India,IND,2022-08-11 01:00:00,2022-08-28 01:00:00,2022-09-02 08:01:55,GLOFAS,"{'severity': 0.0, 'severitytext': 'Magnitude 0 ', 'severityunit': ''}"
GDACS_FL_1102135,GDACS_FL_1102135,GDACS,FLOOD,2023,7,2023-07-07 01:00:00,day,31.8168,77.3493,exact,Himachal Pradesh,Kullu,3.0,,,Orange,2.0,Flood in India,3.0,,,India,IND,2023-07-07 01:00:00,2023-07-10 01:00:00,2023-07-19 07:02:08,GLOFAS,"{'severity': 0.0, 'severitytext': 'Magnitude 0 ', 'severityunit': ''}"
GDACS_FL_1102077,GDACS_FL_1102077,GDACS,FLOOD,2023,6,2023-06-14 01:00:00,day,22.385,71.7453,exact,Gujarat,Surendranagar,2.0,,,Orange,2.0,"Flood in India, Pakistan",1.0,,FL-2023-000104-IND,"India, Pakistan",IND,2023-06-14 01:00:00,2023-06-16 01:00:00,2023-06-21 07:00:07,GLOFAS,"{'severity': 0.0, 'severitytext': 'Magnitude 0 ', 'severityunit': ''}"
GDACS_FL_1102000,GDACS_FL_1102000,GDACS,FLOOD,2023,5,2023-05-13 01:00:00,day,20.15,92.9,exact,,,2.0,,,Red,3.0,"Flood in Bangladesh, India, Myanmar",1.0,,FL-2023-000073-BGD,"Bangladesh, India, Myanmar",BGD,2023-05-13 01:00:00,2023-05-15 01:00:00,2023-05-16 11:25:47,GLOFAS,"{'severity': 0.0, 'severitytext': 'Magnitude 0 ', 'severityunit': ''}"
GDACS_FL_1102974,GDACS_FL_1102974,GDACS,FLOOD,2024,10,2024-10-20 01:00:00,day,20.5431,84.6897,exact,Odisha,Boudh,6.0,,,Red,3.0,Flood in India,2.0,,FL-2024-000197-IND,India,IND,2024-10-20 01:00:00,2024-10-26 01:00:00,2024-10-28 08:01:26,GLOFAS,"{'severity': 0.0, 'severitytext': 'Magnitude 0 ', 'severityunit': ''}"
GDACS_FL_1102678,GDACS_FL_1102678,GDACS,FLOOD,2024,6,2024-06-10 01:00:00,day,27.1303,80.8597,exact,Uttar Pradesh,Sitapur,98.0,,,Orange,2.0,Flood in India,30.0,,FL-2024-000108-NPL,India,IND,2024-06-10 01:00:00,2024-09-16 01:00:00,2024-10-09 03:37:14,GLOFAS,"{'severity': 0.0, 'severitytext': 'Magnitude 0 ', 'severityunit': ''}"
GDACS_FL_1102458,GDACS_FL_1102458,GDACS,FLOOD,2024,2,2024-02-03 01:00:00,day,-4.491,136.5084,exact,,,130.0,,,Orange,2.0,Flood in Indonesia,44.0,,FL-2024-000026-IDN,Indonesia,IDN,2024-02-03 01:00:00,2024-06-12 01:00:00,2024-07-02 20:26:11,GLOFAS,"{'severity': 0.0, 'severitytext': 'Magnitude 0 ', 'severityunit': ''}"
GDACS_FL_1103646,GDACS_FL_1103646,GDACS,FLOOD,2025,12,2025-12-03 01:00:00,day,13.8284,100.5684,exact,,,3.0,,,Red,3.0,"Flood in Indonesia, Malaysia, Thailand",4.0,,,"Indonesia, Malaysia, Thailand",IDN,2025-12-03 01:00:00,2025-12-06 01:00:00,2025-12-10 10:21:22,GLOFAS,"{'severity': 0.0, 'severitytext': 'Magnitude 0 ', 'severityunit': ''}"
GDACS_FL_1103434,GDACS_FL_1103434,GDACS,FLOOD,2025,8,2025-08-16 01:00:00,day,31.3678,76.6203,exact,Himachal Pradesh,Bilaspur,54.0,,,Orange,2.0,Flood in India,26.0,,FL-2025-000171-IND,India,IND,2025-08-16 01:00:00,2025-10-09 01:00:00,2025-10-09 21:45:03,GLOFAS,"{'severity': 0.0, 'severitytext': 'Magnitude 0 ', 'severityunit': ''}"
GDACS_FL_1103633,GDACS_FL_1103633,GDACS,FLOOD,2025,11,2025-11-17 01:00:00,day,-8.7893,117.1462,exact,,,47.0,,,Orange,2.0,Flood in Indonesia,19.0,,FL-2025-000217-IDN,Indonesia,IDN,2025-11-17 01:00:00,2026-01-03 01:00:00,,GLOFAS,"{'severity': 0.0, 'severitytext': 'Magnitude 0 ', 'severityunit': ''}"
